
2026/1/26   20:14:47s :: GETon /api/vehicle   404  15ms
2026/1/26   20:15:8s :: POSTon /api/vehicle   404  4ms
2026/1/26   20:21:6s :: POSTon /api/vehicle   404  10ms
2026/1/26   23:53:34s :: POSTon /api/vehicle   404  10ms
2026/1/26   23:53:41s :: GETon /api/vehicle   404  2ms
2026/1/26   23:53:48s :: GETon /api/vehicle   404  3ms
2026/1/26   23:55:38s :: GETon /api/vechile   200  66ms
2026/1/26   23:55:45s :: POSTon /api/vechile   500  3ms
2026/1/27   0:3:19s :: POSTon /api/vechile   401  10ms
2026/1/27   0:3:32s :: GETon /api/vechile   200  14ms
2026/1/27   0:38:20s :: POSTon /api/vechile   401  10ms
2026/1/27   0:40:47s :: POSTon /api/auth/register   404  624ms
2026/1/27   0:41:15s :: POSTon /api/auth/login   201  212ms
2026/1/27   0:41:24s :: POSTon /api/vechile   401  2ms
2026/1/27   0:41:35s :: POSTon /api/auth/login   201  357ms
2026/1/27   0:42:54s :: POSTon /api/auth/login   201  201ms
2026/1/27   0:43:8s :: POSTon /api/vechile   401  4ms
2026/1/27   0:50:15s :: POSTon /api/vechile   500  15ms
2026/1/27   0:54:4s :: POSTon /api/vechile   400  15ms
2026/1/27   0:55:47s :: POSTon /api/vechile   400  91ms
2026/1/27   0:57:10s :: POSTon /api/vechile   400  52ms
2026/1/27   0:57:49s :: POSTon /api/vechile   400  13ms
2026/1/27   1:7:0s :: POSTon /api/vechile   500  46ms
2026/1/27   1:8:33s :: POSTon /api/vechile   500  68ms
2026/1/27   1:10:47s :: POSTon /api/vechile   500  57ms
2026/1/27   1:12:51s :: POSTon /api/vechile   500  35ms
2026/1/27   1:14:27s :: POSTon /api/vechile   500  50ms
2026/1/27   1:15:17s :: POSTon /api/vechile   500  45ms
2026/1/27   8:56:34s :: GETon /favicon.ico   404  16ms
2026/1/27   8:56:34s :: GETon /favicon.ico   404  1ms
2026/1/27   8:56:34s :: GETon /favicon.ico   404  4ms
2026/1/27   8:56:34s :: GETon /favicon.ico   404  1ms
2026/1/27   8:56:34s :: GETon /favicon.ico   404  2ms
2026/1/27   8:56:34s :: GETon /favicon.ico   404  3ms
2026/1/27   8:56:34s :: GETon /favicon.ico   404  1ms
2026/1/27   8:56:34s :: GETon /favicon.ico   404  2ms
2026/1/27   8:56:34s :: GETon /favicon.ico   404  4ms
2026/1/27   8:56:34s :: GETon /favicon.ico   404  2ms
2026/1/27   8:56:34s :: GETon /favicon.ico   404  1ms
2026/1/27   8:56:34s :: GETon /favicon.ico   404  1ms
2026/1/27   8:56:34s :: GETon /favicon.ico   404  1ms
2026/1/27   8:56:34s :: GETon /favicon.ico   404  2ms
2026/1/27   8:56:35s :: GETon /favicon.ico   404  1ms
2026/1/27   15:31:12s :: POSTon /api/auth/logout   200  125ms
2026/1/27   15:31:42s :: POSTon /api/auth/login   400  309ms
2026/1/27   15:31:56s :: POSTon /api/auth/login   201  425ms
2026/1/27   16:2:42s :: GETon /favicon.ico   404  15ms
2026/1/27   16:2:42s :: GETon /favicon.ico   404  1ms
2026/1/27   16:2:42s :: GETon /favicon.ico   404  2ms
2026/1/27   16:2:42s :: GETon /favicon.ico   404  1ms
2026/1/27   16:2:42s :: GETon /favicon.ico   404  1ms
2026/1/27   16:2:42s :: GETon /favicon.ico   404  1ms
2026/1/27   16:2:42s :: GETon /favicon.ico   404  1ms
2026/1/27   16:2:42s :: GETon /favicon.ico   404  3ms
2026/1/27   16:2:42s :: GETon /favicon.ico   404  2ms
2026/1/27   16:2:42s :: GETon /favicon.ico   404  3ms
2026/1/27   16:2:42s :: GETon /favicon.ico   404  2ms
2026/1/27   16:2:42s :: GETon /favicon.ico   404  1ms
2026/1/27   16:2:42s :: GETon /favicon.ico   404  2ms
2026/1/27   16:2:42s :: GETon /favicon.ico   404  1ms
2026/1/27   16:2:43s :: GETon /favicon.ico   404  1ms
2026/1/27   16:2:43s :: GETon /favicon.ico   404  1ms
2026/1/27   16:2:43s :: GETon /favicon.ico   404  1ms
2026/1/27   16:2:43s :: GETon /favicon.ico   404  2ms
2026/1/27   16:2:43s :: GETon /favicon.ico   404  2ms
2026/1/27   16:2:43s :: GETon /favicon.ico   404  1ms
2026/1/27   16:2:43s :: GETon /favicon.ico   404  1ms
2026/1/27   16:2:43s :: GETon /favicon.ico   404  2ms
2026/1/27   16:2:43s :: GETon /favicon.ico   404  1ms
2026/1/27   16:2:43s :: GETon /favicon.ico   404  1ms
2026/1/27   16:2:43s :: GETon /favicon.ico   404  4ms
2026/1/27   16:2:43s :: GETon /favicon.ico   404  1ms
2026/1/27   16:2:43s :: GETon /favicon.ico   404  2ms
2026/1/27   16:2:43s :: GETon /favicon.ico   404  1ms
2026/1/27   16:2:43s :: GETon /favicon.ico   404  1ms
2026/1/27   16:2:43s :: GETon /favicon.ico   404  1ms
2026/1/27   16:2:43s :: GETon /favicon.ico   404  1ms
2026/1/27   16:2:43s :: GETon /favicon.ico   404  1ms
2026/1/27   16:2:43s :: GETon /favicon.ico   404  1ms
2026/1/27   16:2:43s :: GETon /favicon.ico   404  2ms
2026/1/27   16:2:43s :: GETon /favicon.ico   404  1ms
2026/1/27   16:2:43s :: GETon /favicon.ico   404  1ms
2026/1/27   16:2:43s :: GETon /favicon.ico   404  2ms
2026/1/27   16:2:43s :: GETon /favicon.ico   404  1ms
2026/1/27   16:2:43s :: GETon /favicon.ico   404  2ms
2026/1/27   16:2:43s :: GETon /favicon.ico   404  3ms
2026/1/27   16:2:43s :: GETon /favicon.ico   404  2ms
2026/1/27   16:2:43s :: GETon /favicon.ico   404  2ms
2026/1/27   16:2:43s :: GETon /favicon.ico   404  3ms
2026/1/27   16:2:43s :: GETon /favicon.ico   404  3ms
2026/1/27   16:2:43s :: GETon /favicon.ico   404  2ms
2026/1/27   16:2:43s :: GETon /favicon.ico   404  1ms
2026/1/27   16:2:43s :: GETon /favicon.ico   404  1ms
2026/1/27   16:2:43s :: GETon /favicon.ico   404  1ms
2026/1/27   16:2:43s :: GETon /favicon.ico   404  1ms
2026/1/27   16:2:43s :: GETon /favicon.ico   404  2ms
2026/1/27   16:2:43s :: GETon /favicon.ico   404  1ms
2026/1/27   16:2:43s :: GETon /favicon.ico   404  1ms
2026/1/27   16:2:43s :: GETon /favicon.ico   404  2ms
2026/1/27   16:2:43s :: GETon /favicon.ico   404  2ms
2026/1/27   16:2:43s :: GETon /favicon.ico   404  1ms
2026/1/27   16:2:43s :: GETon /favicon.ico   404  2ms
2026/1/27   16:2:43s :: GETon /favicon.ico   404  2ms
2026/1/27   16:2:43s :: GETon /favicon.ico   404  1ms
2026/1/27   16:2:43s :: GETon /favicon.ico   404  2ms
2026/1/27   16:2:43s :: GETon /favicon.ico   404  2ms
2026/1/27   16:2:43s :: GETon /favicon.ico   404  3ms
2026/1/27   16:2:43s :: GETon /favicon.ico   404  2ms
2026/1/27   16:2:43s :: GETon /favicon.ico   404  2ms
2026/1/27   16:2:43s :: GETon /favicon.ico   404  4ms
2026/1/27   16:2:43s :: GETon /favicon.ico   404  2ms
2026/1/27   16:3:4s :: GETon /favicon.ico   404  2ms
2026/1/27   16:3:4s :: GETon /favicon.ico   404  3ms
2026/1/27   16:3:4s :: GETon /favicon.ico   404  1ms
2026/1/27   16:3:4s :: GETon /favicon.ico   404  3ms
2026/1/27   16:3:4s :: GETon /favicon.ico   404  2ms
2026/1/27   16:3:4s :: GETon /favicon.ico   404  2ms
2026/1/27   16:3:4s :: GETon /favicon.ico   404  2ms
2026/1/27   16:3:4s :: GETon /favicon.ico   404  1ms
2026/1/27   16:3:4s :: GETon /favicon.ico   404  2ms
2026/1/27   16:3:5s :: GETon /favicon.ico   404  5ms
2026/1/27   16:3:5s :: GETon /favicon.ico   404  1ms
2026/1/27   16:3:5s :: GETon /favicon.ico   404  1ms
2026/1/27   16:3:5s :: GETon /favicon.ico   404  2ms
2026/1/27   16:3:5s :: GETon /favicon.ico   404  2ms
2026/1/27   16:3:5s :: GETon /favicon.ico   404  1ms
2026/1/27   16:3:5s :: GETon /favicon.ico   404  2ms
2026/1/27   16:3:5s :: GETon /favicon.ico   404  2ms
2026/1/27   16:3:5s :: GETon /favicon.ico   404  1ms
2026/1/27   16:3:5s :: GETon /favicon.ico   404  3ms
2026/1/27   16:3:5s :: GETon /favicon.ico   404  3ms
2026/1/27   16:3:5s :: GETon /favicon.ico   404  3ms
2026/1/27   16:3:5s :: GETon /favicon.ico   404  1ms
2026/1/27   16:3:5s :: GETon /favicon.ico   404  1ms
2026/1/27   16:3:5s :: GETon /favicon.ico   404  1ms
2026/1/27   16:3:5s :: GETon /favicon.ico   404  0ms
2026/1/27   16:3:5s :: GETon /favicon.ico   404  2ms
2026/1/27   16:3:5s :: GETon /favicon.ico   404  2ms
2026/1/27   16:3:5s :: GETon /favicon.ico   404  2ms
2026/1/27   16:3:5s :: GETon /favicon.ico   404  2ms
2026/1/27   16:3:5s :: GETon /favicon.ico   404  2ms
2026/1/27   16:3:5s :: GETon /favicon.ico   404  2ms
2026/1/27   16:3:5s :: GETon /favicon.ico   404  2ms
2026/1/27   16:3:5s :: GETon /favicon.ico   404  2ms
2026/1/27   16:3:5s :: GETon /favicon.ico   404  4ms
2026/1/27   16:3:5s :: GETon /favicon.ico   404  3ms
2026/1/27   16:3:5s :: GETon /favicon.ico   404  2ms
2026/1/27   16:3:5s :: GETon /favicon.ico   404  2ms
2026/1/27   16:3:5s :: GETon /favicon.ico   404  4ms
2026/1/27   16:3:5s :: GETon /favicon.ico   404  2ms
2026/1/27   16:3:6s :: GETon /favicon.ico   404  4ms
2026/1/27   16:3:6s :: GETon /favicon.ico   404  3ms
2026/1/27   16:3:6s :: GETon /favicon.ico   404  1ms
2026/1/27   16:3:6s :: GETon /favicon.ico   404  1ms
2026/1/27   16:3:6s :: GETon /favicon.ico   404  1ms
2026/1/27   16:3:6s :: GETon /favicon.ico   404  2ms
2026/1/27   16:3:6s :: GETon /favicon.ico   404  3ms
2026/1/27   16:3:6s :: GETon /favicon.ico   404  2ms
2026/1/27   16:3:6s :: GETon /favicon.ico   404  3ms
2026/1/27   16:3:6s :: GETon /favicon.ico   404  3ms
2026/1/27   16:3:6s :: GETon /favicon.ico   404  4ms
2026/1/27   16:3:7s :: GETon /favicon.ico   404  2ms
2026/1/27   16:3:8s :: GETon /favicon.ico   404  2ms
2026/1/27   16:3:8s :: GETon /favicon.ico   404  3ms
2026/1/27   16:3:8s :: GETon /favicon.ico   404  2ms
2026/1/27   16:3:8s :: GETon /favicon.ico   404  12ms
2026/1/27   16:3:8s :: GETon /favicon.ico   404  3ms
2026/1/27   16:3:8s :: GETon /favicon.ico   404  3ms
2026/1/27   16:3:8s :: GETon /favicon.ico   404  3ms
2026/1/27   16:3:8s :: GETon /favicon.ico   404  2ms
2026/1/27   16:3:8s :: GETon /favicon.ico   404  2ms
2026/1/27   16:3:8s :: GETon /favicon.ico   404  1ms
2026/1/27   16:3:8s :: GETon /favicon.ico   404  1ms
2026/1/27   16:3:8s :: GETon /favicon.ico   404  2ms
2026/1/27   16:3:8s :: GETon /favicon.ico   404  1ms
2026/1/27   16:3:8s :: GETon /favicon.ico   404  2ms
2026/1/27   16:3:8s :: GETon /favicon.ico   404  1ms
2026/1/27   16:3:8s :: GETon /favicon.ico   404  2ms
2026/1/27   16:3:8s :: GETon /favicon.ico   404  1ms
2026/1/27   16:3:8s :: GETon /favicon.ico   404  2ms
2026/1/27   16:3:8s :: GETon /favicon.ico   404  1ms
2026/1/27   16:3:8s :: GETon /favicon.ico   404  2ms
2026/1/27   16:3:8s :: GETon /favicon.ico   404  2ms
2026/1/27   16:3:8s :: GETon /favicon.ico   404  1ms
2026/1/27   16:3:8s :: GETon /favicon.ico   404  2ms
2026/1/27   16:3:8s :: GETon /favicon.ico   404  2ms
2026/1/27   16:3:8s :: GETon /favicon.ico   404  2ms
2026/1/27   16:3:8s :: GETon /favicon.ico   404  1ms
2026/1/27   16:3:8s :: GETon /favicon.ico   404  2ms
2026/1/27   16:3:8s :: GETon /favicon.ico   404  2ms
2026/1/27   16:3:8s :: GETon /favicon.ico   404  1ms
2026/1/27   16:3:8s :: GETon /favicon.ico   404  2ms
2026/1/27   16:3:8s :: GETon /favicon.ico   404  1ms
2026/1/27   16:3:8s :: GETon /favicon.ico   404  1ms
2026/1/27   16:3:8s :: GETon /favicon.ico   404  2ms
2026/1/27   16:3:8s :: GETon /favicon.ico   404  1ms
2026/1/27   16:3:8s :: GETon /favicon.ico   404  2ms
2026/1/27   16:3:8s :: GETon /favicon.ico   404  2ms
2026/1/27   16:3:8s :: GETon /favicon.ico   404  2ms
2026/1/27   16:3:8s :: GETon /favicon.ico   404  3ms
2026/1/27   16:3:8s :: GETon /favicon.ico   404  2ms
2026/1/27   16:3:8s :: GETon /favicon.ico   404  2ms
2026/1/27   16:3:8s :: GETon /favicon.ico   404  1ms
2026/1/27   16:3:8s :: GETon /favicon.ico   404  2ms
2026/1/27   16:3:8s :: GETon /favicon.ico   404  2ms
2026/1/27   16:3:8s :: GETon /favicon.ico   404  2ms
2026/1/27   16:3:8s :: GETon /favicon.ico   404  1ms
2026/1/27   16:3:8s :: GETon /favicon.ico   404  2ms
2026/1/27   16:3:8s :: GETon /favicon.ico   404  1ms
2026/1/27   16:3:9s :: GETon /favicon.ico   404  2ms
2026/1/27   16:3:9s :: GETon /favicon.ico   404  2ms
2026/1/27   16:3:9s :: GETon /favicon.ico   404  2ms
2026/1/27   16:3:9s :: GETon /favicon.ico   404  3ms
2026/1/27   16:3:9s :: GETon /favicon.ico   404  2ms
2026/1/27   16:3:9s :: GETon /favicon.ico   404  1ms
2026/1/27   16:3:9s :: GETon /favicon.ico   404  1ms
2026/1/27   16:3:9s :: GETon /favicon.ico   404  1ms
2026/1/27   16:3:9s :: GETon /favicon.ico   404  1ms
2026/1/27   16:3:9s :: GETon /favicon.ico   404  2ms
2026/1/27   16:3:9s :: GETon /favicon.ico   404  2ms
2026/1/27   16:3:9s :: GETon /favicon.ico   404  2ms
2026/1/27   16:3:9s :: GETon /favicon.ico   404  2ms
2026/1/27   16:3:9s :: GETon /favicon.ico   404  3ms
2026/1/27   16:3:9s :: GETon /favicon.ico   404  4ms
2026/1/27   16:3:9s :: GETon /favicon.ico   404  6ms
2026/1/27   16:3:9s :: GETon /favicon.ico   404  3ms
2026/1/27   16:3:9s :: GETon /favicon.ico   404  2ms
2026/1/27   16:3:9s :: GETon /favicon.ico   404  1ms
2026/1/27   16:3:9s :: GETon /favicon.ico   404  2ms
2026/1/27   16:3:9s :: GETon /favicon.ico   404  2ms
2026/1/27   16:3:9s :: GETon /favicon.ico   404  3ms
2026/1/27   16:3:9s :: GETon /favicon.ico   404  3ms
2026/1/27   16:3:9s :: GETon /favicon.ico   404  2ms
2026/1/27   16:3:9s :: GETon /favicon.ico   404  2ms
2026/1/27   16:3:9s :: GETon /favicon.ico   404  2ms
2026/1/27   16:3:9s :: GETon /favicon.ico   404  2ms
2026/1/27   16:3:9s :: GETon /favicon.ico   404  2ms
2026/1/27   16:3:9s :: GETon /favicon.ico   404  2ms
2026/1/27   16:3:9s :: GETon /favicon.ico   404  3ms
2026/1/27   16:3:9s :: GETon /favicon.ico   404  2ms
2026/1/27   16:3:9s :: GETon /favicon.ico   404  2ms
2026/1/27   16:3:9s :: GETon /favicon.ico   404  3ms
2026/1/27   16:3:9s :: GETon /favicon.ico   404  3ms
2026/1/27   16:3:9s :: GETon /favicon.ico   404  3ms
2026/1/27   16:3:9s :: GETon /favicon.ico   404  2ms
2026/1/27   16:3:9s :: GETon /favicon.ico   404  3ms
2026/1/27   16:3:9s :: GETon /favicon.ico   404  3ms
2026/1/27   16:3:9s :: GETon /favicon.ico   404  2ms
2026/1/27   16:3:9s :: GETon /favicon.ico   404  2ms
2026/1/27   16:3:9s :: GETon /favicon.ico   404  2ms
2026/1/27   16:3:9s :: GETon /favicon.ico   404  1ms
2026/1/27   16:3:9s :: GETon /favicon.ico   404  3ms
2026/1/27   16:3:10s :: GETon /favicon.ico   404  3ms
2026/1/27   16:3:10s :: GETon /favicon.ico   404  4ms
2026/1/27   16:3:10s :: GETon /favicon.ico   404  3ms
2026/1/27   16:3:10s :: GETon /favicon.ico   404  3ms
2026/1/27   16:3:10s :: GETon /favicon.ico   404  3ms
2026/1/27   16:3:10s :: GETon /favicon.ico   404  2ms
2026/1/27   16:3:10s :: GETon /favicon.ico   404  2ms
2026/1/27   16:3:10s :: GETon /favicon.ico   404  2ms
2026/1/27   16:3:10s :: GETon /favicon.ico   404  3ms
2026/1/27   16:3:10s :: GETon /favicon.ico   404  3ms
2026/1/27   16:3:10s :: GETon /favicon.ico   404  2ms
2026/1/27   16:3:10s :: GETon /favicon.ico   404  2ms
2026/1/27   16:3:10s :: GETon /favicon.ico   404  3ms
2026/1/27   16:3:10s :: GETon /favicon.ico   404  2ms
2026/1/27   16:3:10s :: GETon /favicon.ico   404  2ms
2026/1/27   16:3:10s :: GETon /favicon.ico   404  3ms
2026/1/27   16:3:10s :: GETon /favicon.ico   404  3ms
2026/1/27   16:3:10s :: GETon /favicon.ico   404  4ms
2026/1/27   16:3:10s :: GETon /favicon.ico   404  2ms
2026/1/27   16:3:10s :: GETon /favicon.ico   404  3ms
2026/1/27   16:3:10s :: GETon /favicon.ico   404  2ms
2026/1/27   16:3:10s :: GETon /favicon.ico   404  3ms
2026/1/27   16:3:10s :: GETon /favicon.ico   404  6ms
2026/1/27   16:3:10s :: GETon /favicon.ico   404  4ms
2026/1/27   16:3:10s :: GETon /favicon.ico   404  3ms
2026/1/27   16:3:10s :: GETon /favicon.ico   404  1ms
2026/1/27   16:3:10s :: GETon /favicon.ico   404  1ms
2026/1/27   16:3:10s :: GETon /favicon.ico   404  3ms
2026/1/27   16:3:10s :: GETon /favicon.ico   404  2ms
2026/1/27   16:3:10s :: GETon /favicon.ico   404  3ms
2026/1/27   16:3:10s :: GETon /favicon.ico   404  2ms
2026/1/27   16:3:10s :: GETon /favicon.ico   404  3ms
2026/1/27   16:3:10s :: GETon /favicon.ico   404  2ms
2026/1/27   16:3:10s :: GETon /favicon.ico   404  2ms
2026/1/27   16:3:10s :: GETon /favicon.ico   404  2ms
2026/1/27   16:3:10s :: GETon /favicon.ico   404  4ms
2026/1/27   16:3:10s :: GETon /favicon.ico   404  2ms
2026/1/27   16:3:11s :: GETon /favicon.ico   404  4ms
2026/1/27   16:3:11s :: GETon /favicon.ico   404  3ms
2026/1/27   16:3:11s :: GETon /favicon.ico   404  3ms
2026/1/27   16:3:11s :: GETon /favicon.ico   404  3ms
2026/1/27   16:3:11s :: GETon /favicon.ico   404  4ms
2026/1/27   16:3:11s :: GETon /favicon.ico   404  2ms
2026/1/27   16:3:11s :: GETon /favicon.ico   404  3ms
2026/1/27   16:3:11s :: GETon /favicon.ico   404  4ms
2026/1/27   16:3:11s :: GETon /favicon.ico   404  3ms
2026/1/27   16:3:11s :: GETon /favicon.ico   404  1ms
2026/1/27   16:3:11s :: GETon /favicon.ico   404  2ms
2026/1/27   16:3:11s :: GETon /favicon.ico   404  1ms
2026/1/27   16:3:11s :: GETon /favicon.ico   404  2ms
2026/1/27   16:3:11s :: GETon /favicon.ico   404  0ms
2026/1/27   16:3:11s :: GETon /favicon.ico   404  2ms
2026/1/27   16:3:11s :: GETon /favicon.ico   404  2ms
2026/1/27   16:3:11s :: GETon /favicon.ico   404  2ms
2026/1/27   16:3:11s :: GETon /favicon.ico   404  3ms
2026/1/27   16:3:11s :: GETon /favicon.ico   404  1ms
2026/1/27   16:3:11s :: GETon /favicon.ico   404  2ms
2026/1/27   16:3:11s :: GETon /favicon.ico   404  2ms
2026/1/27   16:3:11s :: GETon /favicon.ico   404  3ms
2026/1/27   16:3:11s :: GETon /favicon.ico   404  2ms
2026/1/27   16:3:11s :: GETon /favicon.ico   404  2ms
2026/1/27   16:3:11s :: GETon /favicon.ico   404  2ms
2026/1/27   16:3:11s :: GETon /favicon.ico   404  4ms
2026/1/27   16:3:11s :: GETon /favicon.ico   404  2ms
2026/1/27   16:3:11s :: GETon /favicon.ico   404  2ms
2026/1/27   16:3:11s :: GETon /favicon.ico   404  3ms
2026/1/27   16:3:11s :: GETon /favicon.ico   404  2ms
2026/1/27   16:3:11s :: GETon /favicon.ico   404  3ms
2026/1/27   16:3:11s :: GETon /favicon.ico   404  3ms
2026/1/27   16:3:11s :: GETon /favicon.ico   404  3ms
2026/1/27   16:3:11s :: GETon /favicon.ico   404  2ms
2026/1/27   16:3:11s :: GETon /favicon.ico   404  1ms
2026/1/27   16:3:11s :: GETon /favicon.ico   404  1ms
2026/1/27   16:3:11s :: GETon /favicon.ico   404  2ms
2026/1/27   16:3:11s :: GETon /favicon.ico   404  1ms
2026/1/27   16:3:12s :: GETon /favicon.ico   404  1ms
2026/1/27   16:3:12s :: GETon /favicon.ico   404  2ms
2026/1/27   16:3:12s :: GETon /favicon.ico   404  1ms
2026/1/27   16:3:12s :: GETon /favicon.ico   404  2ms
2026/1/27   16:3:12s :: GETon /favicon.ico   404  2ms
2026/1/27   16:3:12s :: GETon /favicon.ico   404  2ms
2026/1/27   16:3:12s :: GETon /favicon.ico   404  2ms
2026/1/27   16:3:12s :: GETon /favicon.ico   404  3ms
2026/1/27   16:3:12s :: GETon /favicon.ico   404  3ms
2026/1/27   16:3:12s :: GETon /favicon.ico   404  3ms
2026/1/27   16:3:12s :: GETon /favicon.ico   404  3ms
2026/1/27   16:3:12s :: GETon /favicon.ico   404  2ms
2026/1/27   16:3:12s :: GETon /favicon.ico   404  2ms
2026/1/27   16:3:12s :: GETon /favicon.ico   404  3ms
2026/1/27   16:3:12s :: GETon /favicon.ico   404  2ms
2026/1/27   16:3:12s :: GETon /favicon.ico   404  3ms
2026/1/27   16:3:12s :: GETon /favicon.ico   404  3ms
2026/1/27   16:3:12s :: GETon /favicon.ico   404  2ms
2026/1/27   16:3:12s :: GETon /favicon.ico   404  3ms
2026/1/27   16:3:12s :: GETon /favicon.ico   404  3ms
2026/1/27   16:3:12s :: GETon /favicon.ico   404  2ms
2026/1/27   16:3:12s :: GETon /favicon.ico   404  2ms
2026/1/27   16:3:12s :: GETon /favicon.ico   404  3ms
2026/1/27   16:3:12s :: GETon /favicon.ico   404  4ms
2026/1/27   16:3:12s :: GETon /favicon.ico   404  3ms
2026/1/27   16:3:12s :: GETon /favicon.ico   404  2ms
2026/1/27   16:3:12s :: GETon /favicon.ico   404  3ms
2026/1/27   16:3:12s :: GETon /favicon.ico   404  3ms
2026/1/27   16:3:12s :: GETon /favicon.ico   404  2ms
2026/1/27   16:3:12s :: GETon /favicon.ico   404  4ms
2026/1/27   16:3:12s :: GETon /favicon.ico   404  2ms
2026/1/27   16:3:12s :: GETon /favicon.ico   404  2ms
2026/1/27   16:3:12s :: GETon /favicon.ico   404  3ms
2026/1/27   16:3:12s :: GETon /favicon.ico   404  3ms
2026/1/27   16:3:12s :: GETon /favicon.ico   404  2ms
2026/1/27   16:3:12s :: GETon /favicon.ico   404  3ms
2026/1/27   16:3:12s :: GETon /favicon.ico   404  3ms
2026/1/27   16:3:13s :: GETon /favicon.ico   404  3ms
2026/1/27   16:3:13s :: GETon /favicon.ico   404  2ms
2026/1/27   16:3:13s :: GETon /favicon.ico   404  2ms
2026/1/27   16:3:13s :: GETon /favicon.ico   404  1ms
2026/1/27   16:3:13s :: GETon /favicon.ico   404  3ms
2026/1/27   16:3:13s :: GETon /favicon.ico   404  1ms
2026/1/27   16:3:13s :: GETon /favicon.ico   404  1ms
2026/1/27   16:3:13s :: GETon /favicon.ico   404  2ms
2026/1/27   16:3:13s :: GETon /favicon.ico   404  2ms
2026/1/27   16:3:13s :: GETon /favicon.ico   404  1ms
2026/1/27   16:3:13s :: GETon /favicon.ico   404  1ms
2026/1/27   16:3:13s :: GETon /favicon.ico   404  1ms
2026/1/27   16:3:13s :: GETon /favicon.ico   404  2ms
2026/1/27   16:3:13s :: GETon /favicon.ico   404  2ms
2026/1/27   16:3:13s :: GETon /favicon.ico   404  2ms
2026/1/27   16:3:13s :: GETon /favicon.ico   404  3ms
2026/1/27   16:3:13s :: GETon /favicon.ico   404  2ms
2026/1/27   16:3:13s :: GETon /favicon.ico   404  2ms
2026/1/27   16:3:13s :: GETon /favicon.ico   404  3ms
2026/1/27   16:3:13s :: GETon /favicon.ico   404  3ms
2026/1/27   16:3:13s :: GETon /favicon.ico   404  2ms
2026/1/27   16:3:13s :: GETon /favicon.ico   404  1ms
2026/1/27   16:3:13s :: GETon /favicon.ico   404  1ms
2026/1/27   16:3:13s :: GETon /favicon.ico   404  2ms
2026/1/27   16:3:13s :: GETon /favicon.ico   404  4ms
2026/1/27   16:3:13s :: GETon /favicon.ico   404  1ms
2026/1/27   16:3:13s :: GETon /favicon.ico   404  3ms
2026/1/27   16:3:13s :: GETon /favicon.ico   404  2ms
2026/1/27   16:3:13s :: GETon /favicon.ico   404  4ms
2026/1/27   16:3:13s :: GETon /favicon.ico   404  2ms
2026/1/27   16:3:13s :: GETon /favicon.ico   404  3ms
2026/1/27   16:3:13s :: GETon /favicon.ico   404  2ms
2026/1/27   16:3:13s :: GETon /favicon.ico   404  3ms
2026/1/27   16:3:13s :: GETon /favicon.ico   404  3ms
2026/1/27   16:3:13s :: GETon /favicon.ico   404  2ms
2026/1/28   15:30:45s :: GETon /favicon.ico   404  11ms
2026/1/28   15:30:45s :: GETon /favicon.ico   404  1ms
2026/1/28   15:30:45s :: GETon /favicon.ico   404  2ms
2026/1/28   15:30:45s :: GETon /favicon.ico   404  2ms
2026/1/28   15:30:45s :: GETon /favicon.ico   404  2ms
2026/1/28   15:30:45s :: GETon /favicon.ico   404  1ms
2026/1/28   15:30:45s :: GETon /favicon.ico   404  1ms
2026/1/28   15:30:45s :: GETon /favicon.ico   404  1ms
2026/1/28   15:30:45s :: GETon /favicon.ico   404  2ms
2026/1/28   15:30:45s :: GETon /favicon.ico   404  1ms
2026/1/28   15:30:45s :: GETon /favicon.ico   404  1ms
2026/1/28   15:30:45s :: GETon /favicon.ico   404  1ms
2026/1/28   15:30:45s :: GETon /favicon.ico   404  1ms
2026/1/28   15:30:45s :: GETon /favicon.ico   404  1ms
2026/1/28   15:30:45s :: GETon /favicon.ico   404  1ms
2026/1/28   15:30:45s :: GETon /favicon.ico   404  0ms
2026/1/28   15:30:45s :: GETon /favicon.ico   404  1ms
2026/1/28   15:30:45s :: GETon /favicon.ico   404  1ms
2026/1/28   15:30:45s :: GETon /favicon.ico   404  1ms
2026/1/28   15:30:45s :: GETon /favicon.ico   404  1ms
2026/1/28   15:30:45s :: GETon /favicon.ico   404  1ms
2026/1/28   15:30:45s :: GETon /favicon.ico   404  1ms
2026/1/28   15:30:45s :: GETon /favicon.ico   404  1ms
2026/1/28   15:30:46s :: GETon /favicon.ico   404  1ms
2026/1/28   15:30:46s :: GETon /favicon.ico   404  1ms
2026/1/28   15:30:46s :: GETon /favicon.ico   404  1ms
2026/1/28   15:30:46s :: GETon /favicon.ico   404  0ms
2026/1/28   15:30:46s :: GETon /favicon.ico   404  1ms
2026/1/28   15:30:46s :: GETon /favicon.ico   404  1ms
2026/1/28   15:30:46s :: GETon /favicon.ico   404  0ms
2026/1/28   15:30:46s :: GETon /favicon.ico   404  1ms
2026/1/28   15:30:46s :: GETon /favicon.ico   404  1ms
2026/1/28   15:30:46s :: GETon /favicon.ico   404  2ms
2026/1/28   15:30:46s :: GETon /favicon.ico   404  1ms
2026/1/28   15:30:46s :: GETon /favicon.ico   404  1ms
2026/1/28   15:30:46s :: GETon /favicon.ico   404  2ms
2026/1/28   15:30:46s :: GETon /favicon.ico   404  1ms
2026/1/28   15:30:46s :: GETon /favicon.ico   404  1ms
2026/1/28   15:30:46s :: GETon /favicon.ico   404  1ms
2026/1/28   15:30:46s :: GETon /favicon.ico   404  1ms
2026/1/28   15:30:46s :: GETon /favicon.ico   404  1ms
2026/1/28   15:30:46s :: GETon /favicon.ico   404  2ms
2026/1/28   15:37:49s :: GETon /favicon.ico   404  2ms
2026/1/28   15:37:49s :: GETon /favicon.ico   404  0ms
2026/1/28   15:37:49s :: GETon /favicon.ico   404  1ms
2026/1/28   15:37:49s :: GETon /favicon.ico   404  2ms
2026/1/28   15:44:2s :: POSTon /api/vechile   500  48ms
2026/1/28   15:45:3s :: POSTon /api/vechile   500  9ms
2026/1/28   15:45:17s :: POSTon /api/vechile   500  17ms
2026/1/28   15:45:20s :: POSTon /api/vechile   500  8ms
2026/1/28   15:45:38s :: POSTon /api/vechile   500  9ms
2026/1/28   16:30:22s :: GETon /api/vechile   200  51ms
2026/1/28   17:34:15s :: POSTon /api/vechile   400  14ms
2026/1/28   17:34:31s :: POSTon /api/vechile   400  2ms
2026/1/28   17:35:34s :: POSTon /api/vechile   500  14ms
2026/1/28   17:35:57s :: POSTon /api/vechile   500  12ms
2026/1/28   17:39:5s :: POSTon /api/vechile   500  79ms
2026/1/28   17:41:17s :: POSTon /api/vechile   500  107ms
2026/1/28   17:42:31s :: POSTon /api/vechile   500  114ms
2026/1/28   17:45:9s :: POSTon /api/vechile   500  229ms
2026/1/28   17:46:3s :: POSTon /api/vechile   200  84ms
2026/1/28   17:46:36s :: POSTon /api/vechile   500  34ms
2026/1/28   17:46:42s :: POSTon /api/vechile   500  16ms
2026/1/28   17:46:47s :: GETon /api/vechile   200  12ms
2026/1/28   17:47:2s :: GETon /api/vechile   200  24ms
2026/1/28   22:42:11s :: GETon /api/vechile   200  54ms
2026/1/28   22:42:36s :: GETon /api/vechile/6979fa7fd3a36a06f3977470   500  33ms
2026/1/28   22:43:32s :: GETon /api/vechile/6979fa7fd3a36a06f3977470   500  57ms
2026/1/28   22:43:57s :: GETon /api/vechile/6979fa7fd3a36a06f3977470   200  49ms
2026/1/28   22:44:41s :: GETon /api/vechile/6979fa7fd3a36a06f3977470   200  86ms
2026/1/28   22:45:24s :: GETon /api/vechile/6979fa7fd3a36a06f3977470   200  22ms
2026/1/28   22:45:29s :: GETon /api/vechile/6979fa7fd3a36a06f3977470   200  15ms
2026/1/28   22:46:13s :: GETon /api/vechile/6979fa7fd3a36a06f3977470   200  109ms
2026/1/28   23:22:15s :: PUTon /api/vechile/6979fa7fd3a36a06f3977470   400  23ms
2026/1/28   23:26:49s :: PUTon /api/vechile/6979fa7fd3a36a06f3977470   400  4ms
2026/1/28   23:27:13s :: PUTon /api/vechile/6979fa7fd3a36a06f3977470   200  93ms
2026/1/28   23:28:55s :: PUTon /api/vechile/6979fa7fd3a36a06f3977470   200  128ms
2026/1/28   23:55:34s :: DELETEon /api/vechile/6979fa7fd3a36a06f3977470/delete   200  68ms
2026/1/28   23:55:50s :: GETon /api/vechile/6979fa7fd3a36a06f3977470   200  40ms
2026/1/28   23:58:1s :: GETon /api/vechile/6979fa7fd3a36a06f3977470   200  79ms
2026/1/28   23:58:13s :: GETon /api/vechile/6979fa7fd3a36a06f3977470/delete   404  5ms
2026/1/29   0:2:43s :: GETon /api/vechile/6979fa7fd3a36a06f3977470/delete   404  12ms
2026/1/29   0:2:50s :: GETon /api/vechile/6979fa7fd3a36a06f3977470   200  73ms
2026/1/29   0:2:58s :: POSTon /api/vechile/6979fa7fd3a36a06f3977470   404  2ms
2026/1/29   0:3:5s :: POSTon /api/vechile   500  6ms
2026/1/29   0:3:13s :: GETon /api/vechile   200  18ms
2026/1/29   0:3:47s :: DELETEon /api/vechile/6979f9611cc11c547b259808/delete   200  21ms
2026/1/29   0:4:0s :: GETon /api/vechile   200  9ms
2026/1/29   0:4:24s :: GETon /api/vechile/6979fa7fd3a36a06f3977470/delete   404  4ms
2026/1/29   0:4:34s :: DELETEon /api/vechile/6979fa7fd3a36a06f3977470/delete   200  15ms
2026/1/29   0:4:46s :: GETon /api/vechile   200  6ms
2026/1/29   11:27:0s :: POSTon /api/booking   500  37ms
2026/1/29   11:28:35s :: POSTon /api/booking   500  39ms
2026/1/29   11:29:11s :: POSTon /api/booking   500  63ms
2026/1/29   11:29:13s :: POSTon /api/booking   500  12ms
2026/1/29   11:29:15s :: POSTon /api/booking   500  8ms
2026/1/29   11:29:27s :: POSTon /api/booking   500  44ms
2026/1/29   11:29:39s :: POSTon /api/booking   500  45ms
2026/1/29   11:36:27s :: POSTon /api/booking   500  55ms
2026/1/29   11:37:32s :: POSTon /api/booking   404  16ms
2026/1/29   11:39:50s :: POSTon /api/booking   500  92ms
2026/1/29   11:46:47s :: POSTon /api/booking   500  56ms
2026/1/29   11:47:13s :: POSTon /api/booking   500  60ms
2026/1/29   11:47:56s :: POSTon /api/booking   500  106ms
2026/1/29   11:48:16s :: GETon /api/vechile/6979fa7fd3a36a06f39774   500  14ms
2026/1/29   11:48:31s :: GETon /api/vechile   200  8ms
2026/1/29   11:48:39s :: POSTon /api/vechile   500  12ms
2026/1/29   11:48:47s :: PUTon /api/vechile   404  2ms
2026/1/29   11:48:54s :: POSTon /api/vechile   500  17ms
2026/1/29   11:49:10s :: POSTon /api/vechile   500  8ms
2026/1/29   11:50:31s :: POSTon /api/vechile   500  45ms
2026/1/29   11:50:53s :: GETon /favicon.ico   404  5ms
2026/1/29   11:50:53s :: GETon /favicon.ico   404  4ms
2026/1/29   11:50:53s :: GETon /favicon.ico   404  2ms
2026/1/29   11:50:53s :: GETon /favicon.ico   404  2ms
2026/1/29   11:50:54s :: GETon /favicon.ico   404  2ms
2026/1/29   11:50:54s :: GETon /favicon.ico   404  2ms
2026/1/29   11:50:54s :: GETon /favicon.ico   404  3ms
2026/1/29   11:50:54s :: GETon /favicon.ico   404  3ms
2026/1/29   11:50:54s :: GETon /favicon.ico   404  2ms
2026/1/29   11:50:54s :: GETon /favicon.ico   404  1ms
2026/1/29   11:50:54s :: GETon /favicon.ico   404  2ms
2026/1/29   11:50:54s :: GETon /favicon.ico   404  2ms
2026/1/29   11:50:54s :: GETon /favicon.ico   404  2ms
2026/1/29   11:50:54s :: GETon /favicon.ico   404  1ms
2026/1/29   11:50:54s :: GETon /favicon.ico   404  0ms
2026/1/29   11:50:54s :: GETon /favicon.ico   404  2ms
2026/1/29   11:50:54s :: GETon /favicon.ico   404  1ms
2026/1/29   11:50:54s :: GETon /favicon.ico   404  1ms
2026/1/29   11:50:54s :: GETon /favicon.ico   404  1ms
2026/1/29   11:50:54s :: GETon /favicon.ico   404  1ms
2026/1/29   11:50:54s :: GETon /favicon.ico   404  1ms
2026/1/29   11:50:54s :: GETon /favicon.ico   404  1ms
2026/1/29   11:50:54s :: GETon /favicon.ico   404  2ms
2026/1/29   11:50:54s :: GETon /favicon.ico   404  1ms
2026/1/29   11:50:54s :: GETon /favicon.ico   404  1ms
2026/1/29   11:50:54s :: GETon /favicon.ico   404  1ms
2026/1/29   11:50:54s :: GETon /favicon.ico   404  1ms
2026/1/29   11:50:54s :: GETon /favicon.ico   404  2ms
2026/1/29   11:50:54s :: GETon /favicon.ico   404  1ms
2026/1/29   11:50:54s :: GETon /favicon.ico   404  2ms
2026/1/29   11:50:54s :: GETon /favicon.ico   404  1ms
2026/1/29   11:50:54s :: GETon /favicon.ico   404  1ms
2026/1/29   11:50:54s :: GETon /favicon.ico   404  1ms
2026/1/29   11:50:54s :: GETon /favicon.ico   404  1ms
2026/1/29   11:50:54s :: GETon /favicon.ico   404  1ms
2026/1/29   11:50:54s :: GETon /favicon.ico   404  1ms
2026/1/29   11:50:54s :: GETon /favicon.ico   404  1ms
2026/1/29   11:50:54s :: GETon /favicon.ico   404  1ms
2026/1/29   11:50:54s :: GETon /favicon.ico   404  1ms
2026/1/29   11:50:54s :: GETon /favicon.ico   404  1ms
2026/1/29   11:50:54s :: GETon /favicon.ico   404  1ms
2026/1/29   11:50:54s :: GETon /favicon.ico   404  2ms
2026/1/29   11:50:54s :: GETon /favicon.ico   404  2ms
2026/1/29   11:50:54s :: GETon /favicon.ico   404  2ms
2026/1/29   11:50:54s :: GETon /favicon.ico   404  2ms
2026/1/29   11:50:54s :: GETon /favicon.ico   404  2ms
2026/1/29   11:50:54s :: GETon /favicon.ico   404  2ms
2026/1/29   11:50:54s :: GETon /favicon.ico   404  1ms
2026/1/29   11:50:54s :: GETon /favicon.ico   404  1ms
2026/1/29   11:50:54s :: GETon /favicon.ico   404  1ms
2026/1/29   11:50:54s :: GETon /favicon.ico   404  1ms
2026/1/29   11:50:54s :: GETon /favicon.ico   404  2ms
2026/1/29   11:50:54s :: GETon /favicon.ico   404  1ms
2026/1/29   11:50:54s :: GETon /favicon.ico   404  1ms
2026/1/29   11:50:54s :: GETon /favicon.ico   404  1ms
2026/1/29   11:50:54s :: GETon /favicon.ico   404  1ms
2026/1/29   11:50:55s :: GETon /favicon.ico   404  2ms
2026/1/29   11:51:34s :: POSTon /api/vechile   500  15ms
2026/1/29   11:53:2s :: POSTon /api/vechile   500  48ms
2026/1/29   11:58:53s :: POSTon /api/vechile   500  79ms
2026/1/29   11:58:59s :: GETon /api/vechile   200  8ms
2026/1/29   11:59:7s :: POSTon /api/vechile   500  9ms
2026/1/29   12:0:22s :: POSTon /api/vechile   500  53ms
2026/1/29   12:1:4s :: POSTon /api/vechile   200  89ms
2026/1/29   12:1:49s :: POSTon /api/vechile   500  133ms
2026/1/29   12:3:54s :: POSTon /api/vechile   404  62ms
2026/1/29   12:4:5s :: POSTon /api/vechile   404  22ms
2026/1/29   12:4:13s :: POSTon /api/vechile   404  16ms
2026/1/29   12:4:26s :: POSTon /api/vechile   404  12ms
2026/1/29   12:4:44s :: POSTon /api/vechile   404  33ms
2026/1/29   12:5:5s :: POSTon /api/vechile   500  56ms
2026/1/29   12:6:27s :: POSTon /api/vechile   500  9ms
2026/1/29   12:7:31s :: POSTon /api/vechile   404  59ms
2026/1/29   12:8:42s :: POSTon /api/vechile   404  23ms
2026/1/29   12:10:44s :: POSTon /api/vechile   404  90ms
2026/1/29   12:11:12s :: POSTon /api/vechile   404  70ms
2026/1/29   12:11:44s :: GETon /api/vechile   200  54ms
2026/1/29   12:12:38s :: POSTon /api/booking   500  20ms
2026/1/29   12:12:41s :: POSTon /api/booking   500  11ms
2026/1/29   14:30:0s :: GETon /api/booking   404  30ms
2026/1/29   14:30:10s :: POSTon /api/booking   500  127ms
2026/1/29   14:30:29s :: GETon /api/vechile   200  44ms
2026/1/29   14:30:47s :: GETon /api/vechile/697afb248b6cdd287186204b   200  96ms
2026/1/29   14:31:7s :: POSTon /api/vechile   404  16ms
2026/1/29   14:38:42s :: GETon /api/vechile   200  68ms
2026/1/29   14:39:1s :: PUTon /api/vechile/697afb248b6cdd287186204b   200  110ms
2026/1/29   14:39:31s :: GETon /api/vechile   200  10ms
2026/1/29   14:40:3s :: POSTon /api/vechile   500  36ms
2026/1/29   14:40:41s :: POSTon /api/vechile   500  105ms
2026/1/29   14:41:46s :: POSTon /api/vechile   500  31ms
2026/1/29   14:42:38s :: POSTon /api/vechile   200  100ms
2026/1/29   14:42:55s :: POSTon /api/vechile   404  25ms
2026/1/29   14:42:58s :: POSTon /api/vechile   404  17ms
2026/1/29   14:43:27s :: POSTon /api/vechile   404  17ms
2026/1/29   14:43:54s :: GETon /api/vechile   200  15ms
2026/1/29   14:45:19s :: GETon /api/vechile   200  47ms
2026/1/29   14:46:12s :: POSTon /api/vechile   200  120ms
2026/1/29   14:47:32s :: POSTon /api/vechile   500  42ms
2026/1/29   14:47:45s :: POSTon /api/vechile   404  64ms
2026/1/29   14:48:3s :: GETon /api/vechile   200  24ms
2026/1/29   14:48:23s :: POSTon /api/booking   500  10ms
2026/1/29   14:48:43s :: POSTon /api/booking   500  88ms
2026/1/29   14:50:55s :: POSTon /api/booking   201  101ms
2026/1/29   14:51:49s :: POSTon /api/booking   404  13ms
2026/1/29   15:4:8s :: GETon /api/booking   200  118ms
2026/1/29   15:20:25s :: POSTon /api/booking   500  53ms
2026/1/29   15:21:4s :: POSTon /api/booking   404  69ms
2026/1/29   15:24:11s :: GETon /api/booking   200  98ms
2026/1/29   15:25:32s :: GETon /favicon.ico   404  5ms
2026/1/29   15:25:32s :: GETon /favicon.ico   404  3ms
2026/1/29   15:25:32s :: GETon /favicon.ico   404  4ms
2026/1/29   15:25:32s :: GETon /favicon.ico   404  4ms
2026/1/29   15:25:32s :: GETon /favicon.ico   404  4ms
2026/1/29   15:25:32s :: GETon /favicon.ico   404  5ms
2026/1/29   15:25:33s :: GETon /favicon.ico   404  6ms
2026/1/29   15:25:33s :: GETon /favicon.ico   404  6ms
2026/1/29   15:27:28s :: GETon /api/booking   200  101ms
2026/1/29   15:42:49s :: GETon /api/booking/697b22f3aaff80103007f251   200  84ms
2026/1/29   16:36:35s :: DELETEon /api/booking/697b22f3aaff80103007f251/delete   400  18ms
2026/1/29   16:39:12s :: DELETEon /api/booking/697b22f3aaff80103007f251/delete   400  12ms
2026/1/29   16:49:21s :: POSTon /api/booking   404  108ms
2026/1/29   16:49:28s :: GETon /api/booking   200  41ms
2026/1/29   16:49:46s :: GETon /api/booking/697b22f3aaff80103007f251   200  21ms
2026/1/29   16:50:57s :: DELETEon /api/booking/697b22f3aaff80103007f251/delete   200  132ms
2026/1/29   16:51:17s :: GETon /api/booking/697b22f3aaff80103007f251   404  24ms
2026/1/29   16:51:30s :: POSTon /api/booking   201  52ms
2026/1/29   16:51:34s :: POSTon /api/booking   404  14ms
2026/1/29   16:51:41s :: GETon /api/booking   200  45ms
2026/1/30   8:23:55s :: GETon /api/rentals   404  28ms
2026/1/30   8:24:1s :: POSTon /api/rentals   500  3ms
2026/1/30   8:26:18s :: POSTon /api/rentals   500  17ms
2026/1/30   8:29:32s :: POSTon /api/rentals   500  55ms
2026/1/30   8:30:16s :: POSTon /api/rentals   400  125ms
2026/1/30   8:31:21s :: POSTon /api/rentals   500  17ms
2026/1/30   8:32:2s :: POSTon /api/rentals   404  37ms
2026/1/30   8:33:41s :: POSTon /api/rentals   500  101ms
2026/1/30   8:35:48s :: POSTon /api/rentals   500  71ms
2026/1/30   8:38:30s :: POSTon /api/rentals   500  101ms
2026/1/30   8:39:23s :: POSTon /api/rentals   201  105ms
2026/1/30   8:40:58s :: POSTon /api/rentals   400  88ms
2026/1/30   8:41:25s :: POSTon /api/rentals   400  12ms
2026/1/30   8:41:38s :: POSTon /api/rentals   400  10ms
2026/1/30   8:41:44s :: POSTon /api/rentals   400  27ms
2026/1/30   8:46:17s :: POSTon /api/rentals   400  118ms
2026/1/30   8:46:58s :: POSTon /api/rentals   400  127ms
2026/1/30   8:47:26s :: POSTon /api/rentals   500  109ms
2026/1/30   8:51:7s :: POSTon /api/rentals   500  97ms
2026/1/30   8:51:59s :: POSTon /api/rentals   400  52ms
2026/1/30   8:52:37s :: POSTon /api/rentals   400  23ms
2026/1/30   9:36:59s :: GETon /api/rentals   200  86ms
2026/1/30   9:50:11s :: GETon /api/rentals/697c1d5fb47b1293167c602c   500  11ms
2026/1/30   9:50:32s :: GETon /api/rentals/697c1d5fb47b1293167c602c   500  23ms
2026/1/30   9:53:35s :: GETon /api/rentals/697c1d5fb47b1293167c602c   404  30ms
2026/1/30   9:54:17s :: GETon /api/rentals/6977b8b3b1d8490f92b0c469   404  9ms
2026/1/30   9:54:34s :: GETon /api/rentals/697c1d5fb47b1293167c602c   404  6ms
2026/1/30   9:54:50s :: GETon /api/rentals/697afb248b6cdd287186204b   404  4ms
2026/1/30   9:56:37s :: GETon /api/rentals/697afb248b6cdd287186204b   500  20ms
2026/1/30   9:57:5s :: GETon /api/rentals/697afb248b6cdd287186204b   400  25ms
2026/1/30   9:58:51s :: GETon /api/rentals/697afb248b6cdd287186204b   400  6ms
2026/1/30   10:0:9s :: GETon /api/rentals/697c1d5fb47b1293167c602c   400  4ms
2026/1/30   10:2:3s :: GETon /api/rentals/697c1d5fb47b1293167c602c   400  24ms
2026/1/30   10:3:24s :: GETon /api/rentals/697c1d5fb47b1293167c602c   400  13ms
2026/1/30   10:6:24s :: GETon /api/rentals/697c1d5fb47b1293167c602c   200  69ms
2026/1/30   10:7:19s :: GETon /api/rentals/697c1d5fb47b1293167c602c   200  55ms
2026/1/30   17:37:28s :: GETon /api/rentals/697c1d5fb47b1293167c602c   200  211ms
2026/1/30   17:39:29s :: POSTon /api/vechile/697c1d5fb47b1293167c602c/review   500  5ms
2026/1/30   17:40:21s :: POSTon /api/vechile/697c1d5fb47b1293167c602c/review   500  15ms
2026/1/30   17:42:54s :: POSTon /api/vechile/697c1d5fb47b1293167c602c/review   500  12ms
2026/1/30   17:42:56s :: POSTon /api/vechile/697c1d5fb47b1293167c602c/review   500  3ms
2026/1/30   17:54:17s :: POSTon /api/vechile/697c1d5fb47b1293167c602c/review   500  15ms
2026/1/30   17:54:20s :: POSTon /api/vechile/697c1d5fb47b1293167c602c/review   500  2ms
2026/1/30   17:55:25s :: POSTon /api/vechile/697c1d5fb47b1293167c602c/review   500  17ms
2026/1/30   17:55:26s :: POSTon /api/vechile/697c1d5fb47b1293167c602c/review   500  2ms
2026/1/30   17:56:40s :: POSTon /api/vechile/697c1d5fb47b1293167c602c/review   500  12ms
2026/1/30   17:56:42s :: POSTon /api/vechile/697c1d5fb47b1293167c602c/review   500  2ms
2026/1/30   18:2:9s :: POSTon /api/vechile/697c1d5fb47b1293167c602c/review   400  52ms
2026/1/30   18:4:35s :: POSTon /api/vechile/697afb248b6cdd287186204b/review   400  10ms
2026/1/30   18:5:4s :: POSTon /api/vechile/6977b8b3b1d8490f92b0c469/review   400  17ms
2026/1/30   18:10:6s :: POSTon /api/vehicle/6977b8b3b1d8490f92b0c469/review   400  49ms
2026/1/30   18:14:11s :: POSTon /api/vehicle/6977b8b3b1d8490f92b0c469/review   404  48ms
2026/1/30   18:14:50s :: POSTon /api/vehicle/697afb248b6cdd287186204b/review   500  44ms
2026/1/30   18:18:56s :: POSTon /api/vehicle/697afb248b6cdd287186204b/review   201  104ms
2026/1/30   18:40:41s :: POSTon /api/vehicle/697afb248b6cdd287186204b/review   201  97ms
2026/1/30   18:40:50s :: POSTon /api/vehicle/697afb248b6cdd287186204b/review   400  16ms
2026/1/30   18:40:57s :: POSTon /api/vehicle/697afb248b6cdd287186204b/review   400  9ms
2026/1/30   18:41:28s :: POSTon /api/vehicle/697b21029a3f4415bb4d5013/review   201  36ms
2026/1/31   21:34:28s :: POSTon /api/uploads   404  19ms
2026/1/31   21:35:0s :: POSTon /api/uploads   404  5ms
2026/1/31   21:37:43s :: POSTon /api/uploads   500  27ms
2026/1/31   21:41:57s :: POSTon /api/uploads   500  18ms
2026/1/31   21:42:0s :: POSTon /api/uploads   500  9ms
2026/1/31   21:44:35s :: POSTon /api/uploads   201  160ms
2026/1/31   22:12:45s :: POSTon /api/uploads   500  75ms
2026/2/1   8:9:26s :: POSTon /api/uploads   500  65ms
2026/2/1   8:9:28s :: POSTon /api/uploads   500  29ms
2026/2/1   8:26:12s :: GETon /api/vechile   404  21ms
2026/2/1   8:28:49s :: GETon /api/vechile   404  10ms
2026/2/1   8:28:51s :: GETon /api/vechile   404  1ms
2026/2/1   8:29:6s :: GETon /api/vechile   404  11ms
2026/2/1   8:34:57s :: GETon /api/vechile   404  11ms
2026/2/1   8:37:26s :: POSTon /api/auth/login   201  296ms
2026/2/1   8:37:33s :: GETon /api/vechile   404  2ms
2026/2/1   8:37:41s :: GETon /api/booking   200  89ms
2026/2/1   8:37:52s :: GETon /api/rentals/697c1d5fb47b1293167c602c   200  42ms
2026/2/1   8:38:10s :: POSTon /api/vehicle/697b21029a3f4415bb4d5013/review   400  36ms
2026/2/1   8:40:36s :: POSTon /api/vechile   404  2ms
2026/2/1   8:40:38s :: POSTon /api/vechile   404  1ms
2026/2/1   8:42:34s :: POSTon /api/vechile   404  22ms
2026/2/1   8:43:17s :: POSTon /api/vechile   404  10ms
2026/2/1   8:44:10s :: POSTon /api/vechile   404  27ms
2026/2/1   8:44:12s :: POSTon /api/vechile   404  1ms
2026/2/1   8:44:14s :: POSTon /api/vechile   404  2ms
2026/2/1   8:52:37s :: POSTon /api/vechile   404  11ms
2026/2/1   8:53:32s :: POSTon /api/vechile   404  17ms
2026/2/1   8:55:28s :: POSTon /api/vechile   404  20ms
2026/2/1   8:56:35s :: POSTon /api/vehicle   404  56ms
2026/2/1   8:57:8s :: POSTon /api/vehicle   404  37ms
2026/2/1   8:57:38s :: POSTon /api/vehicle   404  24ms
2026/2/1   8:57:40s :: POSTon /api/vehicle   404  21ms
2026/2/1   8:58:55s :: POSTon /api/vehicle   200  113ms
2026/2/1   8:59:43s :: GETon /api/vehicle   200  33ms
2026/2/1   10:36:31s :: POSTon /api/vehicle   404  58ms
2026/2/1   10:36:44s :: POSTon /api/vehicle   404  22ms
2026/2/1   10:37:15s :: POSTon /api/vehicle   404  169ms
2026/2/1   10:37:44s :: POSTon /api/vehicle   500  98ms
2026/2/1   10:38:19s :: POSTon /api/vehicle   404  65ms
2026/2/1   10:39:54s :: POSTon /api/vehicle   404  18ms
2026/2/1   10:41:40s :: POSTon /api/vehicle   404  64ms
2026/2/1   10:43:28s :: POSTon /api/vehicle   500  116ms
2026/2/1   10:46:45s :: POSTon /api/vehicle   500  87ms
2026/2/1   10:48:29s :: POSTon /api/vehicle   404  54ms
2026/2/1   10:49:31s :: POSTon /api/vehicle   404  55ms
2026/2/1   10:50:1s :: POSTon /api/vehicle   500  119ms
2026/2/1   10:50:50s :: POSTon /api/vehicle   200  84ms
2026/2/1   10:51:31s :: POSTon /api/vehicle   404  17ms
2026/2/1   10:52:53s :: POSTon /api/vehicle   500  53ms
2026/2/1   10:53:44s :: POSTon /api/vehicle   404  71ms
2026/2/1   10:53:54s :: POSTon /api/vehicle   404  24ms
2026/2/1   10:55:51s :: POSTon /api/booking   404  150ms
2026/2/1   10:57:18s :: POSTon /api/booking   201  54ms
2026/2/1   10:57:34s :: GETon /api/rentals/697c1d5fb47b1293167c602c   200  46ms
2026/2/1   10:57:52s :: POSTon /api/rentals   400  25ms
2026/2/1   11:21:3s :: POSTon /api/vehicle   404  57ms
2026/2/1   11:22:10s :: GETon /api/vehicle   200  77ms
2026/2/1   11:23:15s :: POSTon /api/vehicle   404  70ms
2026/2/1   11:24:37s :: POSTon /api/vehicle   404  76ms
2026/2/2   7:9:16s :: POSTon /api/vehicle   500  202ms
2026/2/2   7:11:45s :: POSTon /api/vehicle   200  95ms
2026/2/2   7:11:51s :: POSTon /api/vehicle   404  13ms
2026/2/2   7:12:6s :: POSTon /api/vehicle   404  15ms
2026/2/2   7:19:25s :: POSTon /api/vehicle   404  117ms
2026/2/2   7:19:53s :: POSTon /api/vehicle   500  119ms
2026/2/2   7:21:1s :: POSTon /api/vehicle   500  107ms
2026/2/2   7:22:31s :: POSTon /api/vehicle   404  75ms
2026/2/2   7:23:12s :: POSTon /api/vehicle   200  95ms
2026/2/2   7:28:58s :: POSTon /api/vehicle   400  94ms
2026/2/2   7:29:8s :: POSTon /api/vehicle   400  23ms
2026/2/2   7:29:42s :: POSTon /api/vehicle   200  54ms
2026/2/2   7:29:56s :: POSTon /api/vehicle   404  16ms
2026/2/2   7:30:30s :: POSTon /api/vehicle   200  22ms
2026/2/2   7:33:19s :: POSTon /api/booking   404  92ms
2026/2/2   7:33:47s :: POSTon /api/booking   201  109ms
2026/2/2   7:34:14s :: GETon /api/booking   200  53ms
2026/2/2   7:57:58s :: POSTon /api/rentals   201  150ms
2026/2/2   7:58:13s :: POSTon /api/rentals   400  59ms
2026/2/2   7:58:53s :: POSTon /api/rentals   201  138ms
2026/2/2   7:59:4s :: POSTon /api/rentals   201  34ms
2026/2/2   7:59:7s :: POSTon /api/rentals   201  28ms
2026/2/2   7:59:9s :: POSTon /api/rentals   201  23ms
2026/2/2   7:59:29s :: POSTon /api/rentals   400  89ms
2026/2/2   8:0:20s :: POSTon /api/rentals   500  95ms
2026/2/2   8:0:42s :: POSTon /api/rentals   400  85ms
2026/2/2   8:1:11s :: GETon /api/rentals   200  58ms
2026/2/2   8:10:15s :: POSTon /api/rentals   400  96ms
2026/2/2   8:11:43s :: POSTon /api/rentals   400  29ms
2026/2/2   8:12:13s :: POSTon /api/rentals   201  59ms
2026/2/2   8:12:34s :: POSTon /api/rentals   404  22ms
2026/2/2   8:13:7s :: POSTon /api/rentals   400  20ms
2026/2/2   8:22:43s :: POSTon /api/rentals   400  105ms
2026/2/2   8:22:57s :: POSTon /api/rentals   404  15ms
2026/2/2   8:24:27s :: POSTon /api/rentals   400  72ms
2026/2/2   8:24:57s :: POSTon /api/rentals   400  29ms
2026/2/2   8:26:26s :: POSTon /api/booking   404  10ms
2026/2/2   8:27:49s :: POSTon /api/booking   201  46ms
2026/2/2   15:8:29s :: POSTon /api/uploads   500  81ms
2026/2/2   15:9:28s :: POSTon /api/vehicle/697b21029a3f4415bb4d5013/review   400  207ms
2026/2/2   15:10:20s :: POSTon /api/auth/logout   200  23ms
2026/2/2   15:10:26s :: POSTon /api/vehicle   401  2ms
2026/2/2   15:10:34s :: POSTon /api/booking   401  1ms
2026/2/2   15:10:43s :: POSTon /api/rentals   401  2ms
2026/2/2   15:10:51s :: POSTon /api/vehicle/697b21029a3f4415bb4d5013/review   401  3ms
2026/2/2   18:50:26s :: GETon /favicon.ico   404  30ms
2026/2/2   18:50:26s :: GETon /favicon.ico   404  3ms
2026/2/2   18:50:26s :: GETon /favicon.ico   404  3ms
2026/2/2   18:50:26s :: GETon /favicon.ico   404  1ms
2026/2/2   18:50:26s :: GETon /favicon.ico   404  2ms
2026/2/2   18:50:26s :: GETon /favicon.ico   404  2ms
2026/2/2   18:50:26s :: GETon /favicon.ico   404  2ms
2026/2/2   18:50:26s :: GETon /favicon.ico   404  2ms
2026/2/2   18:50:26s :: GETon /favicon.ico   404  4ms
2026/2/2   18:50:26s :: GETon /favicon.ico   404  2ms
2026/2/2   18:50:26s :: GETon /favicon.ico   404  1ms
2026/2/2   18:50:26s :: GETon /favicon.ico   404  1ms
2026/2/2   18:50:26s :: GETon /favicon.ico   404  3ms
2026/2/2   18:50:26s :: GETon /favicon.ico   404  2ms
2026/2/2   18:50:26s :: GETon /favicon.ico   404  4ms
2026/2/2   18:50:26s :: GETon /favicon.ico   404  2ms
2026/2/2   18:50:26s :: GETon /favicon.ico   404  3ms
2026/2/2   18:50:26s :: GETon /favicon.ico   404  3ms
2026/2/2   18:50:26s :: GETon /favicon.ico   404  3ms
2026/2/2   18:50:26s :: GETon /favicon.ico   404  3ms
2026/2/2   18:50:26s :: GETon /favicon.ico   404  3ms
2026/2/2   18:50:26s :: GETon /favicon.ico   404  3ms
2026/2/2   18:50:26s :: GETon /favicon.ico   404  2ms
2026/2/2   18:50:26s :: GETon /favicon.ico   404  3ms
2026/2/2   18:50:26s :: GETon /favicon.ico   404  2ms
2026/2/2   18:50:26s :: GETon /favicon.ico   404  3ms
2026/2/2   18:50:26s :: GETon /favicon.ico   404  2ms
2026/2/2   18:50:26s :: GETon /favicon.ico   404  3ms
2026/2/2   18:50:26s :: GETon /favicon.ico   404  3ms
2026/2/2   18:50:26s :: GETon /favicon.ico   404  3ms
2026/2/2   18:50:27s :: GETon /favicon.ico   404  4ms
2026/2/2   18:50:27s :: GETon /favicon.ico   404  3ms
2026/2/2   18:50:27s :: GETon /favicon.ico   404  3ms
2026/2/2   18:50:27s :: GETon /favicon.ico   404  3ms
2026/2/2   18:50:27s :: GETon /favicon.ico   404  2ms
2026/2/2   18:50:27s :: GETon /favicon.ico   404  4ms
2026/2/2   18:50:27s :: GETon /favicon.ico   404  2ms
2026/2/2   18:50:27s :: GETon /favicon.ico   404  1ms
2026/2/2   18:50:27s :: GETon /favicon.ico   404  1ms
2026/2/2   18:50:27s :: GETon /favicon.ico   404  1ms
2026/2/2   18:50:27s :: GETon /favicon.ico   404  1ms
2026/2/2   18:50:27s :: GETon /favicon.ico   404  0ms
2026/2/2   18:50:27s :: GETon /favicon.ico   404  1ms
2026/2/2   18:50:27s :: GETon /favicon.ico   404  1ms
2026/2/2   18:50:27s :: GETon /favicon.ico   404  1ms
2026/2/2   18:50:27s :: GETon /favicon.ico   404  1ms
2026/2/2   18:50:27s :: GETon /favicon.ico   404  1ms
2026/2/2   18:50:27s :: GETon /favicon.ico   404  1ms
2026/2/2   18:50:27s :: GETon /favicon.ico   404  1ms
2026/2/2   18:50:27s :: GETon /favicon.ico   404  1ms
2026/2/2   18:50:27s :: GETon /favicon.ico   404  2ms
2026/2/2   18:50:27s :: GETon /favicon.ico   404  1ms
2026/2/2   18:50:27s :: GETon /favicon.ico   404  1ms
2026/2/2   18:50:27s :: GETon /favicon.ico   404  1ms
2026/2/2   18:50:27s :: GETon /favicon.ico   404  1ms
2026/2/2   18:50:27s :: GETon /favicon.ico   404  1ms
2026/2/2   18:50:27s :: GETon /favicon.ico   404  1ms
2026/2/2   18:50:27s :: GETon /favicon.ico   404  1ms
2026/2/2   18:50:27s :: GETon /favicon.ico   404  1ms
2026/2/2   18:50:27s :: GETon /favicon.ico   404  2ms
2026/2/2   18:50:27s :: GETon /favicon.ico   404  1ms
2026/2/2   18:50:27s :: GETon /favicon.ico   404  1ms
2026/2/2   18:50:27s :: GETon /favicon.ico   404  1ms
2026/2/2   18:50:27s :: GETon /favicon.ico   404  2ms
2026/2/2   18:50:27s :: GETon /favicon.ico   404  2ms
2026/2/2   18:50:27s :: GETon /favicon.ico   404  2ms
2026/2/2   18:50:27s :: GETon /favicon.ico   404  1ms
2026/2/2   18:50:27s :: GETon /favicon.ico   404  2ms
2026/2/2   18:50:27s :: GETon /favicon.ico   404  2ms
2026/2/2   18:50:27s :: GETon /favicon.ico   404  2ms
2026/2/2   18:50:27s :: GETon /favicon.ico   404  2ms
2026/2/2   18:50:27s :: GETon /favicon.ico   404  2ms
2026/2/2   18:50:27s :: GETon /favicon.ico   404  2ms
2026/2/2   18:50:27s :: GETon /favicon.ico   404  3ms
2026/2/2   18:50:27s :: GETon /favicon.ico   404  2ms
2026/2/2   18:50:27s :: GETon /favicon.ico   404  2ms
2026/2/2   18:50:27s :: GETon /favicon.ico   404  2ms
2026/2/2   18:50:27s :: GETon /favicon.ico   404  1ms
2026/2/2   18:50:28s :: GETon /favicon.ico   404  4ms
2026/2/2   18:50:28s :: GETon /favicon.ico   404  3ms
2026/2/2   18:50:28s :: GETon /favicon.ico   404  2ms
2026/2/2   18:50:28s :: GETon /favicon.ico   404  2ms
2026/2/2   18:50:28s :: GETon /favicon.ico   404  2ms
2026/2/2   18:50:28s :: GETon /favicon.ico   404  2ms
2026/2/2   18:50:28s :: GETon /favicon.ico   404  1ms
2026/2/2   18:50:28s :: GETon /favicon.ico   404  2ms
2026/2/2   18:50:28s :: GETon /favicon.ico   404  2ms
2026/2/2   18:50:28s :: GETon /favicon.ico   404  1ms
2026/2/2   18:50:28s :: GETon /favicon.ico   404  2ms
2026/2/2   18:50:28s :: GETon /favicon.ico   404  2ms
2026/2/2   18:50:28s :: GETon /favicon.ico   404  2ms
2026/2/2   18:50:28s :: GETon /favicon.ico   404  2ms
2026/2/2   18:50:28s :: GETon /favicon.ico   404  4ms
2026/2/2   18:50:28s :: GETon /favicon.ico   404  2ms
2026/2/2   18:50:28s :: GETon /favicon.ico   404  1ms
2026/2/2   18:50:28s :: GETon /favicon.ico   404  1ms
2026/2/2   18:50:28s :: GETon /favicon.ico   404  2ms
2026/2/2   18:50:28s :: GETon /favicon.ico   404  2ms
2026/2/2   18:50:28s :: GETon /favicon.ico   404  2ms
2026/2/2   18:50:28s :: GETon /favicon.ico   404  2ms
2026/2/2   18:50:28s :: GETon /favicon.ico   404  2ms
2026/2/2   18:50:28s :: GETon /favicon.ico   404  2ms
2026/2/2   18:50:28s :: GETon /favicon.ico   404  3ms
2026/2/2   18:50:28s :: GETon /favicon.ico   404  3ms
2026/2/2   18:50:28s :: GETon /favicon.ico   404  5ms
2026/2/2   18:50:28s :: GETon /favicon.ico   404  2ms
2026/2/2   18:50:28s :: GETon /favicon.ico   404  2ms
2026/2/2   18:50:28s :: GETon /favicon.ico   404  1ms
2026/2/2   18:50:28s :: GETon /favicon.ico   404  2ms
2026/2/2   18:50:28s :: GETon /favicon.ico   404  2ms
2026/2/2   18:50:28s :: GETon /favicon.ico   404  3ms
2026/2/2   18:50:28s :: GETon /favicon.ico   404  2ms
2026/2/2   18:50:28s :: GETon /favicon.ico   404  3ms
2026/2/2   18:50:28s :: GETon /favicon.ico   404  2ms
2026/2/2   18:50:28s :: GETon /favicon.ico   404  1ms
2026/2/2   18:50:28s :: GETon /favicon.ico   404  2ms
2026/2/2   18:50:28s :: GETon /favicon.ico   404  2ms
2026/2/2   18:50:28s :: GETon /favicon.ico   404  4ms
2026/2/2   18:50:28s :: GETon /favicon.ico   404  2ms
2026/2/2   18:50:28s :: GETon /favicon.ico   404  2ms
2026/2/2   18:50:29s :: GETon /favicon.ico   404  2ms
2026/2/2   18:50:29s :: GETon /favicon.ico   404  2ms
2026/2/2   18:50:29s :: GETon /favicon.ico   404  2ms
2026/2/2   18:50:29s :: GETon /favicon.ico   404  2ms
2026/2/2   18:50:29s :: GETon /favicon.ico   404  2ms
2026/2/2   18:50:29s :: GETon /favicon.ico   404  2ms
2026/2/2   18:50:29s :: GETon /favicon.ico   404  2ms
2026/2/2   18:50:29s :: GETon /favicon.ico   404  2ms
2026/2/2   18:50:29s :: GETon /favicon.ico   404  2ms
2026/2/2   18:50:29s :: GETon /favicon.ico   404  3ms
2026/2/2   18:50:29s :: GETon /favicon.ico   404  4ms
2026/2/2   18:50:29s :: GETon /favicon.ico   404  3ms
2026/2/2   18:50:29s :: GETon /favicon.ico   404  1ms
2026/2/2   18:50:29s :: GETon /favicon.ico   404  2ms
2026/2/2   18:50:29s :: GETon /favicon.ico   404  1ms
2026/2/2   18:50:29s :: GETon /favicon.ico   404  2ms
2026/2/2   18:50:29s :: GETon /favicon.ico   404  2ms
2026/2/2   18:50:29s :: GETon /favicon.ico   404  3ms
2026/2/2   18:50:29s :: GETon /favicon.ico   404  3ms
2026/2/2   18:50:29s :: GETon /favicon.ico   404  2ms
2026/2/2   18:50:29s :: GETon /favicon.ico   404  2ms
2026/2/2   18:50:29s :: GETon /favicon.ico   404  2ms
2026/2/2   18:50:29s :: GETon /favicon.ico   404  1ms
2026/2/2   18:50:29s :: GETon /favicon.ico   404  2ms
2026/2/2   18:50:29s :: GETon /favicon.ico   404  1ms
2026/2/2   18:50:29s :: GETon /favicon.ico   404  2ms
2026/2/2   18:50:29s :: GETon /favicon.ico   404  3ms
2026/2/2   18:50:29s :: GETon /favicon.ico   404  2ms
2026/2/2   18:50:29s :: GETon /favicon.ico   404  2ms
2026/2/2   18:50:29s :: GETon /favicon.ico   404  2ms
2026/2/2   18:50:29s :: GETon /favicon.ico   404  1ms
2026/2/2   18:50:29s :: GETon /favicon.ico   404  2ms
2026/2/2   18:50:29s :: GETon /favicon.ico   404  2ms
2026/2/2   18:50:29s :: GETon /favicon.ico   404  2ms
2026/2/2   18:50:29s :: GETon /favicon.ico   404  1ms
2026/2/2   18:50:29s :: GETon /favicon.ico   404  2ms
2026/2/2   19:27:40s :: GETon /favicon.ico   404  18ms
2026/2/2   19:27:40s :: GETon /favicon.ico   404  3ms
2026/2/2   19:27:40s :: GETon /favicon.ico   404  2ms
2026/2/2   19:27:40s :: GETon /favicon.ico   404  2ms
2026/2/2   19:27:40s :: GETon /favicon.ico   404  2ms
2026/2/2   19:27:40s :: GETon /favicon.ico   404  1ms
2026/2/2   19:27:40s :: GETon /favicon.ico   404  1ms
2026/2/2   19:27:41s :: GETon /favicon.ico   404  3ms
2026/2/2   19:27:41s :: GETon /favicon.ico   404  3ms
2026/2/2   19:27:41s :: GETon /favicon.ico   404  3ms
2026/2/2   19:27:41s :: GETon /favicon.ico   404  2ms
2026/2/2   19:27:41s :: GETon /favicon.ico   404  2ms
2026/2/2   19:27:41s :: GETon /favicon.ico   404  4ms
2026/2/2   19:27:41s :: GETon /favicon.ico   404  4ms
2026/2/2   19:27:41s :: GETon /favicon.ico   404  3ms
2026/2/2   19:27:41s :: GETon /favicon.ico   404  3ms
2026/2/2   19:27:41s :: GETon /favicon.ico   404  3ms
2026/2/2   19:27:41s :: GETon /favicon.ico   404  2ms
2026/2/2   19:27:41s :: GETon /favicon.ico   404  2ms
2026/2/2   19:27:41s :: GETon /favicon.ico   404  2ms
2026/2/2   19:27:41s :: GETon /favicon.ico   404  1ms
2026/2/2   19:27:41s :: GETon /favicon.ico   404  2ms
2026/2/2   19:27:41s :: GETon /favicon.ico   404  3ms
2026/2/2   19:27:41s :: GETon /favicon.ico   404  3ms
2026/2/2   19:27:41s :: GETon /favicon.ico   404  3ms
2026/2/2   19:27:41s :: GETon /favicon.ico   404  2ms
2026/2/2   19:27:41s :: GETon /favicon.ico   404  3ms
2026/2/3   8:20:41s :: POSTon /api/auth/logout   401  29ms
2026/2/3   8:21:16s :: POSTon /api/auth/login   201  274ms
2026/2/3   8:24:13s :: POSTon /api/vehicle   500  69ms
2026/2/3   8:24:58s :: POSTon /api/vehicle   200  41ms
2026/2/3   8:25:57s :: GETon /api/vehicle   200  45ms
2026/2/3   8:28:15s :: POSTon /api/booking   201  28ms
2026/2/3   8:29:19s :: POSTon /api/rentals   404  9ms
2026/2/3   8:29:48s :: POSTon /api/rentals   500  19ms
2026/2/3   8:30:47s :: POSTon /api/rentals   404  31ms
2026/2/3   8:31:23s :: POSTon /api/rentals   404  17ms
2026/2/3   8:31:53s :: POSTon /api/booking   404  9ms
2026/2/3   9:13:47s :: POSTon /api/booking   404  49ms
2026/2/3   9:13:53s :: POSTon /api/rentals   404  66ms
2026/2/3   9:15:4s :: POSTon /api/rentals   500  36ms
2026/2/3   9:15:25s :: POSTon /api/rentals   500  38ms
2026/2/3   9:16:4s :: POSTon /api/rentals   500  22ms
2026/2/3   9:16:7s :: POSTon /api/rentals   500  18ms
2026/2/3   9:16:15s :: POSTon /api/rentals   500  21ms
2026/2/3   10:27:19s :: POSTon /api/uploads   500  85ms
2026/2/3   10:29:54s :: POSTon /api/uploads   500  68ms
2026/2/3   13:27:10s :: GETon /api/vehicle   200  168ms
2026/2/3   13:27:17s :: POSTon /api/vehicle   404  23ms
2026/2/3   13:27:29s :: POSTon /api/vehicle   400  17ms
2026/2/3   13:27:46s :: POSTon /api/vehicle   200  68ms
2026/2/3   13:29:21s :: POSTon /api/vehicle   200  22ms
2026/2/3   13:35:21s :: POSTon /api/vehicle/6981a755a844a58547482482   404  2ms
2026/2/3   13:35:27s :: GETon /api/vehicle/6981a755a844a58547482482   200  43ms
2026/2/3   13:38:9s :: POSTon /api/vehicle/6981a755a844a58547482482/review   500  27ms
2026/2/3   15:39:10s :: POSTon /api/vehicle/6981a755a844a58547482482/review   201  132ms
2026/2/3   15:39:22s :: GETon /api/vehicle/6981a755a844a58547482482/review   404  3ms
2026/2/3   15:39:28s :: POSTon /api/vehicle/6981a755a844a58547482482/review   400  11ms
2026/2/3   15:39:42s :: GETon /api/vehicle/6981a755a844a58547482482   200  77ms
2026/2/3   15:40:13s :: GETon /api/vehicle/6981a755a844a58547482482/review   404  3ms
2026/2/3   15:40:17s :: POSTon /api/vehicle/6981a755a844a58547482482/review   400  14ms
2026/2/3   15:40:39s :: GETon /api/vehicle/6981a755a844a58547482482/review   404  5ms
2026/2/3   15:40:48s :: GETon /api/vehicle/6981a755a844a58547482482   200  23ms
2026/2/3   15:41:7s :: POSTon /api/booking   404  27ms
2026/2/3   15:50:6s :: POSTon /api/booking   404  55ms
2026/2/3   15:51:17s :: POSTon /api/booking   201  60ms
2026/2/3   15:52:6s :: GETon /api/booking   200  58ms
2026/2/3   15:52:35s :: POSTon /api/rentals   500  25ms
2026/2/3   16:11:43s :: GETon /api/booking   200  82ms
2026/2/3   16:11:50s :: POSTon /api/booking   404  2ms
2026/2/3   16:16:44s :: POSTon /api/booking   404  14ms
2026/2/3   16:17:1s :: POSTon /api/booking   404  23ms
2026/2/3   16:17:57s :: POSTon /api/booking   403  117ms
2026/2/3   16:18:15s :: POSTon /api/booking   403  14ms
2026/2/3   16:31:4s :: POSTon /api/booking   403  51ms
2026/2/3   16:41:22s :: POSTon /api/booking   403  60ms
2026/2/3   16:43:30s :: POSTon /api/nagarikta   404  5ms
2026/2/3   16:44:24s :: POSTon /api/nagarikta   404  6ms
2026/2/3   16:48:1s :: POSTon /api/nagarikta   404  13ms
2026/2/3   16:51:12s :: POSTon /api/upload/nagarikta   404  11ms
2026/2/3   16:53:2s :: POSTon /api/vehicle   500  45ms
2026/2/3   16:55:6s :: POSTon /api/vehicle   500  50ms
2026/2/3   16:55:9s :: POSTon /api/vehicle   500  18ms
2026/2/3   16:55:39s :: POSTon /api/vehicle   500  50ms
2026/2/3   16:58:2s :: POSTon /api/vehicle   404  130ms
2026/2/3   16:58:23s :: POSTon /api/booking   404  14ms
2026/2/3   16:58:36s :: GETon /api/vehicle/6981a755a844a58547482482   200  42ms
2026/2/3   16:58:56s :: GETon /api/vehicle/6981a755a844a58547482482   200  14ms
2026/2/3   16:59:7s :: POSTon /api/vehicle   400  15ms
2026/2/3   16:59:22s :: POSTon /api/vehicle   200  42ms
2026/2/3   17:0:5s :: POSTon /api/booking   201  21ms
2026/2/3   17:1:17s :: POSTon /api/rentals   500  16ms
2026/2/3   17:21:45s :: POSTon /api/nagarikta   500  11ms
2026/2/3   17:21:58s :: POSTon /api/nagarikta   500  3ms
2026/2/3   17:22:25s :: POSTon /api/nagarikta   500  15ms
2026/2/3   17:27:26s :: POSTon /api/nagarikta   200  94ms
2026/2/3   17:37:14s :: POSTon /api/nagarikta   404  13ms
2026/2/3   17:38:30s :: POSTon /api/nagarikta   404  2ms
2026/2/3   17:40:16s :: POSTon /api/nagarikta   500  73ms
2026/2/3   17:40:32s :: POSTon /api/nagarikta   500  47ms
2026/2/3   17:40:43s :: POSTon /api/nagarikta   500  12ms
2026/2/3   17:40:59s :: POSTon /api/nagarikta   500  8ms
2026/2/3   17:41:31s :: POSTon /api/nagarikta   200  18ms
2026/2/3   17:41:36s :: POSTon /api/nagarikta   500  11ms
2026/2/3   17:41:46s :: POSTon /api/nagarikta   200  12ms
2026/2/3   18:13:49s :: POSTon /api/nagarikta/6981e27e268ecbd3da9b165d/delete   404  15ms
2026/2/3   18:13:58s :: DELETEon /api/nagarikta/6981e27e268ecbd3da9b165d/delete   200  108ms
2026/2/3   18:14:29s :: GETon /api/nagarikta   404  2ms
2026/2/3   18:15:41s :: DELETEon /api/nagarikta/6981df22d77d38741c8968c2/delete   200  15ms
2026/2/3   18:15:59s :: DELETEon /api/nagarikta/6981e26f268ecbd3da9b1657/delete   200  12ms
2026/2/3   18:16:14s :: POSTon /api/booking   500  7ms
2026/2/3   18:16:51s :: POSTon /api/booking   400  38ms
2026/2/3   18:18:10s :: POSTon /api/booking   400  81ms
2026/2/3   18:19:47s :: POSTon /api/nagarikta   200  50ms
2026/2/3   18:20:7s :: POSTon /api/booking   404  25ms
2026/2/3   18:20:25s :: GETon /api/booking   200  51ms
2026/2/3   18:20:47s :: GETon /api/booking   200  30ms
2026/2/3   18:20:53s :: POSTon /api/booking   201  26ms
2026/2/3   18:26:10s :: POSTon /api/auth/logout   200  127ms
2026/2/3   18:26:56s :: POSTon /api/auth/register   400  19ms
2026/2/3   18:27:6s :: POSTon /api/auth/register   404  272ms
2026/2/3   18:27:17s :: POSTon /api/auth/login   201  180ms
2026/2/3   18:27:40s :: POSTon /api/booking   400  13ms
2026/2/3   19:19:20s :: GETon /favicon.ico   404  24ms
2026/2/3   19:19:20s :: GETon /favicon.ico   404  5ms
2026/2/3   19:19:20s :: GETon /favicon.ico   404  2ms
2026/2/3   19:19:20s :: GETon /favicon.ico   404  2ms
2026/2/3   19:19:20s :: GETon /favicon.ico   404  2ms
2026/2/3   19:19:20s :: GETon /favicon.ico   404  2ms
2026/2/3   19:19:20s :: GETon /favicon.ico   404  2ms
2026/2/3   19:19:20s :: GETon /favicon.ico   404  2ms
2026/2/3   19:19:20s :: GETon /favicon.ico   404  1ms
2026/2/3   19:19:20s :: GETon /favicon.ico   404  1ms
2026/2/3   19:19:20s :: GETon /favicon.ico   404  1ms
2026/2/3   19:19:20s :: GETon /favicon.ico   404  1ms
2026/2/3   19:19:20s :: GETon /favicon.ico   404  1ms
2026/2/3   19:19:20s :: GETon /favicon.ico   404  1ms
2026/2/3   19:19:20s :: GETon /favicon.ico   404  1ms
2026/2/3   19:19:20s :: GETon /favicon.ico   404  1ms
2026/2/3   19:19:20s :: GETon /favicon.ico   404  2ms
2026/2/3   19:19:20s :: GETon /favicon.ico   404  2ms
2026/2/3   22:28:31s :: POSTon /api/vehicle   403  137ms
2026/2/3   22:32:53s :: POSTon /api/vehicle   403  30ms
2026/2/3   22:33:12s :: POSTon /api/vehicle   403  7ms
2026/2/3   22:37:7s :: POSTon /api/auth/login   201  223ms
2026/2/3   22:37:23s :: PUTon /api/auth/update   500  5ms
2026/2/3   22:37:50s :: PUTon /api/auth/register   404  2ms
2026/2/3   22:38:1s :: GETon /api/auth/register   404  3ms
2026/2/3   22:38:14s :: POSTon /api/auth/register   404  281ms
2026/2/3   22:38:24s :: POSTon /api/auth/login   201  208ms
2026/2/3   22:38:30s :: POSTon /api/vehicle   200  33ms
2026/2/4   10:17:12s :: GETon /favicon.ico   404  27ms
2026/2/4   10:17:12s :: GETon /favicon.ico   404  5ms
2026/2/4   10:17:12s :: GETon /favicon.ico   404  2ms
2026/2/4   14:9:44s :: GETon /favicon.ico   404  14ms
2026/2/4   14:9:44s :: GETon /favicon.ico   404  3ms
2026/2/4   14:9:44s :: GETon /favicon.ico   404  4ms
2026/2/4   14:9:44s :: GETon /favicon.ico   404  5ms
2026/2/4   14:9:44s :: GETon /favicon.ico   404  2ms
2026/2/4   14:9:44s :: GETon /favicon.ico   404  4ms
2026/2/4   14:9:44s :: GETon /favicon.ico   404  3ms
2026/2/4   14:9:44s :: GETon /favicon.ico   404  2ms
2026/2/4   14:9:44s :: GETon /favicon.ico   404  5ms
2026/2/4   14:9:44s :: GETon /favicon.ico   404  2ms
2026/2/4   14:9:44s :: GETon /favicon.ico   404  2ms
2026/2/4   14:9:44s :: GETon /favicon.ico   404  2ms
2026/2/4   14:9:44s :: GETon /favicon.ico   404  1ms
2026/2/4   14:9:44s :: GETon /favicon.ico   404  2ms
2026/2/4   14:9:44s :: GETon /favicon.ico   404  1ms
2026/2/4   14:9:44s :: GETon /favicon.ico   404  2ms
2026/2/4   14:9:44s :: GETon /favicon.ico   404  2ms
2026/2/4   14:9:44s :: GETon /favicon.ico   404  2ms
2026/2/4   14:9:44s :: GETon /favicon.ico   404  3ms
2026/2/4   14:9:44s :: GETon /favicon.ico   404  2ms
2026/2/4   14:9:44s :: GETon /favicon.ico   404  2ms
2026/2/4   14:9:45s :: GETon /favicon.ico   404  3ms
2026/2/4   14:9:45s :: GETon /favicon.ico   404  3ms
2026/2/4   14:9:45s :: GETon /favicon.ico   404  1ms
2026/2/4   14:9:45s :: GETon /favicon.ico   404  3ms
2026/2/4   14:9:45s :: GETon /favicon.ico   404  1ms
2026/2/4   14:9:45s :: GETon /favicon.ico   404  1ms
2026/2/4   14:9:45s :: GETon /favicon.ico   404  1ms
2026/2/4   14:9:45s :: GETon /favicon.ico   404  2ms
2026/2/4   14:9:45s :: GETon /favicon.ico   404  2ms
2026/2/4   14:9:45s :: GETon /favicon.ico   404  3ms
2026/2/4   14:9:45s :: GETon /favicon.ico   404  2ms
2026/2/4   14:9:45s :: GETon /favicon.ico   404  3ms
2026/2/4   14:9:45s :: GETon /favicon.ico   404  3ms
2026/2/4   14:9:45s :: GETon /favicon.ico   404  3ms
2026/2/4   14:9:45s :: GETon /favicon.ico   404  1ms
2026/2/4   14:9:45s :: GETon /favicon.ico   404  1ms
2026/2/4   14:9:45s :: GETon /favicon.ico   404  1ms
2026/2/4   14:9:45s :: GETon /favicon.ico   404  2ms
2026/2/4   14:9:45s :: GETon /favicon.ico   404  1ms
2026/2/4   14:9:45s :: GETon /favicon.ico   404  2ms
2026/2/4   14:9:45s :: GETon /favicon.ico   404  2ms
2026/2/4   14:9:45s :: GETon /favicon.ico   404  3ms
2026/2/4   14:9:45s :: GETon /favicon.ico   404  2ms
2026/2/4   14:9:45s :: GETon /favicon.ico   404  2ms
2026/2/4   14:9:45s :: GETon /favicon.ico   404  2ms
2026/2/4   14:9:45s :: GETon /favicon.ico   404  2ms
2026/2/4   14:9:45s :: GETon /favicon.ico   404  2ms
2026/2/4   14:9:45s :: GETon /favicon.ico   404  2ms
2026/2/4   14:9:45s :: GETon /favicon.ico   404  2ms
2026/2/4   14:9:45s :: GETon /favicon.ico   404  3ms
2026/2/4   14:9:45s :: GETon /favicon.ico   404  1ms
2026/2/4   14:9:45s :: GETon /favicon.ico   404  1ms
2026/2/4   14:9:45s :: GETon /favicon.ico   404  1ms
2026/2/4   14:9:46s :: GETon /favicon.ico   404  2ms
2026/2/4   14:9:46s :: GETon /favicon.ico   404  1ms
2026/2/4   14:9:46s :: GETon /favicon.ico   404  3ms
2026/2/4   14:9:46s :: GETon /favicon.ico   404  3ms
2026/2/4   14:9:46s :: GETon /favicon.ico   404  2ms
2026/2/4   14:9:46s :: GETon /favicon.ico   404  3ms
2026/2/4   14:9:46s :: GETon /favicon.ico   404  2ms
2026/2/4   14:9:46s :: GETon /favicon.ico   404  4ms
2026/2/4   14:9:46s :: GETon /favicon.ico   404  1ms
2026/2/4   14:9:46s :: GETon /favicon.ico   404  1ms
2026/2/4   14:9:46s :: GETon /favicon.ico   404  1ms
2026/2/4   14:9:46s :: GETon /favicon.ico   404  1ms
2026/2/4   14:9:46s :: GETon /favicon.ico   404  1ms
2026/2/4   14:9:46s :: GETon /favicon.ico   404  1ms
2026/2/4   14:9:46s :: GETon /favicon.ico   404  2ms
2026/2/4   14:9:46s :: GETon /favicon.ico   404  1ms
2026/2/4   14:9:46s :: GETon /favicon.ico   404  2ms
2026/2/4   14:9:46s :: GETon /favicon.ico   404  1ms
2026/2/4   14:9:46s :: GETon /favicon.ico   404  1ms
2026/2/4   14:9:46s :: GETon /favicon.ico   404  3ms
2026/2/4   14:9:46s :: GETon /favicon.ico   404  3ms
2026/2/4   14:9:46s :: GETon /favicon.ico   404  2ms
2026/2/4   14:9:46s :: GETon /favicon.ico   404  3ms
2026/2/4   14:9:46s :: GETon /favicon.ico   404  1ms
2026/2/4   14:9:46s :: GETon /favicon.ico   404  1ms
2026/2/4   14:9:46s :: GETon /favicon.ico   404  1ms
2026/2/4   14:9:46s :: GETon /favicon.ico   404  1ms
2026/2/4   14:9:46s :: GETon /favicon.ico   404  2ms
2026/2/4   14:9:46s :: GETon /favicon.ico   404  2ms
2026/2/4   14:9:46s :: GETon /favicon.ico   404  1ms
2026/2/4   14:9:46s :: GETon /favicon.ico   404  3ms
2026/2/4   14:9:46s :: GETon /favicon.ico   404  3ms
2026/2/4   14:9:46s :: GETon /favicon.ico   404  7ms
2026/2/4   14:10:36s :: GETon /favicon.ico   404  3ms
2026/2/4   14:10:36s :: GETon /favicon.ico   404  3ms
2026/2/4   14:10:36s :: GETon /favicon.ico   404  2ms
2026/2/4   14:10:36s :: GETon /favicon.ico   404  3ms
2026/2/4   14:10:36s :: GETon /favicon.ico   404  3ms
2026/2/4   14:10:36s :: GETon /favicon.ico   404  3ms
2026/2/4   14:10:36s :: GETon /favicon.ico   404  3ms
2026/2/4   14:10:36s :: GETon /favicon.ico   404  1ms
2026/2/4   14:10:36s :: GETon /favicon.ico   404  1ms
2026/2/4   14:10:36s :: GETon /favicon.ico   404  2ms
2026/2/4   14:10:36s :: GETon /favicon.ico   404  1ms
2026/2/4   14:10:36s :: GETon /favicon.ico   404  1ms
2026/2/4   14:10:36s :: GETon /favicon.ico   404  1ms
2026/2/4   14:10:36s :: GETon /favicon.ico   404  1ms
2026/2/4   14:10:36s :: GETon /favicon.ico   404  1ms
2026/2/4   14:10:36s :: GETon /favicon.ico   404  1ms
2026/2/4   14:10:36s :: GETon /favicon.ico   404  1ms
2026/2/4   14:10:36s :: GETon /favicon.ico   404  1ms
2026/2/4   14:10:36s :: GETon /favicon.ico   404  1ms
2026/2/4   14:10:36s :: GETon /favicon.ico   404  1ms
2026/2/4   14:10:36s :: GETon /favicon.ico   404  1ms
2026/2/4   14:10:36s :: GETon /favicon.ico   404  1ms
2026/2/4   14:10:36s :: GETon /favicon.ico   404  2ms
2026/2/4   14:10:36s :: GETon /favicon.ico   404  2ms
2026/2/4   14:10:36s :: GETon /favicon.ico   404  1ms
2026/2/4   14:10:36s :: GETon /favicon.ico   404  1ms
2026/2/4   14:10:36s :: GETon /favicon.ico   404  1ms
2026/2/4   14:10:36s :: GETon /favicon.ico   404  1ms
2026/2/4   14:10:36s :: GETon /favicon.ico   404  1ms
2026/2/4   14:28:32s :: POSTon /api/license   404  49ms
2026/2/4   14:29:37s :: POSTon /api/nagarikta   200  51ms
2026/2/4   14:38:42s :: PUTon /api/nagarikta/698306f5c4a627c0a70c4dea/verify   401  108ms
2026/2/4   14:39:33s :: POSTon /api/auth/login   201  231ms
2026/2/4   14:42:11s :: PUTon /api/nagarikta/698306f5c4a627c0a70c4dea/verify   400  15ms
2026/2/4   14:42:58s :: PUTon /api/nagarikta/698306f5c4a627c0a70c4dea/verify   401  33ms
2026/2/4   14:43:56s :: PUTon /api/nagarikta/698306f5c4a627c0a70c4dea/verify   401  43ms
2026/2/4   14:43:58s :: PUTon /api/nagarikta/698306f5c4a627c0a70c4dea/verify   401  6ms
2026/2/4   14:45:57s :: PUTon /api/nagarikta/698306f5c4a627c0a70c4dea/verify   200  61ms
2026/2/4   14:46:22s :: PUTon /api/nagarikta/698306f5c4a627c0a70c4dea/verify   200  113ms
2026/2/4   14:46:40s :: POSTon /api/license   404  19ms
2026/2/4   14:46:43s :: POSTon /api/license   404  23ms
2026/2/4   14:47:41s :: POSTon /api/nagarikta   500  23ms
2026/2/4   14:51:23s :: POSTon /api/vehicle   400  7ms
2026/2/4   14:51:33s :: POSTon /api/auth/login   400  7ms
2026/2/4   14:51:57s :: POSTon /api/auth/register   404  249ms
2026/2/4   14:52:7s :: POSTon /api/auth/login   201  176ms
2026/2/4   14:52:20s :: POSTon /api/vehicle   200  49ms
2026/2/4   14:53:30s :: POSTon /api/booking   400  11ms
2026/2/4   14:53:52s :: POSTon /api/nagarikta   200  16ms
2026/2/4   14:54:57s :: POSTon /api/booking   201  25ms
2026/2/4   14:56:2s :: POSTon /api/rentals   500  26ms
2026/2/4   14:56:23s :: POSTon /api/license   404  9ms
2026/2/4   14:57:10s :: PUTon /api/nagarikta/698306f5c4a627c0a70c4dea/verify   404  9ms
2026/2/4   14:57:13s :: PUTon /api/nagarikta/698306f5c4a627c0a70c4dea/verify   404  16ms
2026/2/4   14:57:43s :: PUTon /api/nagarikta/69830ca492b37d34c6bcab0c/verify   200  32ms
2026/2/4   14:57:57s :: GETon /api/nagarikta   404  2ms
2026/2/4   14:58:14s :: GETon /api/nagarikta/69830ca492b37d34c6bcab0c   404  2ms
2026/2/4   15:3:3s :: GETon /api/nagarikta/69830ca492b37d34c6bcab0c   404  21ms
2026/2/4   15:3:6s :: GETon /api/nagarikta/69830ca492b37d34c6bcab0c   404  3ms
2026/2/4   15:3:20s :: GETon /api/nagarikta   200  27ms
2026/2/4   15:3:43s :: POSTon /api/license   404  10ms
2026/2/4   15:4:32s :: POSTon /api/license   404  74ms
2026/2/4   15:7:36s :: POSTon /api/license   200  61ms
2026/2/4   15:10:54s :: POSTon /api/license   500  63ms
2026/2/4   15:11:54s :: POSTon /api/license   500  74ms
2026/2/5   8:8:53s :: POSTon /api/license   200  172ms
2026/2/5   8:36:47s :: PUTon /api/nagarikta/69830ca492b37d34c6bcab0c/verify   200  77ms
2026/2/5   8:38:40s :: POSTon /api/rentals   500  98ms
2026/2/5   8:39:12s :: POSTon /api/rentals   201  84ms
2026/2/5   8:46:46s :: POSTon /api/rentals   400  62ms
2026/2/5   8:49:27s :: POSTon /api/rentals   400  124ms
2026/2/5   8:50:10s :: POSTon /api/vehicle   200  88ms
2026/2/5   8:50:46s :: POSTon /api/booking   201  30ms
2026/2/5   8:52:11s :: POSTon /api/rentals   500  24ms
2026/2/5   8:52:40s :: POSTon /api/rentals   403  64ms
2026/2/5   8:56:34s :: POSTon /api/rentals   403  66ms
2026/2/5   9:1:32s :: POSTon /api/rentals   500  115ms
2026/2/5   9:2:12s :: POSTon /api/rentals   201  90ms
2026/2/5   9:2:26s :: POSTon /api/rentals   400  45ms
2026/2/5   9:2:41s :: POSTon /api/rentals   400  57ms
2026/2/5   9:3:2s :: POSTon /api/booking   404  23ms
2026/2/5   9:3:46s :: POSTon /api/auth/register   400  12ms
2026/2/5   9:3:55s :: POSTon /api/auth/register   404  220ms
2026/2/5   9:4:4s :: POSTon /api/auth/login   201  162ms
2026/2/5   9:4:13s :: POSTon /api/booking   400  8ms
2026/2/5   9:4:45s :: POSTon /api/nagarikta   200  23ms
2026/2/5   9:5:15s :: POSTon /api/booking   201  46ms
2026/2/5   9:8:51s :: POSTon /api/booking   404  63ms
2026/2/5   9:9:11s :: POSTon /api/vehicle   400  23ms
2026/2/5   9:9:24s :: POSTon /api/vehicle   200  56ms
2026/2/5   9:9:46s :: POSTon /api/booking   201  26ms
2026/2/5   9:11:10s :: POSTon /api/booking   400  114ms
2026/2/5   9:11:27s :: POSTon /api/booking   404  59ms
2026/2/5   9:18:12s :: POSTon /api/vehicle   200  99ms
2026/2/5   9:18:43s :: POSTon /api/booking   400  16ms
2026/2/5   9:19:42s :: PUTon /api/nagarikta/69840c51cb94e222f2f7690a/verify   200  27ms
2026/2/5   9:19:56s :: POSTon /api/booking   201  26ms
2026/2/5   9:20:41s :: POSTon /api/rentals   403  20ms
2026/2/5   9:21:50s :: POSTon /api/rentals   500  64ms
2026/2/5   9:22:17s :: POSTon /api/license   500  46ms
2026/2/5   9:22:27s :: POSTon /api/license   500  11ms
2026/2/5   9:22:37s :: POSTon /api/license   200  29ms
2026/2/5   9:23:12s :: POSTon /api/rentals   500  23ms
2026/2/5   9:25:22s :: POSTon /api/rentals   500  81ms
2026/2/5   9:26:0s :: POSTon /api/rentals   500  62ms
2026/2/5   9:26:33s :: POSTon /api/rentals   500  52ms
2026/2/5   9:27:3s :: POSTon /api/rentals   500  94ms
2026/2/5   9:28:34s :: POSTon /api/rentals   500  166ms
2026/2/5   9:31:19s :: POSTon /api/rentals   500  109ms
2026/2/5   9:33:33s :: POSTon /api/rentals   403  45ms
2026/2/5   9:35:14s :: POSTon /api/rentals   403  39ms
2026/2/5   9:36:56s :: POSTon /api/auth/register   404  255ms
2026/2/5   9:37:3s :: POSTon /api/auth/login   201  240ms
2026/2/5   9:37:14s :: POSTon /api/rentals   403  28ms
2026/2/5   9:37:29s :: POSTon /api/booking   400  11ms
2026/2/5   9:37:56s :: POSTon /api/nagarikta   200  29ms
2026/2/5   9:38:12s :: POSTon /api/booking   400  13ms
2026/2/5   9:38:53s :: PUTon /api/nagarikta/698414180cfb2d504f833fb9/verify   200  20ms
2026/2/5   9:39:7s :: POSTon /api/booking   201  23ms
2026/2/5   9:40:17s :: POSTon /api/rentals   403  16ms
2026/2/5   9:40:39s :: POSTon /api/license   200  14ms
2026/2/5   9:41:1s :: POSTon /api/rentals   403  16ms
2026/2/5   9:41:5s :: POSTon /api/rentals   403  15ms
2026/2/5   9:41:56s :: POSTon /api/rentals   403  31ms
2026/2/5   9:42:49s :: POSTon /api/rentals   500  80ms
2026/2/5   9:43:38s :: POSTon /api/rentals   403  42ms
2026/2/7   9:6:22s :: POSTon /api/rentals   403  110ms
2026/2/7   9:6:25s :: POSTon /api/rentals   403  21ms
2026/2/7   9:6:27s :: POSTon /api/rentals   403  16ms
2026/2/7   9:6:58s :: GETon /favicon.ico   404  8ms
2026/2/7   9:6:58s :: GETon /favicon.ico   404  2ms
2026/2/7   9:6:58s :: GETon /favicon.ico   404  2ms
2026/2/7   9:6:58s :: GETon /favicon.ico   404  2ms
2026/2/7   9:6:58s :: GETon /favicon.ico   404  2ms
2026/2/7   9:6:58s :: GETon /favicon.ico   404  1ms
2026/2/7   9:6:58s :: GETon /favicon.ico   404  1ms
2026/2/7   9:6:58s :: GETon /favicon.ico   404  1ms
2026/2/7   9:6:58s :: GETon /favicon.ico   404  2ms
2026/2/7   9:6:59s :: GETon /favicon.ico   404  2ms
2026/2/7   9:6:59s :: GETon /favicon.ico   404  1ms
2026/2/7   9:6:59s :: GETon /favicon.ico   404  1ms
2026/2/7   9:6:59s :: GETon /favicon.ico   404  2ms
2026/2/7   9:6:59s :: GETon /favicon.ico   404  1ms
2026/2/7   9:6:59s :: GETon /favicon.ico   404  1ms
2026/2/7   9:6:59s :: GETon /favicon.ico   404  1ms
2026/2/7   9:6:59s :: GETon /favicon.ico   404  1ms
2026/2/7   9:6:59s :: GETon /favicon.ico   404  1ms
2026/2/7   9:6:59s :: GETon /favicon.ico   404  1ms
2026/2/7   9:6:59s :: GETon /favicon.ico   404  1ms
2026/2/7   9:13:17s :: POSTon /api/rentals   403  81ms
2026/2/7   9:13:19s :: POSTon /api/rentals   403  40ms
2026/2/7   9:20:2s :: POSTon /api/rentals   403  95ms
2026/2/7   9:20:42s :: POSTon /api/rentals   500  61ms
2026/2/7   9:20:59s :: POSTon /api/rentals   403  61ms
2026/2/7   9:23:35s :: POSTon /api/rentals   500  79ms
2026/2/7   9:25:54s :: POSTon /api/rentals   500  58ms
2026/2/7   9:26:29s :: POSTon /api/rentals   500  59ms
2026/2/7   9:27:40s :: POSTon /api/rentals   201  81ms
2026/2/7   9:27:44s :: POSTon /api/rentals   400  21ms
2026/2/7   9:27:56s :: POSTon /api/rentals   400  31ms
2026/2/7   9:32:52s :: POSTon /api/vehicle   200  30ms
2026/2/7   9:34:32s :: POSTon /api/vehicle   400  17ms
2026/2/7   9:34:43s :: POSTon /api/vehicle   400  1ms
2026/2/7   9:42:38s :: POSTon /api/vehicle   400  11ms
2026/2/7   9:42:41s :: POSTon /api/vehicle   400  2ms
2026/2/7   9:48:26s :: POSTon /api/vehicle   400  11ms
2026/2/7   9:48:28s :: POSTon /api/vehicle   400  2ms
2026/2/7   9:48:46s :: POSTon /api/vehicle   400  16ms
2026/2/7   9:48:47s :: POSTon /api/vehicle   400  3ms
2026/2/7   9:48:49s :: POSTon /api/vehicle   400  2ms
2026/2/7   9:52:2s :: POSTon /api/vehicle   400  57ms
2026/2/7   9:52:56s :: GETon /api/vehicle   200  17ms
2026/2/7   9:53:35s :: GETon /api/vehicle   400  21ms
2026/2/7   9:54:43s :: GETon /api/vehicle   200  63ms
2026/2/7   9:59:20s :: GETon /api/vehicle   200  64ms
2026/2/7   9:59:27s :: POSTon /api/vehicle   400  2ms
2026/2/7   10:0:38s :: POSTon /api/auth/register   404  225ms
2026/2/7   10:0:45s :: POSTon /api/auth/login   201  208ms
2026/2/7   10:0:51s :: POSTon /api/vehicle   400  2ms
2026/2/7   10:1:3s :: POSTon /api/vehicle   400  2ms
2026/2/7   10:1:14s :: POSTon /api/vehicle   403  48ms
2026/2/7   10:1:48s :: POSTon /api/booking   403  16ms
2026/2/7   10:2:21s :: POSTon /api/booking   400  44ms
2026/2/7   10:3:13s :: POSTon /api/nagarikta   200  45ms
2026/2/7   10:3:39s :: POSTon /api/booking   400  12ms
2026/2/7   10:4:12s :: PUTon /api/nagarikta/6986bd05b3e434f0dc544fde/verify   403  16ms
2026/2/7   10:4:48s :: POSTon /api/auth/login   201  405ms
2026/2/7   10:4:55s :: PUTon /api/nagarikta/6986bd05b3e434f0dc544fde/verify   200  36ms
2026/2/7   10:5:26s :: POSTon /api/auth/login   201  229ms
2026/2/7   10:5:34s :: POSTon /api/booking   201  28ms
2026/2/7   10:5:56s :: POSTon /api/rentals   400  50ms
2026/2/7   11:52:26s :: POSTon /api/conatact   404  12ms
2026/2/7   11:55:3s :: POSTon /api/conatact   404  9ms
2026/2/7   11:55:38s :: POSTon /api/contact   201  54ms
2026/2/7   12:5:0s :: GETon /api/contact   403  46ms
2026/2/7   12:5:19s :: GETon /api/contact   200  73ms
2026/2/7   12:14:54s :: POSTon /api/auth/login   201  221ms
2026/2/7   12:14:56s :: POSTon /api/auth/login   201  199ms
2026/2/7   12:14:57s :: POSTon /api/auth/login   201  194ms
2026/2/7   12:14:58s :: POSTon /api/auth/login   201  193ms
2026/2/7   12:15:1s :: POSTon /api/auth/login   201  194ms
2026/2/7   12:15:3s :: POSTon /api/auth/login   201  183ms
2026/2/7   12:15:4s :: POSTon /api/auth/login   201  182ms
2026/2/7   12:15:5s :: POSTon /api/auth/login   201  182ms
2026/2/7   12:15:6s :: POSTon /api/auth/login   201  198ms
2026/2/7   12:15:7s :: POSTon /api/auth/login   201  192ms
2026/2/7   12:15:9s :: POSTon /api/auth/login   201  243ms
2026/2/7   12:15:10s :: POSTon /api/auth/login   201  239ms
2026/2/7   12:15:12s :: POSTon /api/auth/login   201  197ms
2026/2/7   12:15:36s :: GETon /favicon.ico   404  3ms
2026/2/7   12:15:36s :: GETon /favicon.ico   404  1ms
2026/2/7   12:15:36s :: GETon /favicon.ico   404  3ms
2026/2/7   12:15:36s :: GETon /favicon.ico   404  1ms
2026/2/7   12:15:36s :: GETon /favicon.ico   404  1ms
2026/2/7   12:15:36s :: GETon /favicon.ico   404  1ms
2026/2/7   12:15:36s :: GETon /favicon.ico   404  1ms
2026/2/7   12:15:36s :: GETon /favicon.ico   404  2ms
2026/2/7   12:15:36s :: GETon /favicon.ico   404  1ms
2026/2/7   12:15:36s :: GETon /favicon.ico   404  2ms
2026/2/7   12:15:36s :: GETon /favicon.ico   404  1ms
2026/2/7   12:15:36s :: GETon /favicon.ico   404  1ms
2026/2/7   12:15:36s :: GETon /favicon.ico   404  1ms
2026/2/7   12:15:36s :: GETon /favicon.ico   404  1ms
2026/2/7   12:15:36s :: GETon /favicon.ico   404  1ms
2026/2/7   12:15:36s :: GETon /favicon.ico   404  2ms
2026/2/7   12:15:36s :: GETon /favicon.ico   404  1ms
2026/2/7   12:15:36s :: GETon /favicon.ico   404  1ms
2026/2/7   12:15:36s :: GETon /favicon.ico   404  1ms
2026/2/7   12:15:36s :: GETon /favicon.ico   404  1ms
2026/2/7   12:15:36s :: GETon /favicon.ico   404  2ms
2026/2/7   12:15:36s :: GETon /favicon.ico   404  2ms
2026/2/7   12:15:36s :: GETon /favicon.ico   404  1ms
2026/2/7   12:15:36s :: GETon /favicon.ico   404  1ms
2026/2/7   12:15:36s :: GETon /favicon.ico   404  2ms
2026/2/7   12:15:36s :: GETon /favicon.ico   404  1ms
2026/2/7   12:15:36s :: GETon /favicon.ico   404  1ms
2026/2/7   12:15:36s :: GETon /favicon.ico   404  1ms
2026/2/7   12:15:36s :: GETon /favicon.ico   404  2ms
2026/2/7   12:15:36s :: GETon /favicon.ico   404  2ms
2026/2/7   12:15:36s :: GETon /favicon.ico   404  1ms
2026/2/7   12:15:36s :: GETon /favicon.ico   404  1ms
2026/2/7   12:15:36s :: GETon /favicon.ico   404  2ms
2026/2/7   12:15:36s :: GETon /favicon.ico   404  1ms
2026/2/7   12:15:36s :: GETon /favicon.ico   404  1ms
2026/2/7   12:15:36s :: GETon /favicon.ico   404  1ms
2026/2/7   12:15:36s :: GETon /favicon.ico   404  1ms
2026/2/7   12:15:36s :: GETon /favicon.ico   404  2ms
2026/2/7   12:15:36s :: GETon /favicon.ico   404  2ms
2026/2/7   12:15:36s :: GETon /favicon.ico   404  1ms
2026/2/7   12:15:36s :: GETon /favicon.ico   404  1ms
2026/2/7   12:15:36s :: GETon /favicon.ico   404  1ms
2026/2/7   12:15:36s :: GETon /favicon.ico   404  1ms
2026/2/7   12:15:36s :: GETon /favicon.ico   404  1ms
2026/2/7   12:15:36s :: GETon /favicon.ico   404  1ms
2026/2/7   12:15:36s :: GETon /favicon.ico   404  1ms
2026/2/7   12:15:36s :: GETon /favicon.ico   404  2ms
2026/2/7   12:15:36s :: GETon /favicon.ico   404  0ms
2026/2/7   12:15:36s :: GETon /favicon.ico   404  1ms
2026/2/7   12:15:37s :: GETon /favicon.ico   404  2ms
2026/2/7   12:15:37s :: GETon /favicon.ico   404  1ms
2026/2/7   12:15:37s :: GETon /favicon.ico   404  2ms
2026/2/7   12:15:37s :: GETon /favicon.ico   404  2ms
2026/2/7   12:15:37s :: GETon /favicon.ico   404  4ms
2026/2/7   12:15:37s :: GETon /favicon.ico   404  2ms
2026/2/7   12:15:37s :: GETon /favicon.ico   404  1ms
2026/2/7   12:15:37s :: GETon /favicon.ico   404  1ms
2026/2/7   12:15:37s :: GETon /favicon.ico   404  0ms
2026/2/7   12:15:37s :: GETon /favicon.ico   404  1ms
2026/2/7   12:15:37s :: GETon /favicon.ico   404  3ms
2026/2/7   12:15:37s :: GETon /favicon.ico   404  2ms
2026/2/7   12:15:37s :: GETon /favicon.ico   404  1ms
2026/2/7   12:15:37s :: GETon /favicon.ico   404  2ms
2026/2/7   12:15:37s :: GETon /favicon.ico   404  2ms
2026/2/7   12:15:37s :: GETon /favicon.ico   404  2ms
2026/2/7   12:15:37s :: GETon /favicon.ico   404  3ms
2026/2/7   12:15:37s :: GETon /favicon.ico   404  2ms
2026/2/7   12:15:37s :: GETon /favicon.ico   404  2ms
2026/2/7   12:15:37s :: GETon /favicon.ico   404  1ms
2026/2/7   12:15:37s :: GETon /favicon.ico   404  1ms
2026/2/7   12:15:37s :: GETon /favicon.ico   404  2ms
2026/2/7   12:15:37s :: GETon /favicon.ico   404  2ms
2026/2/7   12:15:37s :: GETon /favicon.ico   404  2ms
2026/2/7   12:15:37s :: GETon /favicon.ico   404  2ms
2026/2/7   12:15:37s :: GETon /favicon.ico   404  2ms
2026/2/7   12:15:37s :: GETon /favicon.ico   404  2ms
2026/2/7   12:15:37s :: GETon /favicon.ico   404  1ms
2026/2/7   12:15:37s :: GETon /favicon.ico   404  2ms
2026/2/7   12:15:37s :: GETon /favicon.ico   404  3ms
2026/2/7   12:15:37s :: GETon /favicon.ico   404  2ms
2026/2/7   15:16:44s :: POSTon /api/auth/register   404  55ms
2026/2/7   15:18:44s :: POSTon /api/auth/register   404  11ms
2026/2/7   15:20:2s :: POSTon /api/auth/register   404  342ms
2026/2/7   15:20:16s :: POSTon /api/booking   400  22ms
2026/2/7   15:21:47s :: POSTon /api/booking   400  42ms
2026/2/7   15:25:18s :: POSTon /api/booking   400  35ms
2026/2/7   15:26:4s :: POSTon /api/vehicle   400  13ms
2026/2/7   15:26:24s :: POSTon /api/auth/login   201  155ms
2026/2/7   15:26:30s :: POSTon /api/vehicle   403  6ms
2026/2/7   15:26:38s :: POSTon /api/booking   500  16ms
2026/2/7   15:26:43s :: POSTon /api/booking   500  6ms
2026/2/7   15:27:3s :: POSTon /api/booking   400  53ms
2026/2/7   15:54:52s :: POSTon /api/auth/register   400  40ms
2026/2/7   15:55:21s :: POSTon /api/auth/register   404  237ms
2026/2/7   15:55:32s :: POSTon /api/auth/login   201  295ms
2026/2/7   15:56:31s :: POSTon /api/auth/update   404  2ms
2026/2/7   15:56:40s :: PUTon /api/auth/update   500  2ms
2026/2/7   15:59:46s :: PUTon /api/auth/update   500  10ms
2026/2/7   16:0:30s :: PUTon /api/auth/update   500  5ms
2026/2/7   16:2:13s :: PUTon /api/auth/update   500  2ms
2026/2/7   16:5:51s :: PUTon /api/auth/update   500  31ms
2026/2/7   16:7:24s :: PUTon /api/auth/update   200  276ms
2026/2/7   16:7:39s :: PUTon /api/auth/login   404  3ms
2026/2/7   16:7:51s :: POSTon /api/auth/login   201  198ms
2026/2/7   16:8:26s :: POSTon /api/auth/register   400  7ms
2026/2/7   16:8:45s :: POSTon /api/auth/register   400  7ms
2026/2/7   16:8:54s :: POSTon /api/auth/register   404  267ms
2026/2/7   16:9:6s :: POSTon /api/auth/register   404  193ms
2026/2/7   16:9:19s :: POSTon /api/auth/login   201  221ms
2026/2/7   16:14:47s :: POSTon /api/auth/login   400  28ms
2026/2/7   16:15:0s :: POSTon /api/auth/login   201  198ms
2026/2/7   16:15:18s :: POSTon /api/auth/login   400  5ms
2026/2/7   16:15:50s :: POSTon /api/auth/login   201  218ms
2026/2/7   16:15:59s :: POSTon /api/auth/login   201  268ms
2026/2/7   16:16:9s :: POSTon /api/auth/login   400  6ms
2026/2/7   16:17:8s :: POSTon /api/auth/login   201  283ms
2026/2/7   16:17:14s :: POSTon /api/auth/login   400  16ms
2026/2/7   16:17:22s :: POSTon /api/auth/login   400  5ms
2026/2/7   16:17:30s :: POSTon /api/auth/login   201  361ms
2026/2/7   16:18:46s :: POSTon /api/auth/login   400  24ms
2026/2/7   16:18:58s :: POSTon /api/auth/login   201  258ms
2026/2/7   16:22:52s :: POSTon /api/vehicle   200  100ms
2026/2/7   16:23:13s :: POSTon /api/booking   400  27ms
2026/2/7   16:23:39s :: POSTon /api/nagarikta   200  25ms
2026/2/7   16:23:56s :: PUTon /api/nagarikta/6987162f25b4170370baf843/verify   200  22ms
2026/2/7   16:24:6s :: POSTon /api/booking   201  31ms
2026/2/7   16:24:47s :: POSTon /api/rentals   500  31ms
2026/2/7   16:25:46s :: POSTon /api/rentals   500  58ms
2026/2/7   16:28:7s :: POSTon /api/rentals   500  64ms
2026/2/7   16:35:13s :: POSTon /api/rentals   404  65ms
2026/2/7   16:35:40s :: POSTon /api/license   200  46ms
2026/2/7   16:36:29s :: PUTon /api/license/6987190020251419bfbf30f8/verify   400  5ms
2026/2/7   16:39:44s :: PUTon /api/license/6987190020251419bfbf30f8/verify   400  2ms
2026/2/7   16:40:6s :: PUTon /api/license/6987190020251419bfbf30f8/verify   200  104ms
2026/2/7   16:40:41s :: POSTon /api/rentals   201  69ms
2026/2/7   19:1:37s :: POSTon /api/license   500  193ms
2026/2/7   19:1:49s :: POSTon /api/license   200  40ms
2026/2/7   19:2:13s :: GETon /api/license   500  29ms
2026/2/7   19:5:17s :: GETon /api/license   500  45ms
2026/2/7   19:7:7s :: GETon /api/license   200  63ms
2026/2/8   10:41:8s :: GETon /api/license   200  137ms
2026/2/10   13:17:44s :: POSTon /api/auth/login   201  409ms
2026/2/10   13:18:4s :: POSTon /api/vehicle   404  47ms
2026/2/10   13:18:14s :: POSTon /api/vehicle   400  36ms
2026/2/10   13:18:24s :: POSTon /api/vehicle   200  76ms
2026/3/27   8:19:15s :: GETon /   404  27ms
2026/3/27   8:19:16s :: GETon /favicon.ico   404  3ms
2026/3/27   8:19:40s :: GETon /auth/register   404  1ms
2026/3/27   8:20:38s :: GETon /api/vehicle   401  2ms
2026/3/27   8:20:53s :: POSTon /api/auth/login   400  19ms
2026/3/27   8:21:19s :: POSTon /api/auth/register   404  284ms
2026/3/27   8:21:30s :: POSTon /api/auth/login   201  203ms
2026/3/27   8:21:37s :: GETon /api/vehicle   200  28ms
2026/3/27   8:21:59s :: POSTon /api/vehicle   200  49ms
2026/3/27   8:22:2s :: POSTon /api/vehicle   404  25ms
2026/3/27   8:22:14s :: POSTon /api/vehicle   400  20ms
2026/3/27   8:22:47s :: POSTon /api/vehicle   200  41ms
2026/3/27   8:23:6s :: GETon /api/vehicle   401  2ms
2026/3/30   21:28:36s :: GETon /api/vehicle   200  167ms
2026/3/30   21:31:38s :: GETon /api/vehicle   401  2ms
2026/3/30   21:31:38s :: GETon /api/vehicle   401  4ms
2026/3/30   21:31:41s :: GETon /api/vehicle   401  3ms
2026/3/30   21:31:41s :: GETon /api/vehicle   401  5ms
2026/3/30   21:42:5s :: GETon /api/vehicle   401  21ms
2026/3/30   21:42:49s :: GETon /api/vehicle   401  12ms
2026/3/30   21:42:58s :: GETon /api/vehicle   401  18ms
2026/3/30   21:43:9s :: GETon /api/vehicle   401  25ms
2026/3/30   21:43:9s :: GETon /api/vehicle   401  3ms
2026/3/30   21:44:15s :: GETon /api/vehicle   401  3ms
2026/3/30   21:44:15s :: GETon /api/vehicle   401  2ms
2026/3/30   21:46:44s :: GETon /api/vehicle   200  45ms
2026/3/30   21:46:44s :: GETon /api/vehicle   304  9ms
2026/3/30   21:48:18s :: GETon /api/vehicle   401  52ms
2026/3/30   21:48:18s :: GETon /api/vehicle   401  2ms
2026/3/30   21:49:36s :: GETon /api/vehicle   401  8ms
2026/3/30   21:49:36s :: GETon /api/vehicle   401  4ms
2026/3/30   21:50:49s :: GETon /api/vehicle   200  80ms
2026/3/30   21:50:49s :: GETon /api/vehicle   304  21ms
2026/3/30   21:55:24s :: GETon /api/vehicle   304  13ms
2026/3/30   21:55:24s :: GETon /api/vehicle   304  7ms
2026/3/30   22:4:54s :: GETon /api/vehicle   304  30ms
2026/3/30   22:4:55s :: GETon /api/vehicle   304  10ms
2026/3/30   22:8:26s :: GETon /api/vehicle   304  15ms
2026/3/30   22:8:26s :: GETon /api/vehicle   304  11ms
2026/3/30   22:8:27s :: GETon /api/vehicle   304  36ms
2026/3/30   22:8:27s :: GETon /api/vehicle   200  24ms
2026/3/30   22:8:27s :: GETon /api/vehicle   304  15ms
2026/3/30   22:11:6s :: GETon /api/vehicle   304  13ms
2026/3/30   22:11:6s :: GETon /api/vehicle   304  14ms
2026/3/30   22:11:9s :: GETon /api/vehicle   304  15ms
2026/3/30   22:11:9s :: GETon /api/vehicle   304  12ms
2026/3/30   22:11:12s :: GETon /api/vehicle   304  11ms
2026/3/30   22:11:12s :: GETon /api/vehicle   304  8ms
2026/3/30   22:30:6s :: GETon /api/vehicle   304  59ms
2026/3/30   22:30:6s :: GETon /api/vehicle   304  8ms
2026/3/30   22:53:12s :: GETon /api/vehicle   304  35ms
2026/3/30   22:53:12s :: GETon /api/vehicle   304  8ms
2026/3/30   22:53:13s :: GETon /api/vehicle   304  7ms
2026/3/30   22:53:15s :: GETon /api/vehicle   304  8ms
2026/3/30   22:53:18s :: GETon /api/vehicle   304  7ms
2026/3/30   23:7:25s :: GETon /api/vehicle   304  48ms
2026/3/30   23:7:25s :: GETon /api/vehicle   304  26ms
2026/3/30   23:9:14s :: GETon /api/vehicle   304  6ms
2026/3/30   23:9:14s :: GETon /api/vehicle   304  7ms
2026/3/30   23:9:20s :: GETon /api/vehicle   304  15ms
2026/3/30   23:9:20s :: GETon /api/vehicle   304  8ms
2026/3/30   23:12:51s :: GETon /api/vehicle   304  20ms
2026/3/30   23:12:51s :: GETon /api/vehicle   304  19ms
2026/3/30   23:13:7s :: GETon /api/vehicle   304  12ms
2026/3/30   23:13:7s :: GETon /api/vehicle   304  9ms
2026/3/30   23:13:11s :: GETon /api/vehicle   304  11ms
2026/3/30   23:13:11s :: GETon /api/vehicle   304  10ms
2026/4/1   9:55:49s :: GETon /api/vehicle   304  37ms
2026/4/1   9:55:49s :: GETon /api/vehicle   304  12ms
2026/4/1   10:0:3s :: GETon /api/vehicle   304  14ms
2026/4/1   10:0:3s :: GETon /api/vehicle   304  8ms
2026/4/1   10:0:50s :: GETon /api/vehicle   304  16ms
2026/4/1   10:0:50s :: GETon /api/vehicle   304  11ms
2026/4/1   10:1:32s :: GETon /api/vehicle   304  8ms
2026/4/1   10:24:55s :: GETon /api/vehicle   304  30ms
2026/4/1   10:24:55s :: GETon /api/vehicle   304  7ms
2026/4/1   10:25:3s :: GETon /api/vehicle   304  12ms
2026/4/1   10:25:3s :: GETon /api/vehicle   304  16ms
2026/4/1   10:26:54s :: GETon /api/vehicle   304  4ms
2026/4/1   10:26:54s :: GETon /api/vehicle   304  4ms
2026/4/1   10:26:57s :: GETon /api/vehicle   304  6ms
2026/4/1   10:26:57s :: GETon /api/vehicle   304  8ms
2026/4/1   10:27:11s :: GETon /api/vehicle   304  5ms
2026/4/1   10:27:11s :: GETon /api/vehicle   304  6ms
2026/4/1   10:27:17s :: GETon /api/vehicle   304  7ms
2026/4/1   10:27:17s :: GETon /api/vehicle   304  11ms
2026/4/1   10:27:54s :: GETon /api/vehicle   304  8ms
2026/4/1   10:27:54s :: GETon /api/vehicle   304  7ms
2026/4/1   10:28:8s :: GETon /api/vehicle   304  9ms
2026/4/1   10:28:8s :: GETon /api/vehicle   304  10ms
2026/4/1   10:28:31s :: GETon /api/vehicle   304  7ms
2026/4/1   10:28:31s :: GETon /api/vehicle   304  6ms
2026/4/1   10:28:33s :: GETon /api/vehicle   304  6ms
2026/4/1   10:28:33s :: GETon /api/vehicle   304  5ms
2026/4/1   10:28:34s :: GETon /api/vehicle   304  13ms
2026/4/1   10:28:34s :: GETon /api/vehicle   304  5ms
2026/4/1   10:28:40s :: GETon /api/vehicle   304  7ms
2026/4/1   10:28:40s :: GETon /api/vehicle   304  5ms
2026/4/1   10:28:41s :: GETon /api/vehicle   304  10ms
2026/4/1   10:28:41s :: GETon /api/vehicle   304  10ms
2026/4/1   10:28:42s :: GETon /api/vehicle   304  5ms
2026/4/1   10:28:42s :: GETon /api/vehicle   304  6ms
2026/4/1   10:28:43s :: GETon /api/vehicle   304  6ms
2026/4/1   10:28:43s :: GETon /api/vehicle   304  8ms
2026/4/1   10:28:44s :: GETon /api/vehicle   304  6ms
2026/4/1   10:28:44s :: GETon /api/vehicle   304  8ms
2026/4/1   10:28:45s :: GETon /api/vehicle   304  5ms
2026/4/1   10:28:46s :: GETon /api/vehicle   304  9ms
2026/4/1   10:30:49s :: GETon /api/vehicle   304  9ms
2026/4/1   10:30:49s :: GETon /api/vehicle   304  8ms
2026/4/1   10:32:28s :: GETon /api/vehicle   304  13ms
2026/4/1   10:32:31s :: GETon /api/vehicle   304  6ms
2026/4/1   10:32:31s :: GETon /api/vehicle   304  5ms
2026/4/1   10:32:42s :: GETon /api/vehicle   304  3ms
2026/4/1   10:32:53s :: GETon /api/vehicle   304  9ms
2026/4/1   10:32:53s :: GETon /api/vehicle   304  8ms
2026/4/1   10:34:53s :: GETon /api/vehicle   304  40ms
2026/4/1   10:34:53s :: GETon /api/vehicle   304  9ms
2026/4/1   10:37:17s :: GETon /api/vehicle   200  55ms
2026/4/1   10:37:18s :: GETon /api/vehicle   304  8ms
2026/4/1   10:41:22s :: GETon /api/vehicle   304  14ms
2026/4/1   10:41:22s :: GETon /api/vehicle   304  12ms
2026/4/1   10:41:36s :: GETon /api/vehicle   304  16ms
2026/4/1   10:41:36s :: GETon /api/vehicle   304  9ms
2026/4/1   10:42:40s :: GETon /api/vehicle   304  8ms
2026/4/1   10:42:40s :: GETon /api/vehicle   304  9ms
2026/4/1   10:43:7s :: GETon /api/vehicle   304  15ms
2026/4/1   10:43:7s :: GETon /api/vehicle   304  10ms
2026/4/1   10:43:9s :: GETon /api/vehicle   304  8ms
2026/4/1   10:43:9s :: GETon /api/vehicle   304  9ms
2026/4/1   10:43:41s :: GETon /api/vehicle   304  7ms
2026/4/1   10:43:41s :: GETon /api/vehicle   304  9ms
2026/4/1   10:43:52s :: GETon /api/vehicle   304  5ms
2026/4/1   10:43:52s :: GETon /api/vehicle   304  8ms
2026/4/1   10:45:49s :: GETon /api/vehicle   304  6ms
2026/4/1   10:45:49s :: GETon /api/vehicle   304  7ms
2026/4/1   10:45:51s :: GETon /api/vehicle   304  6ms
2026/4/1   10:45:51s :: GETon /api/vehicle   304  10ms
2026/4/1   10:47:39s :: GETon /api/vehicle   304  7ms
2026/4/1   10:47:39s :: GETon /api/vehicle   304  5ms
2026/4/1   10:47:40s :: GETon /api/vehicle   304  8ms
2026/4/1   10:47:40s :: GETon /api/vehicle   304  12ms
2026/4/1   10:52:1s :: GETon /api/vehicle   304  7ms
2026/4/1   10:52:1s :: GETon /api/vehicle   304  9ms
2026/4/1   12:0:46s :: GETon /api/vehicle   304  10ms
2026/4/1   12:0:46s :: GETon /api/vehicle   304  4ms
2026/4/1   12:2:18s :: GETon /api/vehicle   304  5ms
2026/4/1   12:2:18s :: GETon /api/vehicle   304  4ms
2026/4/1   12:3:47s :: GETon /api/vehicle   304  5ms
2026/4/1   12:3:47s :: GETon /api/vehicle   304  5ms
2026/4/1   12:14:26s :: GETon /api/vehicle   200  33ms
2026/4/1   12:14:26s :: GETon /api/vehicle   304  11ms
2026/4/1   12:15:20s :: GETon /api/vehicle   200  13ms
2026/4/1   12:15:20s :: GETon /api/vehicle   304  7ms
2026/4/1   12:16:0s :: GETon /api/vehicle   304  14ms
2026/4/1   12:16:0s :: GETon /api/vehicle   304  6ms
2026/4/1   12:18:43s :: GETon /api/vehicle   304  13ms
2026/4/1   12:18:43s :: GETon /api/vehicle   304  8ms
2026/4/1   12:19:2s :: GETon /api/vehicle   304  13ms
2026/4/1   12:19:2s :: GETon /api/vehicle   304  5ms
2026/4/1   12:19:51s :: GETon /api/vehicle   304  8ms
2026/4/1   12:19:51s :: GETon /api/vehicle   304  10ms
2026/4/1   12:20:32s :: GETon /api/vehicle   304  7ms
2026/4/1   12:20:32s :: GETon /api/vehicle   304  10ms
2026/4/1   12:20:46s :: GETon /api/vehicle   304  11ms
2026/4/1   12:20:46s :: GETon /api/vehicle   304  13ms
2026/4/1   12:21:17s :: GETon /api/vehicle   304  11ms
2026/4/1   12:21:17s :: GETon /api/vehicle   304  16ms
2026/4/1   12:26:20s :: GETon /api/vehicle   304  9ms
2026/4/1   12:26:20s :: GETon /api/vehicle   304  8ms
2026/4/1   12:27:23s :: GETon /api/vehicle   304  9ms
2026/4/1   12:27:23s :: GETon /api/vehicle   304  8ms
2026/4/1   12:33:4s :: GETon /api/vehicle   304  5ms
2026/4/1   12:33:4s :: GETon /api/vehicle   304  4ms
2026/4/1   12:57:41s :: GETon /api/vehicle   304  33ms
2026/4/1   12:57:41s :: GETon /api/vehicle   304  9ms
2026/4/1   12:58:39s :: GETon /api/vehicle   200  19ms
2026/4/1   12:58:39s :: GETon /api/vehicle   304  6ms
2026/4/1   13:0:46s :: GETon /api/vehicle   304  10ms
2026/4/1   13:0:46s :: GETon /api/vehicle   304  10ms
2026/4/1   13:1:0s :: GETon /api/vehicle   304  6ms
2026/4/1   13:1:0s :: GETon /api/vehicle   304  8ms
2026/4/1   13:2:57s :: GETon /api/vehicle   304  13ms
2026/4/1   13:2:57s :: GETon /api/vehicle   304  10ms
2026/4/1   13:9:14s :: GETon /api/vehicle   304  11ms
2026/4/1   13:9:14s :: GETon /api/vehicle   304  8ms
2026/4/1   13:14:57s :: GETon /api/vehicle   304  11ms
2026/4/1   13:14:57s :: GETon /api/vehicle   304  8ms
2026/4/1   13:15:59s :: GETon /api/vehicle   304  6ms
2026/4/1   13:15:59s :: GETon /api/vehicle   304  6ms
2026/4/1   13:17:6s :: GETon /api/vehicle   304  7ms
2026/4/1   13:17:6s :: GETon /api/vehicle   304  7ms
2026/4/1   13:18:25s :: GETon /api/vehicle   304  8ms
2026/4/1   13:18:25s :: GETon /api/vehicle   304  6ms
2026/4/1   13:19:19s :: GETon /api/vehicle   304  11ms
2026/4/1   13:19:19s :: GETon /api/vehicle   304  7ms
2026/4/1   13:20:22s :: GETon /api/vehicle   304  8ms
2026/4/1   13:20:22s :: GETon /api/vehicle   304  6ms
2026/4/1   13:22:13s :: GETon /api/vehicle   304  8ms
2026/4/1   13:22:13s :: GETon /api/vehicle   304  8ms
2026/4/1   13:29:27s :: GETon /api/vehicle   304  15ms
2026/4/1   13:29:27s :: GETon /api/vehicle   304  8ms
2026/4/1   13:35:35s :: GETon /api/vehicle   304  9ms
2026/4/1   13:35:35s :: GETon /api/vehicle   304  10ms
2026/4/1   13:35:39s :: GETon /api/vehicle   304  5ms
2026/4/1   13:35:39s :: GETon /api/vehicle   304  5ms
2026/4/1   13:36:22s :: GETon /api/vehicle   304  11ms
2026/4/1   13:36:22s :: GETon /api/vehicle   304  6ms
2026/4/1   13:38:2s :: GETon /api/vehicle   304  7ms
2026/4/1   13:38:2s :: GETon /api/vehicle   304  10ms
2026/4/1   13:38:31s :: GETon /api/vehicle   304  9ms
2026/4/1   13:38:31s :: GETon /api/vehicle   304  6ms
2026/4/1   13:38:37s :: GETon /api/vehicle   304  12ms
2026/4/1   13:38:37s :: GETon /api/vehicle   304  14ms
2026/4/1   13:40:21s :: GETon /api/vehicle   304  10ms
2026/4/1   13:40:21s :: GETon /api/vehicle   304  6ms
2026/4/1   13:40:28s :: GETon /api/vehicle   304  13ms
2026/4/1   13:40:28s :: GETon /api/vehicle   304  24ms
2026/4/1   13:41:2s :: GETon /api/vehicle   304  7ms
2026/4/1   13:41:2s :: GETon /api/vehicle   304  9ms
2026/4/1   13:41:59s :: GETon /api/vehicle   304  10ms
2026/4/1   13:41:59s :: GETon /api/vehicle   304  6ms
2026/4/1   13:46:8s :: GETon /api/vehicle   304  10ms
2026/4/1   13:46:8s :: GETon /api/vehicle   304  4ms
2026/4/1   13:46:12s :: GETon /api/vehicle   304  5ms
2026/4/1   13:46:12s :: GETon /api/vehicle   304  7ms
2026/4/1   13:46:17s :: GETon /api/vehicle   304  6ms
2026/4/1   13:46:17s :: GETon /api/vehicle   304  5ms
2026/4/1   13:47:5s :: GETon /api/vehicle   304  6ms
2026/4/1   13:47:5s :: GETon /api/vehicle   304  8ms
2026/4/1   13:47:23s :: GETon /api/vehicle   304  10ms
2026/4/1   13:47:23s :: GETon /api/vehicle   304  8ms
2026/4/1   13:47:32s :: GETon /api/vehicle   304  4ms
2026/4/1   13:47:32s :: GETon /api/vehicle   304  5ms
2026/4/1   13:47:37s :: GETon /api/vehicle   304  4ms
2026/4/1   13:47:37s :: GETon /api/vehicle   304  4ms
2026/4/1   13:50:34s :: GETon /api/vehicle   304  11ms
2026/4/1   13:50:34s :: GETon /api/vehicle   304  5ms
2026/4/1   13:52:58s :: GETon /api/vehicle   304  5ms
2026/4/1   13:52:58s :: GETon /api/vehicle   304  8ms
2026/4/1   13:53:0s :: GETon /api/vehicle   304  6ms
2026/4/1   13:53:0s :: GETon /api/vehicle   304  7ms
2026/4/1   14:4:50s :: GETon /api/vehicle   304  12ms
2026/4/1   14:4:50s :: GETon /api/vehicle   304  11ms
2026/4/1   14:4:59s :: GETon /api/vehicle   304  10ms
2026/4/1   14:4:59s :: GETon /api/vehicle   304  16ms
2026/4/1   19:3:35s :: GETon /api/vehicle   304  59ms
2026/4/1   19:3:35s :: GETon /api/vehicle   304  6ms
2026/4/1   19:28:26s :: GETon /api/vehicle   304  86ms
2026/4/1   19:28:26s :: GETon /api/vehicle   304  15ms
2026/4/1   19:39:45s :: GETon /api/vehicle   200  14ms
2026/4/1   19:40:29s :: POSTon /api/vehicle   401  2ms
2026/4/1   19:40:43s :: POSTon /api/auth/login   201  339ms
2026/4/1   19:40:49s :: POSTon /api/vehicle   404  54ms
2026/4/1   19:41:26s :: POSTon /api/vehicle   200  101ms
2026/4/1   19:42:31s :: GETon /api/vehicle   200  11ms
2026/4/1   19:42:31s :: GETon /api/vehicle   304  12ms
2026/4/1   19:54:44s :: POSTon /api/vehicle   200  36ms
2026/4/1   19:55:0s :: POSTon /api/vehicle   400  33ms
2026/4/1   19:57:7s :: GETon /api/vehicle   200  11ms
2026/4/1   19:57:7s :: GETon /api/vehicle   304  9ms
2026/4/1   19:57:23s :: GETon /api/vehicle   200  18ms
2026/4/1   19:57:23s :: GETon /api/vehicle   304  19ms
2026/4/1   19:58:43s :: GETon /api/vehicle   200  13ms
2026/4/1   19:58:43s :: GETon /api/vehicle   304  12ms
2026/4/1   19:59:0s :: GETon /api/vehicle   304  17ms
2026/4/1   19:59:0s :: GETon /api/vehicle   304  20ms
2026/4/1   21:7:16s :: GETon /api/vehicle   304  21ms
2026/4/1   21:7:16s :: GETon /api/vehicle   304  33ms
2026/4/1   21:8:39s :: GETon /api/vehicle   304  13ms
2026/4/1   21:8:39s :: GETon /api/vehicle   304  9ms
2026/4/1   21:8:55s :: GETon /api/vehicle   304  13ms
2026/4/1   21:8:55s :: GETon /api/vehicle   304  9ms
2026/4/1   21:9:1s :: GETon /api/vehicle   304  19ms
2026/4/1   21:9:1s :: GETon /api/vehicle   304  10ms
2026/4/1   21:9:13s :: GETon /api/vehicle   304  17ms
2026/4/1   21:9:13s :: GETon /api/vehicle   304  8ms
2026/4/1   21:9:14s :: GETon /api/vehicle   304  13ms
2026/4/1   21:9:14s :: GETon /api/vehicle   304  10ms
2026/4/1   21:14:54s :: GETon /api/vehicle   200  51ms
2026/4/1   21:14:54s :: GETon /api/vehicle   304  16ms
2026/4/1   21:17:21s :: GETon /api/vehicle   200  17ms
2026/4/1   21:17:21s :: GETon /api/vehicle   304  13ms
2026/4/1   21:19:19s :: GETon /api/vehicle   304  15ms
2026/4/1   21:19:19s :: GETon /api/vehicle   304  17ms
2026/4/1   21:19:20s :: GETon /api/vehicle   304  34ms
2026/4/1   21:19:20s :: GETon /api/vehicle   304  12ms
2026/4/1   21:22:17s :: GETon /api/vehicle   304  48ms
2026/4/1   21:22:17s :: GETon /api/vehicle   304  11ms
2026/4/1   21:22:17s :: GETon /api/vehicle   304  13ms
2026/4/1   21:22:17s :: GETon /api/vehicle   304  11ms
2026/4/1   21:22:49s :: GETon /api/vehicle   304  13ms
2026/4/1   21:22:49s :: GETon /api/vehicle   304  15ms
2026/4/1   21:28:51s :: POSTon /api/vehicle   200  137ms
2026/4/1   21:29:34s :: POSTon /api/vehicle   404  22ms
2026/4/1   21:29:48s :: POSTon /api/vehicle   200  30ms
2026/4/1   21:32:16s :: GETon /api/vehicle   200  16ms
2026/4/1   21:32:16s :: GETon /api/vehicle   304  17ms
2026/4/1   21:40:28s :: GETon /api/vehicle   304  56ms
2026/4/1   21:40:28s :: GETon /api/vehicle   304  21ms
2026/4/1   21:44:4s :: GETon /api/vehicle   200  17ms
2026/4/1   21:44:4s :: GETon /api/vehicle   304  13ms
2026/4/1   21:44:11s :: GETon /api/vehicle   304  22ms
2026/4/1   21:44:11s :: GETon /api/vehicle   304  26ms
2026/4/1   21:45:0s :: GETon /api/vehicle   304  14ms
2026/4/1   21:45:1s :: GETon /api/vehicle   304  20ms
2026/4/1   21:46:9s :: GETon /api/vehicle   304  27ms
2026/4/1   21:46:9s :: GETon /api/vehicle   304  14ms
2026/4/1   21:46:21s :: GETon /api/vehicle   304  13ms
2026/4/1   21:46:21s :: GETon /api/vehicle   304  13ms
2026/4/1   21:46:28s :: GETon /api/vehicle   304  16ms
2026/4/1   21:46:28s :: GETon /api/vehicle   304  9ms
2026/4/1   21:47:9s :: GETon /api/vehicle   304  14ms
2026/4/1   21:47:9s :: GETon /api/vehicle   304  19ms
2026/4/1   21:47:47s :: GETon /api/vehicle   304  16ms
2026/4/1   21:47:47s :: GETon /api/vehicle   304  16ms
2026/4/1   21:48:22s :: GETon /api/vehicle   304  11ms
2026/4/1   21:48:22s :: GETon /api/vehicle   304  11ms
2026/4/1   21:48:27s :: GETon /api/vehicle   304  23ms
2026/4/1   21:48:27s :: GETon /api/vehicle   304  21ms
2026/4/1   21:48:56s :: GETon /api/vehicle   304  15ms
2026/4/1   21:48:56s :: GETon /api/vehicle   304  19ms
2026/4/1   21:53:9s :: GETon /api/vehicle   304  11ms
2026/4/1   21:53:9s :: GETon /api/vehicle   304  10ms
2026/4/1   21:56:56s :: GETon /api/vehicle   304  6ms
2026/4/1   21:56:56s :: GETon /api/vehicle   304  7ms
2026/4/1   21:57:23s :: GETon /api/vehicle   304  13ms
2026/4/1   21:57:23s :: GETon /api/vehicle   304  7ms
2026/4/1   21:57:33s :: GETon /api/vehicle   304  13ms
2026/4/1   21:57:33s :: GETon /api/vehicle   304  8ms
2026/4/1   22:5:40s :: GETon /api/vehivle/69cd3d7186e74125f33da520   404  34ms
2026/4/1   22:5:40s :: GETon /api/vehivle/69cd3d7186e74125f33da520   404  4ms
2026/4/1   22:5:55s :: GETon /api/vehivle/69cd3d7186e74125f33da520   404  2ms
2026/4/1   22:5:55s :: GETon /api/vehivle/69cd3d7186e74125f33da520   404  3ms
2026/4/1   22:6:12s :: GETon /api/vehicle/69cd3d7186e74125f33da520   401  12ms
2026/4/1   22:6:12s :: GETon /api/vehicle/69cd3d7186e74125f33da520   401  1ms
2026/4/1   22:6:21s :: GETon /api/vehicles/69cd3d7186e74125f33da520   404  1ms
2026/4/1   22:6:21s :: GETon /api/vehicles/69cd3d7186e74125f33da520   404  1ms
2026/4/1   22:8:8s :: GETon /api/vehicle/69cd3d7186e74125f33da520   401  2ms
2026/4/1   22:8:8s :: GETon /api/vehicle/69cd3d7186e74125f33da520   401  1ms
2026/4/2   5:58:38s :: GETon /api/vehicle/69cd3d7186e74125f33da520   401  267ms
2026/4/2   5:58:38s :: GETon /api/vehicle/69cd3d7186e74125f33da520   401  5ms
2026/4/3   7:51:8s :: GETon /api/vehicle   304  188ms
2026/4/3   7:51:9s :: GETon /api/vehicle   304  68ms
2026/4/3   7:51:10s :: GETon /api/vehicle/69cd3d7186e74125f33da520   401  5ms
2026/4/3   7:51:10s :: GETon /api/vehicle/69cd3d7186e74125f33da520   401  2ms
2026/4/3   8:3:14s :: GETon /api/vehicle/69cd3d7186e74125f33da520   401  9ms
2026/4/3   8:3:14s :: GETon /api/vehicle/69cd3d7186e74125f33da520   401  2ms
2026/4/3   8:3:25s :: GETon /api/vehicle/69cd3d7186e74125f33da520   401  6ms
2026/4/3   8:3:25s :: GETon /api/vehicle/69cd3d7186e74125f33da520   401  3ms
2026/4/3   8:23:38s :: POSTon /api/auth/login   201  348ms
2026/4/3   8:23:47s :: GETon /api/vehicle/69cd3d7186e74125f33da520   401  3ms
2026/4/3   8:23:47s :: GETon /api/vehicle/69cd3d7186e74125f33da520   401  4ms
2026/4/3   8:23:50s :: GETon /api/vehicle/69cd3d7186e74125f33da520   401  2ms
2026/4/3   8:23:50s :: GETon /api/vehicle/69cd3d7186e74125f33da520   401  2ms
2026/4/3   8:26:39s :: GETon /api/vehicle/69cd3d7186e74125f33da520   200  74ms
2026/4/3   8:26:39s :: GETon /api/vehicle/69cd3d7186e74125f33da520   304  12ms
2026/4/3   8:37:13s :: GETon /api/vehicle/69cd3d7186e74125f33da520   401  15ms
2026/4/3   8:37:13s :: GETon /favicon.ico   404  4ms
2026/4/3   8:37:47s :: POSTon /api/auth/register   400  36ms
2026/4/3   8:38:3s :: POSTon /api/auth/register   400  30ms
2026/4/3   8:38:10s :: POSTon /api/auth/register   404  326ms
2026/4/3   8:38:17s :: POSTon /api/auth/login   201  219ms
2026/4/3   8:38:20s :: GETon /api/vehicle/69cd3d7186e74125f33da520   401  3ms
2026/4/3   8:38:22s :: GETon /api/vehicle/69cd3d7186e74125f33da520   401  4ms
2026/4/3   8:38:22s :: GETon /api/vehicle/69cd3d7186e74125f33da520   401  6ms
2026/4/3   8:38:22s :: GETon /api/vehicle/69cd3d7186e74125f33da520   401  6ms
2026/4/3   10:37:26s :: GETon /api/vehicle/69cd3d7186e74125f33da520   401  1ms
2026/4/3   10:37:43s :: GETon /api/vehicle/69cd3d7186e74125f33da520   401  113ms
2026/4/3   10:37:44s :: GETon /api/vehicle/69cd3d7186e74125f33da520   401  22ms
2026/4/3   10:54:33s :: GETon /api/vehicle/69cd3d7186e74125f33da520   401  3ms
2026/4/3   10:54:33s :: GETon /api/vehicle/69cd3d7186e74125f33da520   401  1ms
2026/4/3   10:55:43s :: GETon /api/vehicle/69cd3d7186e74125f33da520   401  1ms
2026/4/3   10:55:43s :: GETon /api/vehicle/69cd3d7186e74125f33da520   401  1ms
2026/4/3   10:56:5s :: GETon /api/vehicle/69cd3d7186e74125f33da520   401  1ms
2026/4/3   10:56:5s :: GETon /api/vehicle/69cd3d7186e74125f33da520   401  2ms
2026/4/3   10:56:13s :: GETon /api/vehicle   304  84ms
2026/4/3   10:56:13s :: GETon /api/vehicle   304  19ms
2026/4/3   10:56:16s :: GETon /api/vehicle   304  14ms
2026/4/3   10:56:16s :: GETon /api/vehicle   304  17ms
2026/4/3   11:0:8s :: GETon /api/vehicle   304  12ms
2026/4/3   11:0:8s :: GETon /api/vehicle   304  9ms
2026/4/3   11:0:10s :: GETon /api/vehicle   304  14ms
2026/4/3   11:0:10s :: GETon /api/vehicle   304  16ms
2026/4/3   11:0:16s :: GETon /api/vehicle   304  13ms
2026/4/3   11:0:16s :: GETon /api/vehicle   304  13ms
2026/4/3   11:0:44s :: GETon /api/vehicle   304  11ms
2026/4/3   11:0:44s :: GETon /api/vehicle   304  11ms
2026/4/3   11:3:21s :: GETon /api/vehicle/69c5ed7b192665c2c1779cb7   401  3ms
2026/4/3   11:3:21s :: GETon /api/vehicle/69c5ed7b192665c2c1779cb7   401  1ms
2026/4/3   11:3:31s :: GETon /api/vehicle/69c5ed7b192665c2c1779cb7   401  2ms
2026/4/3   11:3:31s :: GETon /api/vehicle/69c5ed7b192665c2c1779cb7   401  2ms
2026/4/3   11:6:38s :: GETon /api/vehicle/69c5ed7b192665c2c1779cb7   401  2ms
2026/4/3   11:6:38s :: GETon /api/vehicle/69c5ed7b192665c2c1779cb7   401  1ms
2026/4/3   11:7:5s :: GETon /api/auth/login   404  4ms
2026/4/3   11:7:5s :: GETon /favicon.ico   404  2ms
2026/4/3   11:7:21s :: GETon /api/auth/login   404  1ms
2026/4/3   11:7:42s :: POSTon /api/auth/login   201  191ms
2026/4/3   11:12:57s :: GETon /api/vehicle/69c5ed7b192665c2c1779cb7   401  3ms
2026/4/3   11:12:57s :: GETon /api/vehicle/69c5ed7b192665c2c1779cb7   401  1ms
2026/4/3   11:12:59s :: GETon /api/vehicle/69c5ed7b192665c2c1779cb7   401  1ms
2026/4/3   11:12:59s :: GETon /api/vehicle/69c5ed7b192665c2c1779cb7   401  2ms
2026/4/3   11:13:17s :: GETon /api/vehicle/69c5ed7b192665c2c1779cb7   401  0ms
2026/4/3   11:13:17s :: GETon /api/vehicle/69c5ed7b192665c2c1779cb7   401  0ms
2026/4/3   11:13:19s :: GETon /api/vehicle/69c5ed7b192665c2c1779cb7   401  1ms
2026/4/3   11:13:19s :: GETon /api/vehicle/69c5ed7b192665c2c1779cb7   401  1ms
2026/4/3   11:13:33s :: GETon /api/vehicle/69c5ed7b192665c2c1779cb7   401  0ms
2026/4/3   11:13:33s :: GETon /api/vehicle/69c5ed7b192665c2c1779cb7   401  1ms
2026/4/3   11:13:38s :: GETon /api/vehicle   304  29ms
2026/4/3   11:13:38s :: GETon /api/vehicle   304  21ms
2026/4/3   11:13:45s :: GETon /api/vehicle   304  8ms
2026/4/3   11:13:45s :: GETon /api/vehicle   304  9ms
2026/4/3   11:13:47s :: GETon /api/vehicle   304  9ms
2026/4/3   11:13:47s :: GETon /api/vehicle   304  7ms
2026/4/3   11:13:52s :: GETon /api/vehicle   304  11ms
2026/4/3   11:13:52s :: GETon /api/vehicle   304  12ms
2026/4/3   11:13:53s :: GETon /api/vehicle   304  19ms
2026/4/3   11:13:53s :: GETon /api/vehicle   304  18ms
2026/4/3   11:13:55s :: GETon /api/vehicle   304  12ms
2026/4/3   11:13:55s :: GETon /api/vehicle   304  7ms
2026/4/3   11:13:56s :: GETon /api/vehicle   304  16ms
2026/4/3   11:13:56s :: GETon /api/vehicle   304  17ms
2026/4/3   11:14:8s :: GETon /api/vehicle   304  15ms
2026/4/3   11:14:8s :: GETon /api/vehicle   304  12ms
2026/4/3   11:15:4s :: GETon /api/vehicle   304  80ms
2026/4/3   11:15:4s :: GETon /api/vehicle   304  19ms
2026/4/3   11:15:18s :: GETon /api/vehicle/69cd2728d9b9a49c395bac73   401  7ms
2026/4/3   11:15:18s :: GETon /api/vehicle/69cd2728d9b9a49c395bac73   401  3ms
2026/4/3   11:15:47s :: GETon /api/vehicle   304  33ms
2026/4/3   11:15:47s :: GETon /api/vehicle   304  25ms
2026/4/3   11:17:11s :: GETon /api/vehicle   200  12ms
2026/4/3   11:17:23s :: GETon /api/vehicle   200  9ms
2026/4/3   11:18:39s :: GETon /api/vehicle   200  57ms
2026/4/3   11:18:41s :: GETon /api/vehicle   200  34ms
2026/4/3   11:19:19s :: GETon /api/vehicle   401  23ms
2026/4/3   11:19:19s :: GETon /api/vehicle   401  2ms
2026/4/3   11:19:39s :: GETon /api/vehicle   401  4ms
2026/4/3   11:19:58s :: GETon /api/vehicle   304  28ms
2026/4/3   11:20:6s :: GETon /api/vehicle   304  28ms
2026/4/3   11:20:6s :: GETon /api/vehicle   304  16ms
2026/4/3   11:20:9s :: GETon /api/vehicle/69cd3d7186e74125f33da520   401  10ms
2026/4/3   11:20:9s :: GETon /api/vehicle/69cd3d7186e74125f33da520   401  5ms
2026/4/3   11:20:27s :: GETon /api/vehicle   304  114ms
2026/4/3   11:20:27s :: GETon /api/vehicle   304  39ms
2026/4/3   11:20:30s :: GETon /api/vehicle   304  13ms
2026/4/3   11:20:30s :: GETon /api/vehicle   304  14ms
2026/4/3   11:20:34s :: GETon /api/vehicle/69cd3d7186e74125f33da520   200  63ms
2026/4/3   11:20:34s :: GETon /api/vehicle/69cd3d7186e74125f33da520   304  20ms
2026/4/3   11:20:46s :: GETon /api/vehicle/69cd3d7186e74125f33da520   304  37ms
2026/4/3   11:20:47s :: GETon /api/vehicle/69cd3d7186e74125f33da520   304  36ms
2026/4/3   11:21:32s :: GETon /api/vehicle   401  13ms
2026/4/3   11:21:32s :: GETon /api/vehicle   401  4ms
2026/4/3   11:21:34s :: GETon /api/vehicle   401  3ms
2026/4/3   11:21:34s :: GETon /api/vehicle   401  1ms
2026/4/3   11:25:58s :: GETon /api/vehicle/69cd3d7186e74125f33da520   401  7ms
2026/4/3   11:26:1s :: GETon /api/vehicle,   404  6ms
2026/4/3   11:26:5s :: GETon /api/vehicle   401  1ms
2026/4/3   11:28:57s :: GETon /api/vehicle   401  2ms
2026/4/3   11:28:57s :: GETon /api/vehicle   401  5ms
2026/4/3   11:29:24s :: GETon /api/vehicle   401  2ms
2026/4/3   11:29:24s :: GETon /api/vehicle   401  2ms
2026/4/3   11:29:53s :: GETon /api/vehicle   200  71ms
2026/4/3   11:29:53s :: GETon /api/vehicle   304  19ms
2026/4/3   11:30:9s :: GETon /api/vehicle/69cd3d7186e74125f33da520   401  6ms
2026/4/3   11:30:9s :: GETon /api/vehicle/69cd3d7186e74125f33da520   401  4ms
2026/4/3   11:30:59s :: GETon /api/vehicle   304  18ms
2026/4/3   11:30:59s :: GETon /api/vehicle   304  18ms
2026/4/3   11:30:59s :: GETon /api/vehicle   304  14ms
2026/4/3   11:31:0s :: GETon /api/vehicle   304  14ms
2026/4/3   11:32:25s :: GETon /api/vehicle   304  12ms
2026/4/3   11:32:25s :: GETon /api/vehicle   304  7ms
2026/4/3   11:38:51s :: GETon /api/vehicle   200  83ms
2026/4/3   11:38:51s :: GETon /api/vehicle   304  21ms
2026/4/3   11:38:53s :: GETon /api/vehicle/69cd3d7186e74125f33da520   401  9ms
2026/4/3   11:38:53s :: GETon /api/vehicle/69cd3d7186e74125f33da520   401  3ms
2026/4/3   11:39:2s :: GETon /api/vehicle/69cd3d7186e74125f33da520   401  3ms
2026/4/3   11:39:2s :: GETon /api/vehicle/69cd3d7186e74125f33da520   401  2ms
2026/4/3   20:55:12s :: GETon /api/vehicle/69cd3d7186e74125f33da520   401  24ms
2026/4/3   20:55:12s :: GETon /api/vehicle/69cd3d7186e74125f33da520   401  3ms
2026/4/3   20:55:23s :: GETon /api/vehicle/69cd3d7186e74125f33da520   401  2ms
2026/4/3   20:55:23s :: GETon /api/vehicle/69cd3d7186e74125f33da520   401  2ms
2026/4/3   20:58:0s :: GETon /api/vehicle   304  81ms
2026/4/3   20:58:0s :: GETon /api/vehicle   304  15ms
2026/4/3   20:58:3s :: GETon /api/vehicle   304  15ms
2026/4/3   20:58:3s :: GETon /api/vehicle   304  11ms
2026/4/4   22:28:27s :: GETon /api/vehicle   304  42ms
2026/4/4   22:28:27s :: GETon /api/vehicle   304  14ms
2026/4/4   22:28:45s :: GETon /api/vehicle/69c5ed7b192665c2c1779cb7   401  6ms
2026/4/4   22:28:45s :: GETon /api/vehicle/69c5ed7b192665c2c1779cb7   401  4ms
2026/4/4   22:28:55s :: GETon /api/vehicle/69c5ed7b192665c2c1779cb7   401  1ms
2026/4/4   22:28:55s :: GETon /api/vehicle/69c5ed7b192665c2c1779cb7   401  2ms
2026/4/4   22:34:28s :: GETon /api/vehicle/697b21029a3f4415bb4d5013/review   404  5ms
2026/4/4   22:37:38s :: GETon /api/vehicle/69c5ed4b192665c2c1779cad   200  65ms
2026/4/4   22:38:56s :: GETon /api/vehicle/69c5ed7b192665c2c1779cb7   401  4ms
2026/4/4   22:38:56s :: GETon /api/vehicle/69c5ed7b192665c2c1779cb7   401  3ms
2026/4/4   22:39:12s :: GETon /api/vehicle/69c5ed7b192665c2c1779cb7   401  3ms
2026/4/4   22:39:12s :: GETon /api/vehicle/69c5ed7b192665c2c1779cb7   401  2ms
2026/4/4   22:39:13s :: GETon /api/vehicle/69c5ed7b192665c2c1779cb7   401  3ms
2026/4/4   22:39:13s :: GETon /api/vehicle/69c5ed7b192665c2c1779cb7   401  4ms
2026/4/4   22:44:23s :: GETon /api/vehicle/69c5ed7b192665c2c1779cb7   401  3ms
2026/4/4   22:44:24s :: GETon /api/vehicle/69c5ed7b192665c2c1779cb7   401  1ms
2026/4/4   22:44:33s :: GETon /api/vehicle/69c5ed7b192665c2c1779cb7   401  2ms
2026/4/4   22:44:33s :: GETon /api/vehicle/69c5ed7b192665c2c1779cb7   401  1ms
2026/4/4   22:44:39s :: GETon /api/vehicle/69c5ed7b192665c2c1779cb7   401  3ms
2026/4/4   22:44:41s :: GETon /api/vehicle/69c5ed7b192665c2c1779cb7   401  2ms
2026/4/4   22:44:41s :: GETon /api/vehicle/69c5ed7b192665c2c1779cb7   401  2ms
2026/4/8   20:52:38s :: GETon /api/vehicle   304  125ms
2026/4/8   20:52:38s :: GETon /api/vehicle   304  16ms
2026/4/8   20:53:31s :: GETon /api/vehicle/69cd3d7186e74125f33da520   401  6ms
2026/4/8   20:53:31s :: GETon /api/vehicle/69cd3d7186e74125f33da520   401  4ms
2026/4/8   20:53:43s :: GETon /api/vehicle/69cd3d7186e74125f33da520   401  2ms
2026/4/8   20:53:43s :: GETon /api/vehicle/69cd3d7186e74125f33da520   401  3ms
2026/4/8   20:59:9s :: GETon /api/vehicle/69cd3d7186e74125f33da520   401  6ms
2026/4/8   20:59:9s :: GETon /api/vehicle/69cd3d7186e74125f33da520   401  4ms
2026/4/8   21:4:27s :: GETon /api/vehicle/69cd3d7186e74125f33da520   401  22ms
2026/4/8   21:4:27s :: GETon /api/vehicle/69cd3d7186e74125f33da520   401  5ms
2026/4/8   21:4:29s :: GETon /api/vehicle/69cd3d7186e74125f33da520   401  3ms
2026/4/8   21:4:29s :: GETon /api/vehicle/69cd3d7186e74125f33da520   401  2ms
2026/4/8   21:33:50s :: GETon /api/vehicle/69cd3d7186e74125f33da520   200  80ms
2026/4/8   21:33:50s :: GETon /api/vehicle/69cd3d7186e74125f33da520   304  14ms
2026/4/8   21:33:55s :: GETon /api/vehicle   304  46ms
2026/4/8   21:33:55s :: GETon /api/vehicle   304  22ms
2026/4/8   21:33:58s :: GETon /api/vehicle   304  25ms
2026/4/8   21:33:58s :: GETon /api/vehicle   304  12ms
2026/4/8   21:34:1s :: GETon /api/vehicle/69cd240ad9b9a49c395bac6c   200  26ms
2026/4/8   21:34:1s :: GETon /api/vehicle/69cd240ad9b9a49c395bac6c   304  34ms
2026/4/8   21:34:32s :: GETon /api/vehicle/69cd240ad9b9a49c395bac6c   304  18ms
2026/4/8   21:34:32s :: GETon /api/vehicle/69cd240ad9b9a49c395bac6c   304  15ms
2026/4/8   21:39:57s :: GETon /api/vehicle/69cd240ad9b9a49c395bac6c   304  21ms
2026/4/8   21:39:57s :: GETon /api/vehicle/69cd240ad9b9a49c395bac6c   304  12ms
2026/4/8   21:41:2s :: GETon /api/vehicle/69cd240ad9b9a49c395bac6c   304  15ms
2026/4/8   21:41:2s :: GETon /api/vehicle/69cd240ad9b9a49c395bac6c   304  8ms
2026/4/8   22:7:55s :: GETon /api/vehicle   304  116ms
2026/4/8   22:7:56s :: GETon /api/vehicle   304  27ms
2026/4/8   22:15:39s :: GETon /api/vehicle   304  18ms
2026/4/8   22:15:40s :: GETon /api/vehicle   304  24ms
2026/4/8   22:15:48s :: GETon /api/vehicle   304  25ms
2026/4/8   22:15:49s :: GETon /api/vehicle   304  23ms
2026/4/8   22:16:0s :: GETon /api/vehicle   304  14ms
2026/4/8   22:16:1s :: GETon /api/vehicle   304  20ms
2026/4/8   22:23:30s :: GETon /api/vehicle/69cd240ad9b9a49c395bac6c   304  31ms
2026/4/8   22:23:30s :: GETon /api/vehicle/69cd240ad9b9a49c395bac6c   304  9ms
2026/4/8   22:23:37s :: GETon /api/vehicle/69cd240ad9b9a49c395bac6c   304  14ms
2026/4/8   22:23:37s :: GETon /api/vehicle/69cd240ad9b9a49c395bac6c   304  12ms
2026/4/8   22:27:19s :: GETon /api/vehicle/69cd240ad9b9a49c395bac6c   304  20ms
2026/4/8   22:27:19s :: GETon /api/vehicle/69cd240ad9b9a49c395bac6c   304  21ms
2026/4/8   22:27:20s :: GETon /api/vehicle   304  26ms
2026/4/8   22:27:20s :: GETon /api/vehicle   304  19ms
2026/4/8   22:32:26s :: GETon /api/vehicle   304  8ms
2026/4/8   22:32:26s :: GETon /api/vehicle   304  7ms
2026/4/8   22:32:29s :: GETon /api/vehicle/69c5ed4b192665c2c1779cad   200  26ms
2026/4/8   22:32:29s :: GETon /api/vehicle/69c5ed4b192665c2c1779cad   304  22ms
2026/4/8   22:36:17s :: GETon /api/vehicle/69c5ed4b192665c2c1779cad   304  10ms
2026/4/8   22:36:17s :: GETon /api/vehicle/69c5ed4b192665c2c1779cad   304  8ms
2026/4/8   22:36:50s :: GETon /api/vehicle/69c5ed4b192665c2c1779cad   304  29ms
2026/4/8   22:36:50s :: GETon /api/vehicle/69c5ed4b192665c2c1779cad   304  18ms
2026/4/8   22:37:19s :: GETon /api/vehicle/69c5ed4b192665c2c1779cad   304  9ms
2026/4/8   22:37:19s :: GETon /api/vehicle/69c5ed4b192665c2c1779cad   304  8ms
2026/4/8   22:41:10s :: GETon /api/vehicle/69c5ed4b192665c2c1779cad   304  10ms
2026/4/8   22:41:10s :: GETon /api/vehicle/69c5ed4b192665c2c1779cad   304  10ms
2026/4/8   22:41:31s :: GETon /api/vehicle/69c5ed4b192665c2c1779cad   304  7ms
2026/4/8   22:41:31s :: GETon /api/vehicle/69c5ed4b192665c2c1779cad   304  8ms
2026/4/8   22:41:41s :: GETon /api/vehicle/69c5ed4b192665c2c1779cad   304  6ms
2026/4/8   22:41:41s :: GETon /api/vehicle/69c5ed4b192665c2c1779cad   304  14ms
2026/4/8   22:41:45s :: GETon /api/vehicle/69c5ed4b192665c2c1779cad   304  15ms
2026/4/8   22:41:45s :: GETon /api/vehicle/69c5ed4b192665c2c1779cad   304  13ms
2026/4/8   22:41:49s :: GETon /api/vehicle   304  10ms
2026/4/8   22:41:49s :: GETon /api/vehicle   304  9ms
2026/4/8   22:42:11s :: GETon /api/vehicle/69cd240ad9b9a49c395bac6c   304  8ms
2026/4/8   22:42:11s :: GETon /api/vehicle/69cd240ad9b9a49c395bac6c   304  10ms
2026/4/8   22:46:53s :: GETon /api/vehicle/69cd240ad9b9a49c395bac6c   304  17ms
2026/4/8   22:46:53s :: GETon /api/vehicle/69cd240ad9b9a49c395bac6c   304  20ms
2026/4/8   22:47:15s :: GETon /api/vehicle/69cd240ad9b9a49c395bac6c   304  9ms
2026/4/8   22:47:15s :: GETon /api/vehicle/69cd240ad9b9a49c395bac6c   304  12ms
2026/4/8   22:49:24s :: GETon /api/vehicle   304  15ms
2026/4/8   22:49:24s :: GETon /api/vehicle   304  12ms
2026/4/8   22:49:27s :: GETon /api/vehicle/69cd3d3786e74125f33da519   200  20ms
2026/4/8   22:49:27s :: GETon /api/vehicle/69cd3d3786e74125f33da519   304  17ms
2026/4/8   22:50:5s :: GETon /api/vehicle   304  18ms
2026/4/8   22:50:5s :: GETon /api/vehicle   304  18ms
2026/4/8   22:50:7s :: GETon /api/vehicle/69c5ed7b192665c2c1779cb7   200  30ms
2026/4/8   22:50:7s :: GETon /api/vehicle/69c5ed7b192665c2c1779cb7   304  17ms
2026/4/8   22:50:8s :: GETon /api/vehicle   304  23ms
2026/4/8   22:50:8s :: GETon /api/vehicle   304  21ms
2026/4/8   22:50:10s :: GETon /api/vehicle/69cd240ad9b9a49c395bac6c   304  27ms
2026/4/8   22:50:10s :: GETon /api/vehicle/69cd240ad9b9a49c395bac6c   304  20ms
2026/4/8   22:50:11s :: GETon /api/vehicle   304  13ms
2026/4/8   22:50:11s :: GETon /api/vehicle   304  13ms
2026/4/8   22:50:13s :: GETon /api/vehicle/69cd2728d9b9a49c395bac73   200  25ms
2026/4/8   22:50:13s :: GETon /api/vehicle/69cd2728d9b9a49c395bac73   304  14ms
2026/4/8   22:50:14s :: GETon /api/vehicle   304  19ms
2026/4/8   22:50:14s :: GETon /api/vehicle   304  23ms
2026/4/8   22:50:16s :: GETon /api/vehicle/69cd3d7186e74125f33da520   304  15ms
2026/4/8   22:50:16s :: GETon /api/vehicle/69cd3d7186e74125f33da520   304  17ms
2026/4/8   22:50:21s :: GETon /api/vehicle   304  13ms
2026/4/8   22:50:21s :: GETon /api/vehicle   304  20ms
2026/4/8   22:50:23s :: GETon /api/vehicle/69cd3d3786e74125f33da519   304  15ms
2026/4/8   22:50:23s :: GETon /api/vehicle/69cd3d3786e74125f33da519   304  14ms
2026/4/8   22:50:24s :: GETon /api/vehicle   304  17ms
2026/4/8   22:50:24s :: GETon /api/vehicle   304  17ms
2026/4/8   22:50:25s :: GETon /api/vehicle/69cd3d7186e74125f33da520   304  11ms
2026/4/8   22:50:25s :: GETon /api/vehicle/69cd3d7186e74125f33da520   304  10ms
2026/4/8   22:50:27s :: GETon /api/vehicle   304  24ms
2026/4/8   22:50:27s :: GETon /api/vehicle   304  19ms
2026/4/8   22:50:29s :: GETon /api/vehicle/69cd2728d9b9a49c395bac73   304  9ms
2026/4/8   22:50:29s :: GETon /api/vehicle/69cd2728d9b9a49c395bac73   304  6ms
2026/4/8   22:50:30s :: GETon /api/vehicle   304  14ms
2026/4/8   22:50:30s :: GETon /api/vehicle   304  18ms
2026/4/8   22:50:32s :: GETon /api/vehicle/69cd240ad9b9a49c395bac6c   304  14ms
2026/4/8   22:50:32s :: GETon /api/vehicle/69cd240ad9b9a49c395bac6c   304  18ms
2026/4/8   22:50:33s :: GETon /api/vehicle   304  16ms
2026/4/8   22:50:33s :: GETon /api/vehicle   304  15ms
2026/4/8   22:50:35s :: GETon /api/vehicle/69cd3d7186e74125f33da520   304  17ms
2026/4/8   22:50:35s :: GETon /api/vehicle/69cd3d7186e74125f33da520   304  21ms
2026/4/8   22:50:51s :: GETon /api/vehicle   304  12ms
2026/4/8   22:50:51s :: GETon /api/vehicle   304  17ms
2026/4/20   14:19:48s :: GETon /api/vehicle   200  58ms
2026/4/20   14:19:48s :: GETon /api/vehicle   304  12ms
2026/4/20   14:19:48s :: GETon /api/vehicle   304  11ms
2026/4/20   14:19:48s :: GETon /api/vehicle   304  10ms
2026/4/20   14:19:48s :: GETon /api/vehicle   304  10ms
2026/4/20   14:19:48s :: GETon /api/vehicle   304  8ms
2026/4/20   14:20:18s :: GETon /api/vehicle   304  28ms
2026/4/20   14:20:18s :: GETon /api/vehicle   304  24ms
2026/4/20   14:30:17s :: GETon /api/vehicle/69c5ed7b192665c2c1779cb7   200  76ms
2026/4/20   14:30:17s :: GETon /api/vehicle/69c5ed7b192665c2c1779cb7   304  14ms
2026/4/20   14:30:20s :: GETon /api/vehicle   304  20ms
2026/4/20   14:30:20s :: GETon /api/vehicle   304  23ms
2026/4/20   14:30:22s :: GETon /api/vehicle/69cd3d7186e74125f33da520   200  25ms
2026/4/20   14:30:22s :: GETon /api/vehicle/69cd3d7186e74125f33da520   304  21ms
2026/4/20   14:30:23s :: GETon /api/vehicle   304  20ms
2026/4/20   14:30:23s :: GETon /api/vehicle   304  17ms
2026/4/20   14:30:25s :: GETon /api/vehicle/69cd3d3786e74125f33da519   200  14ms
2026/4/20   14:30:25s :: GETon /api/vehicle/69cd3d3786e74125f33da519   304  11ms
2026/4/20   14:30:26s :: GETon /api/vehicle   304  20ms
2026/4/20   14:30:26s :: GETon /api/vehicle   304  27ms
2026/4/20   14:30:54s :: GETon /api/vehicle/69cd3d7186e74125f33da520   304  11ms
2026/4/20   14:30:54s :: GETon /api/vehicle/69cd3d7186e74125f33da520   304  13ms
2026/4/20   14:30:56s :: GETon /api/vehicle   304  16ms
2026/4/20   14:30:56s :: GETon /api/vehicle   304  20ms
2026/4/20   14:30:59s :: GETon /api/vehicle/69c5ed7b192665c2c1779cb7   304  25ms
2026/4/20   14:30:59s :: GETon /api/vehicle/69c5ed7b192665c2c1779cb7   304  17ms
2026/4/20   14:31:8s :: GETon /api/vehicle   304  13ms
2026/4/20   14:31:8s :: GETon /api/vehicle   304  10ms
2026/4/20   14:31:18s :: GETon /api/vehicle/69cd2728d9b9a49c395bac73   200  21ms
2026/4/20   14:31:18s :: GETon /api/vehicle/69cd2728d9b9a49c395bac73   304  18ms
2026/4/20   14:31:26s :: GETon /api/vehicle   304  14ms
2026/4/20   14:31:26s :: GETon /api/vehicle   304  19ms
2026/4/20   14:31:29s :: GETon /api/vehicle/69cd3d3786e74125f33da519   304  11ms
2026/4/20   14:31:29s :: GETon /api/vehicle/69cd3d3786e74125f33da519   304  9ms
2026/4/20   14:31:31s :: GETon /api/vehicle   304  15ms
2026/4/20   14:31:31s :: GETon /api/vehicle   304  18ms
2026/4/20   14:38:48s :: GETon /api/vehicle/69c5ed7b192665c2c1779cb7   304  18ms
2026/4/20   14:38:48s :: GETon /api/vehicle/69c5ed7b192665c2c1779cb7   304  15ms
2026/4/20   14:38:55s :: GETon /api/vehicle   304  9ms
2026/4/20   14:38:55s :: GETon /api/vehicle   304  7ms
2026/4/20   14:38:58s :: GETon /api/vehicle/69cd2728d9b9a49c395bac73   304  16ms
2026/4/20   14:38:58s :: GETon /api/vehicle/69cd2728d9b9a49c395bac73   304  14ms
2026/4/20   14:38:59s :: GETon /api/vehicle   304  20ms
2026/4/20   14:38:59s :: GETon /api/vehicle   304  17ms
2026/4/20   14:39:3s :: GETon /api/vehicle/69cd3d7186e74125f33da520   304  17ms
2026/4/20   14:39:3s :: GETon /api/vehicle/69cd3d7186e74125f33da520   304  14ms
2026/4/20   14:39:4s :: GETon /api/vehicle   304  17ms
2026/4/20   14:39:4s :: GETon /api/vehicle   304  19ms
2026/4/20   14:39:9s :: GETon /api/vehicle/69c5ed7b192665c2c1779cb7   304  8ms
2026/4/20   14:39:9s :: GETon /api/vehicle/69c5ed7b192665c2c1779cb7   304  7ms
2026/4/20   14:39:11s :: GETon /api/vehicle   304  13ms
2026/4/20   14:39:11s :: GETon /api/vehicle   304  12ms
2026/4/20   14:39:13s :: GETon /api/vehicle/69cd3d3786e74125f33da519   304  19ms
2026/4/20   14:39:13s :: GETon /api/vehicle/69cd3d3786e74125f33da519   304  18ms
2026/4/20   14:39:20s :: GETon /api/vehicle   304  15ms
2026/4/20   14:39:20s :: GETon /api/vehicle   304  16ms
2026/4/20   21:4:47s :: GETon /api/vehicle   304  57ms
2026/4/20   21:4:47s :: GETon /api/vehicle   304  22ms
2026/4/20   21:17:19s :: GETon /api/vehicle   304  37ms
2026/4/20   21:17:20s :: GETon /api/vehicle   304  18ms
2026/4/20   21:17:30s :: GETon /api/vehicle   304  9ms
2026/4/20   21:17:30s :: GETon /api/vehicle   304  13ms
2026/4/20   21:17:57s :: GETon /api/vehicle/69cd3d7186e74125f33da520   304  41ms
2026/4/20   21:17:57s :: GETon /api/vehicle/69cd3d7186e74125f33da520   304  10ms
2026/4/20   21:18:20s :: GETon /api/vehicle   304  9ms
2026/4/20   21:18:20s :: GETon /api/vehicle   304  5ms
2026/4/20   21:18:29s :: GETon /api/vehicle   304  13ms
2026/4/20   21:18:29s :: GETon /api/vehicle   304  8ms
2026/4/20   21:22:18s :: GETon /api/vehicle/69c5ed7b192665c2c1779cb7   304  17ms
2026/4/20   21:22:18s :: GETon /api/vehicle/69c5ed7b192665c2c1779cb7   304  14ms
2026/4/20   21:26:12s :: GETon /api/vehicle/69c5ed7b192665c2c1779cb7   304  12ms
2026/4/20   21:26:12s :: GETon /api/vehicle/69c5ed7b192665c2c1779cb7   304  9ms
2026/4/20   21:27:9s :: GETon /api/vehicle/69c5ed7b192665c2c1779cb7   304  14ms
2026/4/20   21:27:9s :: GETon /api/vehicle/69c5ed7b192665c2c1779cb7   304  16ms
2026/4/21   11:2:20s :: GETon /api/vehicle/69c5ed7b192665c2c1779cb7   304  105ms
2026/4/21   11:2:20s :: GETon /api/vehicle/69c5ed7b192665c2c1779cb7   304  30ms
2026/4/21   11:38:3s :: GETon /api/vehicle/69c5ed7b192665c2c1779cb7   304  124ms
2026/4/21   11:57:27s :: GETon /api/vehicle/69c5ed7b192665c2c1779cb7   304  539ms
2026/4/21   11:57:28s :: GETon /api/vehicle/69c5ed7b192665c2c1779cb7   304  172ms
2026/4/21   11:58:37s :: GETon /api/vehicle/69c5ed7b192665c2c1779cb7   304  158ms
2026/4/21   11:58:37s :: GETon /api/vehicle/69c5ed7b192665c2c1779cb7   304  79ms
2026/4/21   11:58:42s :: GETon /api/vehicle   304  46ms
2026/4/21   11:58:42s :: GETon /api/vehicle   304  53ms
2026/4/21   11:58:50s :: GETon /api/vehicle/69cd3d7186e74125f33da520   304  36ms
2026/4/21   11:58:50s :: GETon /api/vehicle/69cd3d7186e74125f33da520   304  33ms
2026/4/21   11:58:53s :: GETon /api/vehicle   304  57ms
2026/4/21   11:58:53s :: GETon /api/vehicle   304  40ms
2026/4/21   11:58:55s :: GETon /api/vehicle/69cd2728d9b9a49c395bac73   304  45ms
2026/4/21   11:58:55s :: GETon /api/vehicle/69cd2728d9b9a49c395bac73   304  30ms
2026/4/21   11:58:57s :: GETon /api/vehicle   304  28ms
2026/4/21   11:58:57s :: GETon /api/vehicle   304  34ms
2026/4/21   11:58:59s :: GETon /api/vehicle/69c5ed4b192665c2c1779cad   200  50ms
2026/4/21   11:58:59s :: GETon /api/vehicle/69c5ed4b192665c2c1779cad   304  37ms
2026/4/21   11:59:3s :: GETon /api/vehicle   304  37ms
2026/4/21   11:59:3s :: GETon /api/vehicle   304  39ms
2026/4/21   12:0:34s :: GETon /api/vehicle   304  34ms
2026/4/21   12:0:34s :: GETon /api/vehicle   304  33ms
2026/4/21   12:0:37s :: GETon /api/vehicle/69cd240ad9b9a49c395bac6c   200  66ms
2026/4/21   12:0:37s :: GETon /api/vehicle/69cd240ad9b9a49c395bac6c   304  33ms
2026/4/21   12:4:39s :: GETon /api/vehicle/69cd240ad9b9a49c395bac6c   304  36ms
2026/4/21   12:4:39s :: GETon /api/vehicle/69cd240ad9b9a49c395bac6c   304  33ms
2026/4/21   12:4:45s :: GETon /api/vehicle   304  34ms
2026/4/21   12:4:46s :: GETon /api/vehicle   304  26ms
2026/4/21   12:4:49s :: GETon /api/vehicle/69c5ed4b192665c2c1779cad   304  35ms
2026/4/21   12:4:49s :: GETon /api/vehicle/69c5ed4b192665c2c1779cad   304  44ms
2026/4/21   12:8:14s :: GETon /api/vehicle   304  57ms
2026/4/21   12:8:14s :: GETon /api/vehicle   304  37ms
2026/4/21   12:10:54s :: GETon /api/vehicle/69c5ed4b192665c2c1779cad   200  169ms
2026/4/21   12:16:34s :: GETon /api/vehicle   304  91ms
2026/4/21   12:16:34s :: GETon /api/vehicle   304  14ms
2026/4/21   12:16:46s :: GETon /api/vehicle   304  15ms
2026/4/21   12:16:46s :: GETon /api/vehicle   304  16ms
2026/4/21   12:18:19s :: GETon /api/vehicle   200  12ms
2026/4/21   12:18:31s :: POSTon /api/vehicle   401  2ms
2026/4/21   12:18:50s :: POSTon /api/auth/login   201  300ms
2026/4/21   12:18:59s :: POSTon /api/vehicle   404  26ms
2026/4/21   12:19:17s :: POSTon /api/vehicle   400  22ms
2026/4/21   12:19:57s :: POSTon /api/vehicle   200  64ms
2026/4/21   12:20:14s :: GETon /api/vehicle   200  16ms
2026/4/21   12:20:14s :: GETon /api/vehicle   304  15ms
2026/4/21   12:22:19s :: POSTon /api/vehicle   200  18ms
2026/4/21   12:22:40s :: POSTon /api/vehicle   200  23ms
2026/4/21   12:23:3s :: POSTon /api/vehicle   400  12ms
2026/4/21   12:23:24s :: POSTon /api/vehicle   200  38ms
2026/4/21   12:25:0s :: POSTon /api/vehicle   400  14ms
2026/4/21   12:25:16s :: POSTon /api/vehicle   200  25ms
2026/4/21   12:25:20s :: GETon /api/vehicle   200  33ms
2026/4/21   12:25:20s :: GETon /api/vehicle   304  28ms
2026/4/21   12:33:16s :: GETon /api/vehicle   200  15ms
2026/4/21   12:33:16s :: GETon /api/vehicle   304  16ms
2026/4/21   12:34:14s :: GETon /api/vehicle   200  16ms
2026/4/21   12:34:14s :: GETon /api/vehicle   304  21ms
2026/4/21   12:35:24s :: GETon /api/vehicle   200  20ms
2026/4/21   12:35:24s :: GETon /api/vehicle   304  21ms
2026/4/21   12:36:2s :: GETon /api/vehicle   200  14ms
2026/4/21   12:36:2s :: GETon /api/vehicle   304  22ms
2026/4/21   20:6:11s :: GETon /api/vehicle   304  44ms
2026/4/21   20:6:11s :: GETon /api/vehicle   304  17ms
2026/4/21   20:28:52s :: GETon /api/vehicle   200  14ms
2026/4/21   20:28:52s :: GETon /api/vehicle   304  17ms
2026/4/21   20:29:59s :: GETon /api/vehicle   200  21ms
2026/4/21   20:29:59s :: GETon /api/vehicle   304  13ms
2026/4/21   20:35:10s :: GETon /api/vehicle   200  18ms
2026/4/21   20:35:10s :: GETon /api/vehicle   304  18ms
2026/4/21   20:35:55s :: GETon /api/vehicle   200  14ms
2026/4/21   20:35:55s :: GETon /api/vehicle   304  11ms
2026/4/21   20:40:56s :: POSTon /api/vehicle   400  28ms
2026/4/21   20:41:6s :: POSTon /api/vehicle   200  23ms
2026/4/21   20:41:18s :: POSTon /api/vehicle   200  15ms
2026/4/21   20:41:31s :: POSTon /api/vehicle   200  29ms
2026/4/21   20:41:36s :: GETon /api/vehicle   200  17ms
2026/4/21   20:41:36s :: GETon /api/vehicle   304  16ms
2026/4/21   20:52:7s :: GETon /api/vehicle   200  28ms
2026/4/21   20:52:7s :: GETon /api/vehicle   304  19ms
2026/4/21   20:54:37s :: GETon /api/vehicle   200  10ms
2026/4/21   20:54:37s :: GETon /api/vehicle   304  13ms
2026/4/21   20:54:58s :: GETon /api/vehicle   200  12ms
2026/4/21   20:54:58s :: GETon /api/vehicle   304  11ms
2026/4/21   20:59:26s :: GETon /api/vehicle   200  15ms
2026/4/21   20:59:26s :: GETon /api/vehicle   304  12ms
2026/4/21   21:39:13s :: GETon /api/vehicle/69c5ed7b192665c2c1779cb7   200  142ms
2026/4/21   21:39:13s :: GETon /api/vehicle/69c5ed7b192665c2c1779cb7   304  23ms
2026/4/21   21:43:1s :: GETon /api/vehicle/69c5ed7b192665c2c1779cb7   304  20ms
2026/4/21   21:43:1s :: GETon /api/vehicle/69c5ed7b192665c2c1779cb7   304  19ms
2026/4/21   21:54:22s :: GETon /api/vehicle   304  65ms
2026/4/21   21:54:22s :: GETon /api/vehicle   304  13ms
2026/4/21   21:54:25s :: GETon /api/vehicle/69c5ed7b192665c2c1779cb7   304  33ms
2026/4/21   21:54:25s :: GETon /api/vehicle/69c5ed7b192665c2c1779cb7   304  12ms
2026/4/21   21:54:27s :: GETon /api/vehicle   304  47ms
2026/4/21   21:54:27s :: GETon /api/vehicle   304  43ms
2026/4/21   21:54:31s :: GETon /api/vehicle/69e71b609b85cb04b20e1ff4   200  35ms
2026/4/21   21:54:31s :: GETon /api/vehicle/69e71b609b85cb04b20e1ff4   304  18ms
2026/4/21   21:54:34s :: GETon /api/vehicle   304  42ms
2026/4/21   21:54:34s :: GETon /api/vehicle   304  38ms
2026/4/21   21:54:37s :: GETon /api/vehicle/69cd3d7186e74125f33da520   304  26ms
2026/4/21   21:54:37s :: GETon /api/vehicle/69cd3d7186e74125f33da520   304  24ms
2026/4/21   21:54:39s :: GETon /api/vehicle   304  30ms
2026/4/21   21:54:39s :: GETon /api/vehicle   304  38ms
2026/4/21   21:54:41s :: GETon /api/vehicle/69cd3d3786e74125f33da519   304  24ms
2026/4/21   21:54:41s :: GETon /api/vehicle/69cd3d3786e74125f33da519   304  19ms
2026/4/22   6:24:2s :: GETon /api/vehicle/69cd3d3786e74125f33da519   304  727ms
2026/4/22   6:24:3s :: GETon /api/vehicle/69cd3d3786e74125f33da519   304  604ms
2026/4/22   6:25:1s :: GETon /api/vehicle   304  44ms
2026/4/22   6:25:1s :: GETon /api/vehicle   304  42ms
2026/4/22   6:25:18s :: GETon /api/vehicle/69cd3d3786e74125f33da519   304  32ms
2026/4/22   6:25:18s :: GETon /api/vehicle/69cd3d3786e74125f33da519   304  27ms
2026/4/22   6:25:20s :: GETon /api/vehicle   304  19ms
2026/4/22   6:25:20s :: GETon /api/vehicle   304  18ms
2026/4/22   6:25:23s :: GETon /api/vehicle   304  15ms
2026/4/22   6:25:23s :: GETon /api/vehicle   304  14ms
2026/4/22   6:25:25s :: GETon /api/vehicle/69e7901f9b85cb04b20e2022   200  28ms
2026/4/22   6:25:25s :: GETon /api/vehicle/69e7901f9b85cb04b20e2022   304  16ms
2026/4/22   6:25:29s :: GETon /api/vehicle   304  18ms
2026/4/22   6:25:29s :: GETon /api/vehicle   304  25ms
2026/4/22   6:25:34s :: GETon /api/vehicle/69c5ed7b192665c2c1779cb7   304  17ms
2026/4/22   6:25:34s :: GETon /api/vehicle/69c5ed7b192665c2c1779cb7   304  18ms
2026/4/22   6:25:36s :: GETon /api/vehicle   304  26ms
2026/4/22   6:25:36s :: GETon /api/vehicle   304  30ms
2026/4/22   6:25:58s :: GETon /api/vehicle/69e71b609b85cb04b20e1ff4   304  11ms
2026/4/22   6:25:58s :: GETon /api/vehicle/69e71b609b85cb04b20e1ff4   304  10ms
2026/4/22   6:27:17s :: GETon /api/vehicle/69e71b609b85cb04b20e1ff4   304  8ms
2026/4/22   6:27:18s :: GETon /api/vehicle/69e71b609b85cb04b20e1ff4   304  11ms
2026/4/22   6:34:17s :: GETon /api/vehicle/69e71b609b85cb04b20e1ff4   304  10ms
2026/4/22   6:34:17s :: GETon /api/vehicle/69e71b609b85cb04b20e1ff4   304  9ms
2026/4/22   6:34:22s :: GETon /api/vehicle   304  36ms
2026/4/22   6:34:22s :: GETon /api/vehicle   304  35ms
2026/4/22   6:34:27s :: GETon /api/vehicle/69cd3d7186e74125f33da520   304  16ms
2026/4/22   6:34:27s :: GETon /api/vehicle/69cd3d7186e74125f33da520   304  18ms
2026/4/22   6:34:29s :: GETon /api/vehicle   304  27ms
2026/4/22   6:34:29s :: GETon /api/vehicle   304  29ms
2026/4/22   6:34:42s :: GETon /api/vehicle   304  18ms
2026/4/22   6:34:42s :: GETon /api/vehicle   304  15ms
2026/4/22   6:34:44s :: GETon /api/vehicle/69c5ed7b192665c2c1779cb7   304  17ms
2026/4/22   6:34:44s :: GETon /api/vehicle/69c5ed7b192665c2c1779cb7   304  17ms
2026/4/22   6:35:24s :: GETon /api/vehicle   304  32ms
2026/4/22   6:35:24s :: GETon /api/vehicle   304  29ms
2026/4/22   6:35:26s :: GETon /api/vehicle/69c5ed4b192665c2c1779cad   304  17ms
2026/4/22   6:35:26s :: GETon /api/vehicle/69c5ed4b192665c2c1779cad   304  15ms
2026/4/22   6:35:49s :: GETon /api/vehicle/69c5ed4b192665c2c1779cad   304  12ms
2026/4/22   6:35:49s :: GETon /api/vehicle/69c5ed4b192665c2c1779cad   304  13ms
2026/4/22   6:36:51s :: GETon /api/vehicle   304  28ms
2026/4/22   6:36:51s :: GETon /api/vehicle   304  24ms
2026/4/27   12:27:3s :: GETon /api/vehicle   200  155ms
2026/4/27   12:30:38s :: GETon /api/vehicle/69cd240ad9b9a49c395bac6c   200  75ms
2026/4/27   12:30:51s :: GETon /api/vehicle   304  30ms
2026/4/27   12:53:23s :: GETon /api/vehicle   200  96ms
2026/4/27   19:30:8s :: GETon /api/vehicle   304  139ms
2026/4/27   19:30:8s :: GETon /api/vehicle   304  40ms
2026/4/27   19:30:9s :: GETon /api/vehicle   304  20ms
2026/4/27   19:30:9s :: GETon /api/vehicle   304  17ms
2026/4/27   19:30:10s :: GETon /api/vehicle   304  22ms
2026/4/27   19:42:40s :: GETon /api/vehicle/69e790069b85cb04b20e2018   200  97ms
2026/4/27   19:42:46s :: GETon /api/vehicle   304  46ms
2026/4/27   19:43:6s :: GETon /api/vehicle/69cd240ad9b9a49c395bac6c   304  32ms
2026/4/27   19:43:40s :: GETon /api/vehicle   304  43ms
2026/4/27   19:43:59s :: GETon /api/vehicle   304  33ms
2026/4/27   19:56:45s :: GETon /api/vehicle   304  40ms
2026/4/27   19:57:33s :: GETon /api/vehicle/69e71bd09b85cb04b20e1ffc   200  12ms
2026/4/27   20:0:59s :: GETon /api/vehicle   304  60ms
2026/4/27   20:2:3s :: GETon /api/vehicle/69e71b609b85cb04b20e1ff4   200  27ms
2026/4/27   20:2:8s :: GETon /api/vehicle   304  21ms
2026/4/27   20:43:26s :: GETon /api/vehicle   304  385ms
2026/4/28   7:16:52s :: GETon /api/vehicle   304  60ms
2026/4/28   7:24:45s :: GETon /api/vehicle   304  21ms
2026/4/28   7:29:50s :: GETon /api/vehicle   304  16ms
2026/4/28   7:29:55s :: GETon /api/vehicle   304  13ms
2026/4/28   7:30:14s :: GETon /api/vehicle   304  11ms
2026/4/28   7:30:20s :: GETon /api/vehicle   304  20ms
2026/4/28   8:15:57s :: GETon /api/vehicle   304  88ms
2026/4/28   8:20:50s :: GETon /api/vehicle   304  28ms
2026/4/28   8:21:24s :: GETon /api/vehicle   304  13ms
2026/4/28   8:22:10s :: GETon /api/vehicle   304  9ms
2026/4/28   8:22:16s :: GETon /api/vehicle   304  12ms
2026/4/28   8:23:56s :: GETon /api/vehicle   304  15ms
2026/4/28   8:26:35s :: GETon /api/vehicle   304  14ms
2026/4/28   10:18:22s :: GETon /api/vehicle   304  30ms
2026/4/28   10:19:19s :: GETon /api/vehicle   304  15ms
2026/4/28   10:19:44s :: GETon /api/vehicle   304  20ms
2026/4/28   10:23:16s :: GETon /api/vehicle   304  11ms
2026/4/28   10:23:20s :: GETon /api/vehicle   304  12ms
2026/4/28   10:23:26s :: GETon /api/vehicle   304  14ms
2026/4/28   10:24:49s :: GETon /api/vehicle   304  12ms
2026/4/28   10:33:4s :: GETon /api/vehicle   304  18ms
2026/4/28   10:33:36s :: GETon /api/vehicle   304  12ms
2026/4/28   10:33:45s :: GETon /api/vehicle   304  15ms
2026/4/28   10:36:37s :: GETon /api/vehicle   304  28ms
2026/4/28   10:39:58s :: GETon /api/vehicle   304  24ms
2026/4/28   10:40:10s :: GETon /api/vehicle   304  15ms
2026/4/28   11:47:33s :: GETon /api/vehicle   304  766ms
2026/4/28   11:49:21s :: GETon /api/vehicle   200  77ms
2026/4/28   11:49:58s :: GETon /api/vehicle   304  43ms
2026/4/28   11:50:12s :: GETon /api/vehicle   304  25ms
2026/4/28   11:50:13s :: GETon /api/vehicle   304  33ms
2026/4/28   11:50:13s :: GETon /api/vehicle   304  28ms
2026/4/28   11:53:47s :: GETon /api/vehicle   304  22ms
2026/4/28   11:55:2s :: GETon /api/vehicle   304  16ms
2026/4/28   11:55:4s :: GETon /api/vehicle   304  18ms
2026/4/28   11:55:12s :: GETon /api/vehicle   304  20ms
2026/4/28   11:55:36s :: GETon /api/vehicle   304  18ms
2026/4/28   11:55:37s :: GETon /api/vehicle   304  17ms
2026/4/28   11:55:39s :: GETon /api/vehicle   304  20ms
2026/4/28   11:55:41s :: GETon /api/vehicle   304  12ms
2026/4/28   11:55:42s :: GETon /api/vehicle   304  18ms
2026/4/28   11:55:43s :: GETon /api/vehicle   304  22ms
2026/4/28   11:59:28s :: GETon /api/vehicle   304  14ms
2026/4/29   6:10:22s :: GETon /api/vehicle   304  46ms
2026/4/29   6:10:28s :: GETon /api/vehicle   304  36ms
2026/5/1   10:36:41s :: GETon /api/vehicle   200  89ms
2026/5/1   10:42:0s :: GETon /api/vehicle   304  28ms
2026/5/1   10:42:21s :: GETon /api/vehicle/69c5ed7b192665c2c1779cb7   200  81ms
2026/5/1   10:42:28s :: GETon /api/vehicle   304  42ms
2026/5/1   11:6:54s :: GETon /api/vehicle   304  41ms
2026/5/1   11:7:6s :: GETon /api/vehicle   304  20ms
2026/5/1   11:7:10s :: GETon /api/vehicle   304  26ms
2026/5/1   11:7:13s :: GETon /api/vehicle/69e7901f9b85cb04b20e2022   200  56ms
2026/5/1   11:8:28s :: GETon /api/vehicle   304  55ms
2026/5/1   11:8:32s :: GETon /api/vehicle/69cd3d7186e74125f33da520   200  15ms
2026/5/1   11:8:40s :: GETon /api/vehicle/69cd240ad9b9a49c395bac6c   200  10ms
2026/5/1   11:15:5s :: GETon /api/vehicle   304  10ms
2026/5/1   11:16:33s :: GETon /api/vehicle/69cd240ad9b9a49c395bac6c   304  18ms
2026/5/1   11:16:36s :: GETon /api/vehicle/69c5ed7b192665c2c1779cb7   304  19ms
2026/5/1   11:16:39s :: GETon /api/vehicle/69cd2728d9b9a49c395bac73   200  20ms
2026/5/1   11:16:42s :: GETon /api/vehicle/69e71a919b85cb04b20e1fe0   200  17ms
2026/5/1   11:16:47s :: GETon /api/vehicle/69e7901f9b85cb04b20e2022   304  20ms
2026/5/1   11:18:38s :: GETon /api/vehicle   304  10ms
2026/5/1   11:18:40s :: GETon /api/vehicle/69c5ed7b192665c2c1779cb7   304  18ms
2026/5/1   11:18:42s :: GETon /api/vehicle/69c5ed7b192665c2c1779cb7   304  24ms
2026/5/1   11:21:39s :: GETon /api/vehicle   304  11ms
2026/5/1   11:21:42s :: GETon /api/vehicle/69e71b609b85cb04b20e1ff4   200  20ms
2026/5/1   16:19:38s :: GETon /api/vehicle   304  1227ms
2026/5/1   16:36:13s :: GETon /api/vehicle   304  50ms
2026/5/1   16:36:16s :: GETon /api/vehicle/69c5ed7b192665c2c1779cb7   304  22ms
2026/5/1   16:56:23s :: GETon /api/vehicle/69e71bd09b85cb04b20e1ffc   200  19ms
2026/5/1   16:56:33s :: GETon /api/vehicle/69e7901f9b85cb04b20e2022   304  8ms
2026/5/1   19:0:37s :: GETon /api/vehicle   304  426ms
2026/5/1   19:8:54s :: GETon /api/vehicle   304  80ms
2026/5/1   19:10:55s :: GETon /api/vehicle/69c5ed7b192665c2c1779cb7   304  13ms
2026/5/1   19:11:0s :: GETon /api/vehicle   304  20ms
2026/5/1   19:11:3s :: GETon /api/vehicle/69cd3d3786e74125f33da519   200  13ms
2026/5/1   19:11:7s :: GETon /api/vehicle/69c5ed7b192665c2c1779cb7   304  7ms
2026/5/1   19:11:23s :: GETon /api/vehicle/69c5ed7b192665c2c1779cb7   304  13ms
2026/5/1   19:11:24s :: GETon /api/vehicle/69c5ed7b192665c2c1779cb7   304  13ms
2026/5/1   19:25:52s :: GETon /api/vehicle   304  33ms
2026/5/1   19:27:17s :: GETon /api/vehicle/69cd3d7186e74125f33da520   304  18ms
2026/5/1   19:27:20s :: GETon /api/vehicle/69cd3d7186e74125f33da520   304  6ms
2026/5/1   19:29:41s :: GETon /api/vehicle/69cd3d7186e74125f33da520   304  13ms
2026/5/1   19:29:44s :: GETon /api/vehicle   304  54ms
2026/5/1   19:36:52s :: GETon /api/vehicle   304  40ms
2026/5/1   19:49:9s :: GETon /api/vehicle/69c5ed7b192665c2c1779cb7   304  15ms
2026/5/1   19:56:3s :: GETon /api/vehicle/69c5ed7b192665c2c1779cb7   304  29ms
2026/5/1   19:56:7s :: GETon /api/vehicle   304  30ms
2026/5/1   19:56:10s :: GETon /api/vehicle/69c5ed4b192665c2c1779cad   200  14ms
2026/5/1   19:58:24s :: GETon /api/vehicle/69c5ed4b192665c2c1779cad   304  17ms
2026/5/1   19:58:36s :: GETon /api/vehicle/69c5ed4b192665c2c1779cad   304  10ms
2026/5/1   19:58:45s :: GETon /api/vehicle/69c5ed4b192665c2c1779cad   304  9ms
2026/5/1   19:59:38s :: GETon /api/vehicle/69c5ed4b192665c2c1779cad   304  11ms
2026/5/1   21:3:40s :: GETon /api/vehicle/69c5ed4b192665c2c1779cad   304  523ms
2026/5/1   21:3:53s :: GETon /api/vehicle   304  34ms
2026/5/1   21:4:0s :: GETon /api/vehicle/69e71b609b85cb04b20e1ff4   304  31ms
2026/5/1   21:4:5s :: GETon /api/vehicle/69c5ed4b192665c2c1779cad   304  71ms
2026/5/1   21:5:49s :: GETon /api/vehicle/69c5ed4b192665c2c1779cad   304  13ms
2026/5/2   6:58:20s :: GETon /api/vehicle/69c5ed4b192665c2c1779cad   304  92ms
2026/5/2   7:0:20s :: GETon /api/vehicle/69c5ed4b192665c2c1779cad   304  13ms
2026/5/2   7:4:36s :: GETon /api/vehicle/69c5ed4b192665c2c1779cad   304  5ms
2026/5/2   7:5:14s :: GETon /api/vehicle/69c5ed4b192665c2c1779cad   304  5ms
2026/5/2   7:5:33s :: GETon /api/vehicle/69c5ed4b192665c2c1779cad   304  7ms
2026/5/2   7:9:36s :: GETon /api/vehicle   304  48ms
2026/5/2   7:10:6s :: GETon /api/vehicle/69c5ed7b192665c2c1779cb7   304  16ms
2026/5/2   7:10:11s :: GETon /api/vehicle/69c5ed4b192665c2c1779cad   304  18ms
2026/5/2   7:11:27s :: GETon /api/vehicle   304  42ms
2026/5/2   7:17:40s :: GETon /api/vehicle/69c5ed4b192665c2c1779cad   304  21ms
2026/5/2   7:30:6s :: GETon /api/vehicle/69c5ed4b192665c2c1779cad   304  13ms
2026/5/2   7:30:9s :: GETon /api/vehicle   304  41ms
2026/5/2   8:14:42s :: GETon /api/vehicle   200  89ms
2026/5/2   8:14:49s :: GETon /api/vehicle/69e71b1f9b85cb04b20e1fe7   200  55ms
2026/5/2   8:14:55s :: GETon /api/vehicle/69c5ed4b192665c2c1779cad   304  18ms
2026/5/2   8:29:15s :: GETon /api/vehicle/69c5ed4b192665c2c1779cad   304  11ms
2026/5/2   8:34:59s :: GETon /api/vehicle/69c5ed4b192665c2c1779cad   304  21ms
2026/5/2   8:35:43s :: GETon /api/vehicle/69c5ed4b192665c2c1779cad   304  14ms
2026/5/2   8:55:8s :: GETon /api/vehicle/69c5ed4b192665c2c1779cad   304  45ms
2026/5/2   8:55:9s :: GETon /api/vehicle/69c5ed4b192665c2c1779cad   304  37ms
2026/5/2   8:55:30s :: GETon /api/vehicle/69c5ed4b192665c2c1779cad   304  12ms
2026/5/2   9:5:12s :: GETon /api/vehicle/69c5ed4b192665c2c1779cad   304  114ms
2026/5/2   9:8:1s :: GETon /api/vehicle   304  61ms
2026/5/2   9:8:7s :: GETon /api/vehicle/69cd3d3786e74125f33da519   304  13ms
2026/5/2   9:8:19s :: GETon /api/vehicle/69cd3d3786e74125f33da519   304  10ms
2026/5/2   9:9:35s :: GETon /api/vehicle   304  25ms
2026/5/2   9:9:38s :: GETon /api/vehicle/69c5ed7b192665c2c1779cb7   304  21ms
2026/5/2   9:9:44s :: GETon /api/vehicle/69cd3d7186e74125f33da520   304  21ms
2026/5/2   9:9:54s :: GETon /api/vehicle/69cd3d3786e74125f33da519   304  15ms
2026/5/2   9:12:20s :: GETon /api/vehicle/69cd3d3786e74125f33da519   304  8ms
2026/5/4   11:33:46s :: GETon /api/vehicle   200  42ms
2026/5/4   11:34:7s :: GETon /api/vehicle   304  20ms
2026/5/4   11:34:47s :: GETon /api/products   404  3ms
2026/5/4   11:35:4s :: GETon /api/vehicle/69cd3d3786e74125f33da519   200  74ms
2026/5/4   11:35:6s :: GETon /api/vehicle   304  36ms
2026/5/4   11:35:9s :: GETon /api/vehicle/69cd3d7186e74125f33da520   200  25ms
2026/5/4   11:35:13s :: GETon /api/vehicle/69e71bd09b85cb04b20e1ffc   200  26ms
2026/5/4   11:35:18s :: GETon /api/vehicle/69c5ed4b192665c2c1779cad   200  24ms
2026/5/4   11:35:23s :: GETon /api/vehicle/69e790129b85cb04b20e201d   200  28ms
2026/5/4   11:40:49s :: GETon /api/vehicle/69cd3d7186e74125f33da520   304  5ms
2026/5/4   11:48:55s :: GETon /api/vehicle/69cd3d3786e74125f33da519   304  18ms
2026/5/4   12:5:35s :: GETon /api/vehicle   304  24ms
2026/5/4   12:5:56s :: GETon /api/vehicle   304  27ms
2026/5/4   12:49:9s :: GETon /api/vehicle/69c5ed4b192665c2c1779cad   304  29ms
2026/5/4   12:49:16s :: GETon /api/vehicle   304  36ms
2026/5/4   12:58:50s :: GETon /api/vehicle   304  19ms
2026/5/4   12:58:53s :: GETon /api/vehicle   304  19ms
2026/5/4   12:58:55s :: GETon /api/vehicle/69c5ed7b192665c2c1779cb7   200  21ms
2026/5/4   12:58:59s :: GETon /api/vehicle/69c5ed4b192665c2c1779cad   304  17ms
2026/5/4   12:59:9s :: GETon /api/vehicle   304  18ms
2026/5/4   12:59:15s :: GETon /api/vehicle/69cd3d3786e74125f33da519   304  14ms
2026/5/4   12:59:22s :: GETon /api/vehicle   304  33ms
2026/5/4   13:3:7s :: GETon /api/vehicle/69cd3d3786e74125f33da519   304  18ms
2026/5/4   13:3:13s :: GETon /api/vehicle   304  20ms
2026/5/4   13:3:16s :: GETon /api/vehicle/69cd3d7186e74125f33da520   304  18ms
2026/5/4   13:3:21s :: GETon /api/vehicle/69cd2728d9b9a49c395bac73   200  18ms
2026/5/4   13:3:24s :: GETon /api/vehicle/69cd240ad9b9a49c395bac6c   304  13ms
2026/5/4   13:6:0s :: GETon /api/vehicle/69c5ed4b192665c2c1779cad   304  16ms
2026/5/4   13:6:13s :: GETon /api/vehicle   304  24ms
2026/5/4   13:7:0s :: GETon /api/vehicle   304  13ms
2026/5/4   13:7:3s :: GETon /api/vehicle/69c5ed4b192665c2c1779cad   304  18ms
2026/5/4   13:7:43s :: GETon /api/vehicle   304  41ms
2026/5/4   13:7:45s :: GETon /api/vehicle/69cd3d7186e74125f33da520   304  17ms
2026/5/4   13:7:52s :: GETon /api/vehicle/69c5ed4b192665c2c1779cad   304  17ms
2026/5/4   13:8:5s :: GETon /api/vehicle/69c5ed4b192665c2c1779cad   304  8ms
2026/5/4   13:8:14s :: GETon /api/vehicle   304  31ms
2026/5/4   13:8:26s :: GETon /api/vehicle   304  32ms
2026/5/4   13:8:28s :: GETon /api/vehicle/69cd3d3786e74125f33da519   304  5ms
2026/5/4   13:8:32s :: GETon /api/vehicle/69c5ed7b192665c2c1779cb7   304  16ms
2026/5/4   13:8:53s :: GETon /api/vehicle   304  25ms
2026/5/4   13:8:58s :: GETon /api/vehicle   304  19ms
2026/5/4   13:9:1s :: GETon /api/vehicle/69c5ed4b192665c2c1779cad   304  10ms
2026/5/4   13:10:15s :: GETon /api/vehicle   304  12ms
2026/5/4   13:10:17s :: GETon /api/vehicle/69c5ed4b192665c2c1779cad   200  6ms
2026/5/4   13:21:16s :: GETon /api/vehicle/69c5ed4b192665c2c1779cad   304  21ms
2026/5/4   13:42:1s :: GETon /api/vehicle/69c5ed4b192665c2c1779cad   304  19ms
2026/5/4   13:42:12s :: GETon /api/vehicle   304  23ms
2026/5/4   13:42:16s :: GETon /api/vehicle/69c5ed4b192665c2c1779cad   304  18ms
2026/5/4   13:42:26s :: GETon /api/vehicle   304  12ms
2026/5/4   13:42:40s :: GETon /api/vehicle/69c5ed4b192665c2c1779cad   304  16ms
2026/5/4   13:42:41s :: GETon /api/vehicle/69e7901f9b85cb04b20e2022   200  21ms
2026/5/4   13:42:46s :: GETon /api/vehicle/69c5ed4b192665c2c1779cad   304  14ms
2026/5/4   13:42:51s :: GETon /api/vehicle   304  24ms
2026/5/4   13:42:55s :: GETon /api/vehicle/69cd3d7186e74125f33da520   304  16ms
2026/5/4   13:42:58s :: GETon /api/vehicle/69cd3d3786e74125f33da519   304  12ms
2026/5/4   13:54:52s :: GETon /api/vehicle/69c5ed4b192665c2c1779cad   304  11ms
2026/5/4   13:55:21s :: GETon /api/vehicle/69c5ed4b192665c2c1779cad   304  25ms
2026/5/4   13:55:21s :: GETon /api/vehicle/69cd3d3786e74125f33da519   304  19ms
2026/5/4   13:55:25s :: GETon /api/vehicle/69cd3d3786e74125f33da519   304  9ms
2026/5/4   13:55:31s :: GETon /api/vehicle/69cd3d3786e74125f33da519   304  12ms
2026/5/4   13:56:32s :: GETon /api/vehicle/69c5ed4b192665c2c1779cad   304  16ms
2026/5/4   13:56:33s :: GETon /api/vehicle   304  28ms
2026/5/4   13:56:39s :: GETon /api/vehicle   304  23ms
2026/5/4   13:56:41s :: GETon /api/vehicle/69c5ed4b192665c2c1779cad   304  18ms
2026/5/4   13:56:52s :: GETon /api/vehicle   304  16ms
2026/5/4   13:57:42s :: GETon /api/vehicle   304  15ms
2026/5/4   13:57:44s :: GETon /api/vehicle/69c5ed4b192665c2c1779cad   304  15ms
2026/5/4   14:1:26s :: GETon /api/vehicle   304  18ms
2026/5/4   16:5:28s :: GETon /api/vehicle/69c5ed4b192665c2c1779cad   304  23ms
2026/5/4   20:36:49s :: GETon /api/vehicle/69c5ed4b192665c2c1779cad   304  34ms
2026/5/5   7:7:34s :: GETon /api/vehicle/69c5ed4b192665c2c1779cad   304  60ms
2026/5/5   7:15:51s :: GETon /api/vehicle   304  24ms
2026/5/5   23:14:22s :: GETon /api/vehicle   304  38ms
2026/5/5   23:14:29s :: GETon /api/vehicle/69c5ed7b192665c2c1779cb7   200  78ms
2026/5/5   23:14:36s :: GETon /api/vehicle/69c5ed4b192665c2c1779cad   304  24ms
2026/5/5   23:15:17s :: GETon /api/vehicle/69c5ed4b192665c2c1779cad   304  19ms
2026/5/5   23:25:5s :: GETon /api/vehicle/69c5ed4b192665c2c1779cad   200  113ms
2026/5/5   23:36:16s :: GETon /api/vehicle   304  50ms
2026/5/5   23:36:19s :: GETon /api/vehicle/69c5ed4b192665c2c1779cad   304  22ms
2026/5/5   23:37:4s :: GETon /api/vehicle/69c5ed4b192665c2c1779cad   304  15ms
2026/5/5   23:37:7s :: GETon /api/vehicle   304  45ms
2026/5/5   23:44:3s :: GETon /api/vehicle   304  39ms
2026/5/5   23:44:7s :: GETon /api/vehicle   304  17ms
2026/5/5   23:44:10s :: GETon /api/vehicle/69c5ed4b192665c2c1779cad   304  19ms
2026/5/5   23:44:50s :: GETon /api/vehicle   304  40ms
2026/5/5   23:44:55s :: GETon /api/vehicle   304  12ms
2026/5/5   23:44:58s :: GETon /api/vehicle/69c5ed4b192665c2c1779cad   304  21ms
2026/5/5   23:46:11s :: GETon /api/vehicle   304  23ms
2026/5/5   23:46:14s :: GETon /api/vehicle   304  17ms
2026/5/5   23:46:15s :: GETon /api/vehicle/69c5ed4b192665c2c1779cad   304  18ms
2026/5/5   23:47:34s :: GETon /api/vehicle   304  42ms
2026/5/5   23:47:38s :: GETon /api/vehicle/69cd3d7186e74125f33da520   304  20ms
2026/5/5   23:47:43s :: GETon /api/vehicle/69cd3d3786e74125f33da519   304  24ms
2026/5/5   23:47:52s :: GETon /api/vehicle/69cd3d3786e74125f33da519   304  13ms
2026/5/5   23:48:6s :: GETon /api/vehicle/69cd3d3786e74125f33da519   304  11ms
2026/5/5   23:48:12s :: GETon /api/vehicle/69cd3d3786e74125f33da519   304  17ms
2026/5/5   23:48:16s :: GETon /api/vehicle   304  27ms
2026/5/5   23:58:21s :: GETon /api/vehicle   304  17ms
2026/5/5   23:58:25s :: GETon /api/vehicle/69c5ed4b192665c2c1779cad   304  16ms
2026/5/6   0:1:38s :: GETon /api/vehicle   304  30ms
2026/5/6   0:1:42s :: GETon /api/vehicle   304  14ms
2026/5/6   0:2:34s :: GETon /api/vehicle/69c5ed4b192665c2c1779cad   304  17ms
2026/5/6   0:2:40s :: GETon /api/vehicle   304  23ms
2026/5/6   0:2:43s :: GETon /api/vehicle/69cd3d3786e74125f33da519   304  15ms
2026/5/6   0:2:50s :: GETon /api/vehicle   304  22ms
2026/5/6   0:12:30s :: GETon /api/vehicle   304  16ms
2026/5/6   0:13:3s :: GETon /api/vehicle   304  19ms
2026/5/6   0:13:4s :: GETon /api/vehicle   304  23ms
2026/5/6   0:13:7s :: GETon /api/vehicle   304  21ms
2026/5/6   0:13:13s :: GETon /api/vehicle   304  13ms
2026/5/6   0:13:16s :: GETon /api/vehicle   304  27ms
2026/5/6   0:13:24s :: GETon /api/vehicle   304  17ms
2026/5/6   0:13:26s :: GETon /api/vehicle   304  17ms
2026/5/6   0:13:28s :: GETon /api/vehicle   304  15ms
2026/5/6   0:13:29s :: GETon /api/vehicle   304  11ms
2026/5/6   0:16:1s :: GETon /api/vehicle   304  20ms
2026/5/6   0:16:31s :: GETon /api/vehicle   304  8ms
2026/5/6   0:16:32s :: GETon /api/vehicle/69c5ed4b192665c2c1779cad   304  14ms
2026/5/6   0:16:41s :: GETon /api/vehicle/69c5ed4b192665c2c1779cad   304  10ms
2026/5/6   0:16:42s :: GETon /api/vehicle/69c5ed4b192665c2c1779cad   304  17ms
2026/5/6   0:16:52s :: GETon /api/vehicle/69c5ed4b192665c2c1779cad   304  17ms
2026/5/7   7:45:35s :: GETon /api/vehicle   304  87ms
2026/5/7   7:45:40s :: GETon /api/vehicle   304  26ms
2026/5/7   7:45:56s :: GETon /api/vehicle/69c5ed7b192665c2c1779cb7   304  58ms
2026/5/7   9:25:44s :: GETon /api/vehicle   304  116ms
2026/5/7   9:25:46s :: GETon /api/vehicle/69c5ed7b192665c2c1779cb7   304  37ms
2026/5/7   9:25:51s :: GETon /api/vehicle/69c5ed7b192665c2c1779cb7   304  17ms
2026/5/7   9:26:19s :: GETon /api/vehicle/69c5ed7b192665c2c1779cb7   304  26ms
2026/5/7   9:26:22s :: GETon /api/vehicle   304  27ms
2026/5/7   10:7:57s :: GETon /api/vehicle   200  62ms
2026/5/7   10:7:58s :: GETon /favicon.ico   404  4ms
2026/5/7   10:8:49s :: GETon /api/vehicle   200  31ms
2026/5/7   10:8:53s :: GETon /api/vehicle/69e71bd09b85cb04b20e1ffc   304  36ms
2026/5/7   10:8:57s :: GETon /api/vehicle/69c5ed4b192665c2c1779cad   304  21ms
2026/5/7   11:11:45s :: GETon /api/vehicle/69c5ed4b192665c2c1779cad   304  34ms
2026/5/8   6:43:22s :: GETon /api/vehicle/69c5ed4b192665c2c1779cad   304  239ms
2026/5/8   6:43:37s :: GETon /api/vehicle/69c5ed4b192665c2c1779cad   304  44ms
2026/5/8   6:43:52s :: GETon /api/vehicle/69c5ed4b192665c2c1779cad   304  83ms
2026/5/8   7:22:52s :: GETon /api/vehicle/69c5ed4b192665c2c1779cad   304  43ms
2026/5/8   7:22:55s :: GETon /api/vehicle   304  55ms
2026/5/8   7:22:57s :: GETon /api/vehicle   304  12ms
2026/5/8   7:22:59s :: GETon /api/vehicle   304  13ms
2026/5/8   7:23:1s :: GETon /api/vehicle   304  14ms
2026/5/8   7:23:56s :: GETon /api/vehicle   304  21ms
2026/5/8   7:23:58s :: GETon /api/vehicle   304  13ms
2026/5/8   7:24:47s :: GETon /api/vehicle   304  26ms
2026/5/8   7:26:26s :: GETon /api/vehicle/69c5ed7b192665c2c1779cb7   304  19ms
2026/5/8   7:26:30s :: GETon /api/vehicle/69c5ed7b192665c2c1779cb7   304  12ms
2026/5/8   7:26:32s :: GETon /api/vehicle/69c5ed7b192665c2c1779cb7   304  9ms
2026/5/8   7:48:46s :: GETon /api/vehicle/69c5ed7b192665c2c1779cb7   304  21ms
2026/5/8   7:51:28s :: GETon /api/vehicle/69c5ed7b192665c2c1779cb7   304  15ms
2026/5/8   7:51:34s :: GETon /api/vehicle   304  30ms
2026/5/8   7:58:55s :: GETon /api/vehicle   304  19ms
2026/5/8   7:58:57s :: GETon /api/vehicle/69c5ed4b192665c2c1779cad   304  17ms
2026/5/8   8:36:42s :: GETon /api/vehicle   304  52ms
2026/5/8   8:36:45s :: GETon /api/vehicle/69c5ed4b192665c2c1779cad   304  23ms
2026/5/8   8:36:54s :: GETon /api/vehicle   304  28ms
2026/5/8   8:38:54s :: GETon /api/vehicle   304  39ms
2026/5/8   8:38:59s :: GETon /api/vehicle/69cd3d3786e74125f33da519   304  18ms
2026/5/8   8:40:9s :: GETon /api/vehicle   304  34ms
2026/5/8   8:40:13s :: GETon /api/vehicle/69cd2728d9b9a49c395bac73   304  17ms
2026/5/8   8:40:20s :: GETon /api/vehicle   304  26ms
2026/5/8   8:40:26s :: GETon /api/vehicle/69e71bd09b85cb04b20e1ffc   304  19ms
2026/5/8   8:41:44s :: GETon /api/vehicle   304  34ms
2026/5/8   8:43:19s :: GETon /api/vehicle   304  22ms
2026/5/8   9:43:56s :: GETon /api/vehicle   304  75ms
2026/5/8   10:7:8s :: GETon /api/vehicle   304  65ms
2026/5/8   10:7:10s :: GETon /api/vehicle/69c5ed4b192665c2c1779cad   304  34ms
2026/5/9   5:31:12s :: GETon /api/vehicle   304  73ms
2026/5/12   8:45:23s :: GETon /api/vehicle   304  93ms
2026/5/12   8:45:30s :: GETon /api/vehicle/69c5ed7b192665c2c1779cb7   304  114ms
2026/5/12   8:45:38s :: GETon /api/vehicle   304  28ms
2026/5/12   8:45:40s :: GETon /api/vehicle/69c5ed4b192665c2c1779cad   304  32ms
2026/5/12   8:46:6s :: GETon /api/vehicle/69c5ed4b192665c2c1779cad   304  15ms
2026/5/12   9:4:11s :: GETon /api/vehicle   304  93ms
2026/5/12   9:49:47s :: GETon /api/vehicle   304  30ms
2026/5/12   17:0:36s :: GETon /api/vehicle   304  26ms
2026/5/12   18:9:26s :: GETon /api/vehicle   200  115ms
2026/5/12   18:9:45s :: GETon /api/vehicle/69c5ed4b192665c2c1779cad   200  61ms
2026/5/12   18:10:22s :: GETon /api/vehicle   304  18ms
2026/5/12   18:10:31s :: GETon /api/vehicle/69c5ed4b192665c2c1779cad   304  21ms
2026/5/12   18:10:54s :: GETon /api/vehicle   200  48ms
2026/5/12   18:10:56s :: GETon /api/vehicle/69c5ed4b192665c2c1779cad   200  19ms
2026/5/12   18:17:5s :: GETon /api/vehicle   304  60ms
2026/5/12   18:17:11s :: GETon /api/vehicle   304  23ms
2026/5/12   18:17:16s :: GETon /api/vehicle/69c5ed4b192665c2c1779cad   304  25ms
2026/5/23   15:51:51s :: GETon /api/vehicle   304  122ms
2026/5/23   15:51:55s :: GETon /api/vehicle   304  23ms
2026/5/23   15:54:46s :: GETon /api/vehicle   304  28ms
2026/5/23   15:54:49s :: GETon /api/vehicle   304  14ms
2026/5/23   15:54:54s :: GETon /api/vehicle/69c5ed7b192665c2c1779cb7   304  65ms
2026/5/23   15:54:59s :: GETon /api/vehicle/69c5ed4b192665c2c1779cad   304  13ms
2026/5/23   15:55:56s :: GETon /api/vehicle   304  20ms
2026/5/23   16:0:7s :: GETon /api/vehicle   304  20ms
2026/5/23   16:0:17s :: GETon /api/vehicle/69c5ed4b192665c2c1779cad   304  23ms
2026/5/23   16:0:30s :: GETon /api/vehicle/69c5ed4b192665c2c1779cad   304  20ms
2026/5/23   16:4:30s :: GETon /api/vehicle/69c5ed4b192665c2c1779cad   304  11ms
2026/5/23   16:5:17s :: GETon /api/vehicle/69c5ed4b192665c2c1779cad   304  11ms
2026/5/23   16:10:51s :: GETon /api/vehicle   304  35ms
2026/5/24   4:14:5s :: GETon /api/vehicle   304  96ms
2026/5/24   4:14:14s :: GETon /api/vehicle   304  25ms
2026/5/24   4:14:15s :: GETon /api/vehicle   304  23ms
2026/5/24   4:15:51s :: GETon /api/vehicle   304  22ms
2026/5/24   4:15:58s :: GETon /api/vehicle/69c5ed4b192665c2c1779cad   304  129ms
2026/5/24   4:16:23s :: GETon /api/vehicle/69c5ed4b192665c2c1779cad   304  14ms
2026/5/24   4:16:31s :: GETon /api/vehicle/69c5ed4b192665c2c1779cad   304  13ms
2026/5/24   4:24:2s :: GETon /api/vehicle   304  29ms
2026/5/24   4:36:31s :: GETon /api/vehicle   304  22ms
2026/5/24   4:36:32s :: GETon /api/vehicle   304  11ms
2026/5/24   4:39:47s :: GETon /api/vehicle   304  29ms
2026/5/24   4:40:39s :: GETon /api/vehicle   304  13ms
2026/5/24   5:42:34s :: GETon /api/vehicle   304  29ms
2026/5/24   6:1:26s :: GETon /api/vehicle   304  91ms
2026/5/24   6:7:12s :: GETon /api/vehicle   304  30ms
2026/5/24   6:14:40s :: GETon /api/vehicle/69c5ed4b192665c2c1779cad   304  157ms
2026/5/24   6:14:51s :: GETon /api/vehicle   304  41ms
2026/5/24   10:21:36s :: GETon /api/vehicle   304  40ms
2026/5/24   10:24:24s :: GETon /api/vehicle   304  17ms
2026/5/24   10:24:25s :: GETon /api/vehicle   304  24ms
2026/5/24   10:24:26s :: GETon /api/vehicle   304  37ms
2026/5/24   10:24:27s :: GETon /api/vehicle   304  19ms
2026/5/24   10:24:28s :: GETon /api/vehicle   304  22ms
2026/5/24   10:24:29s :: GETon /api/vehicle   304  29ms
2026/5/24   10:24:50s :: GETon /api/vehicle   304  29ms
2026/5/24   10:24:51s :: GETon /api/vehicle   304  31ms
2026/5/24   10:25:25s :: GETon /api/vehicle   304  14ms
2026/5/24   10:25:26s :: GETon /api/vehicle   304  11ms
2026/5/24   10:25:50s :: GETon /api/vehicle   304  17ms
2026/5/24   10:26:0s :: GETon /api/vehicle   304  9ms
2026/5/24   10:26:2s :: GETon /api/vehicle   304  15ms
2026/5/24   10:28:16s :: GETon /api/vehicle   304  22ms
2026/5/24   10:28:17s :: GETon /api/vehicle   304  16ms
2026/5/24   10:28:40s :: GETon /api/vehicle   304  19ms
2026/5/24   10:28:44s :: GETon /api/vehicle   304  15ms
2026/5/24   10:30:54s :: GETon /api/vehicle   304  86ms
2026/5/24   10:31:15s :: GETon /api/vehicle/69c5ed4b192665c2c1779cad   304  73ms
2026/5/24   10:31:38s :: GETon /api/vehicle/69c5ed4b192665c2c1779cad   304  18ms
2026/5/24   10:32:6s :: GETon /api/vehicle   304  52ms
2026/5/24   10:33:1s :: GETon /api/vehicle   304  34ms
2026/5/24   10:33:14s :: GETon /api/vehicle   304  33ms
2026/5/24   10:33:16s :: GETon /api/vehicle/69c5ed4b192665c2c1779cad   304  26ms
2026/5/24   10:33:42s :: GETon /api/vehicle   304  34ms
2026/5/24   10:33:49s :: GETon /api/vehicle/69c5ed4b192665c2c1779cad   304  26ms
2026/5/24   10:34:13s :: GETon /api/vehicle   304  28ms
2026/5/24   13:0:49s :: GETon /api/vehicle   304  69ms
2026/5/24   15:13:58s :: GETon /api/vehicle   304  62ms
2026/5/25   12:26:56s :: GETon /api/vehicle   304  173ms
2026/5/25   12:32:39s :: GETon /api/vehicle   304  17ms
2026/5/25   13:10:54s :: GETon /api/vehicle   304  193ms
2026/5/25   13:23:13s :: GETon /api/vehicle   304  41ms
2026/5/26   3:32:58s :: GETon /api/vehicle   304  62ms
2026/5/26   3:41:29s :: GETon /api/vehicle   304  128ms
2026/5/26   16:27:5s :: GETon /api/vehicle   304  155ms
2026/5/26   16:27:10s :: GETon /api/vehicle   304  21ms
2026/5/27   0:31:34s :: GETon /api/vehicle   304  105ms
2026/5/28   3:36:52s :: GETon /api/vehicle   304  95ms
2026/5/28   3:37:17s :: GETon /api/vehicle/69c5ed7b192665c2c1779cb7   200  52ms
2026/5/28   3:37:23s :: GETon /api/vehicle   304  27ms
2026/5/28   3:37:32s :: GETon /api/vehicle/69c5ed4b192665c2c1779cad   200  14ms
2026/5/28   12:53:17s :: GETon /api/vehicle   200  126ms
2026/5/28   12:53:17s :: GETon /api/vehicle   304  31ms
2026/5/28   12:53:18s :: GETon /api/vehicle   304  11ms
2026/5/28   12:53:42s :: GETon /api/vehicle   304  28ms
2026/5/28   13:28:33s :: GETon /api/vehicle   304  130ms
2026/5/29   0:45:48s :: GETon /api/vehicle   304  72ms
2026/5/29   1:8:58s :: GETon /api/vehicle   304  88ms
2026/5/29   1:9:9s :: GETon /api/vehicle/69c5ed7b192665c2c1779cb7   200  232ms
2026/5/29   1:9:16s :: GETon /api/vehicle   304  20ms
2026/5/29   1:9:30s :: GETon /api/vehicle   304  16ms
2026/5/29   1:12:38s :: GETon /api/vehicle   304  35ms
2026/5/29   1:12:48s :: GETon /api/vehicle/69c5ed4b192665c2c1779cad   200  23ms
2026/5/29   1:13:37s :: GETon /api/vehicle   304  42ms
2026/5/29   1:13:39s :: GETon /api/vehicle/69cd3d7186e74125f33da520   200  26ms
2026/5/29   1:14:6s :: GETon /api/vehicle   304  28ms
2026/5/29   1:14:11s :: GETon /api/vehicle/69cd2728d9b9a49c395bac73   200  26ms
2026/5/29   1:14:40s :: GETon /api/vehicle/69cd2728d9b9a49c395bac73   304  12ms
2026/5/29   1:14:44s :: GETon /api/vehicle/69cd2728d9b9a49c395bac73   304  10ms
2026/5/29   1:20:15s :: GETon /api/vehicle   304  23ms
2026/5/29   1:31:1s :: GETon /api/vehicle/69c5ed7b192665c2c1779cb7   304  9ms
2026/5/29   1:34:5s :: GETon /api/vehicle   304  13ms
2026/5/29   1:35:17s :: GETon /api/vehicle   304  17ms
2026/5/29   1:38:22s :: GETon /api/vehicle/69c5ed4b192665c2c1779cad   304  18ms
2026/5/29   1:42:54s :: GETon /api/vehicle   304  36ms
2026/5/29   2:11:33s :: GETon /api/vehicle   304  46ms
2026/5/29   2:11:45s :: GETon /api/vehicle/69c5ed4b192665c2c1779cad   304  33ms
2026/5/29   2:11:53s :: GETon /api/vehicle   304  16ms
2026/5/29   2:15:50s :: GETon /api/vehicle   304  24ms
2026/5/29   2:15:53s :: GETon /api/vehicle   304  30ms
2026/5/29   2:24:9s :: GETon /api/vehicle   304  18ms
2026/5/29   2:24:12s :: GETon /api/vehicle   304  20ms
2026/5/29   2:27:50s :: GETon /api/vehicle   304  11ms
2026/5/29   2:30:38s :: GETon /api/vehicle   304  14ms
2026/5/29   2:31:39s :: GETon /api/vehicle/69c5ed4b192665c2c1779cad   304  21ms
2026/5/29   2:38:23s :: GETon /api/vehicle   304  33ms
2026/5/29   2:38:31s :: GETon /api/vehicle   304  27ms
2026/5/29   2:39:51s :: GETon /api/vehicle   304  12ms
2026/5/29   2:40:10s :: GETon /api/vehicle   304  12ms
2026/5/29   2:40:26s :: GETon /api/vehicle   304  23ms
2026/5/29   2:40:55s :: GETon /api/vehicle   304  17ms
2026/5/29   2:41:44s :: GETon /api/vehicle   304  15ms
2026/5/29   2:41:49s :: GETon /api/vehicle   304  22ms
2026/5/29   2:42:12s :: GETon /api/vehicle   304  25ms
2026/5/29   2:50:16s :: GETon /api/vehicle   304  15ms
2026/5/29   2:50:32s :: GETon /api/vehicle/69e71b609b85cb04b20e1ff4   200  23ms
2026/5/29   2:54:19s :: GETon /api/vehicle   304  14ms
2026/5/29   3:16:46s :: GETon /api/vehicle   304  894ms
2026/5/29   5:3:39s :: GETon /api/vehicle   304  89ms
2026/5/29   5:11:32s :: GETon /api/vehicle/69cd240ad9b9a49c395bac6c   200  30ms
2026/5/29   5:11:39s :: GETon /api/vehicle/69e71b609b85cb04b20e1ff4   304  14ms
2026/5/29   5:11:43s :: GETon /api/vehicle/69c5ed4b192665c2c1779cad   304  10ms
2026/5/29   5:20:1s :: GETon /api/vehicle   304  48ms
2026/5/29   5:38:46s :: GETon /api/vehicle   304  40ms
2026/5/29   5:44:2s :: GETon /api/vehicle/69c5ed4b192665c2c1779cad   304  42ms
2026/5/29   5:49:36s :: GETon /api/vehicle   304  17ms
2026/5/29   5:49:37s :: GETon /api/vehicle   304  26ms
2026/5/29   5:49:57s :: GETon /api/vehicle   304  18ms
2026/5/29   5:49:59s :: GETon /api/vehicle   304  25ms
2026/5/29   5:50:7s :: GETon /api/vehicle   304  21ms
2026/5/29   5:50:14s :: GETon /api/vehicle   304  12ms
2026/5/29   5:52:55s :: GETon /api/vehicle   304  12ms
2026/5/29   5:55:1s :: GETon /api/vehicle   304  14ms
2026/5/29   6:3:8s :: GETon /api/vehicle   304  11ms
2026/5/29   6:11:37s :: GETon /api/vehicle   304  28ms
2026/5/29   6:27:46s :: GETon /api/vehicle   304  30ms
2026/5/29   6:27:51s :: GETon /api/vehicle   304  18ms
2026/5/29   6:28:13s :: GETon /api/vehicle/69e71b349b85cb04b20e1fec   200  36ms
2026/5/29   6:33:28s :: GETon /api/vehicle   200  22ms
2026/5/29   6:33:29s :: GETon /api/vehicle   304  13ms
2026/5/29   6:33:52s :: GETon /api/vehicle   304  32ms
2026/5/29   6:36:40s :: GETon /api/vehicle   304  19ms
2026/5/29   6:37:1s :: GETon /api/vehicle/69e71b609b85cb04b20e1ff4   304  71ms
2026/5/29   6:41:30s :: GETon /api/vehicle   304  45ms
2026/5/29   7:9:26s :: GETon /api/vehicle   304  124ms
2026/5/29   7:18:28s :: GETon /api/vehicle   304  43ms
2026/5/29   7:25:17s :: GETon /api/vehicle   304  23ms
2026/5/29   7:25:20s :: GETon /api/vehicle   304  26ms
2026/5/29   7:31:14s :: GETon /api/vehicle   304  24ms
2026/5/29   7:36:16s :: GETon /api/vehicle   304  16ms
2026/5/29   7:36:17s :: GETon /api/vehicle   304  21ms
2026/5/29   7:36:19s :: GETon /api/vehicle   304  18ms
2026/5/29   7:36:20s :: GETon /api/vehicle   304  18ms
2026/5/29   7:36:21s :: GETon /api/vehicle   304  12ms
2026/5/29   7:36:22s :: GETon /api/vehicle   304  18ms
2026/5/29   7:44:3s :: GETon /api/vehicle   304  12ms
2026/5/29   7:44:52s :: GETon /api/vehicle   304  10ms
2026/5/29   7:46:21s :: GETon /api/vehicle   304  43ms
2026/5/29   7:46:23s :: GETon /api/vehicle   304  15ms
2026/5/29   7:47:14s :: GETon /api/vehicle   304  16ms
2026/5/29   7:47:29s :: GETon /api/vehicle   304  27ms
2026/5/29   7:47:49s :: GETon /api/vehicle   304  11ms
2026/5/29   7:48:23s :: GETon /api/vehicle   304  10ms
2026/5/29   7:50:32s :: GETon /api/vehicle   304  16ms
2026/5/29   7:50:34s :: GETon /api/vehicle   304  19ms
2026/5/29   11:3:57s :: GETon /api/vehicle   200  117ms
2026/5/29   11:3:59s :: GETon /api/vehicle   304  77ms
2026/5/29   11:4:15s :: GETon /api/vehicle   304  27ms
2026/5/29   14:21:31s :: GETon /api/vehicle   304  952ms
2026/5/29   14:34:22s :: GETon /api/vehicle   304  56ms
2026/5/29   14:40:59s :: GETon /api/vehicle   304  20ms
2026/5/29   14:41:9s :: GETon /api/vehicle   304  35ms
2026/5/29   14:41:32s :: GETon /api/vehicle   304  18ms
2026/5/29   14:41:57s :: GETon /api/vehicle   304  15ms
2026/5/29   14:42:49s :: GETon /api/vehicle/69e71b609b85cb04b20e1ff4   304  201ms
2026/5/29   14:42:55s :: GETon /api/vehicle   304  42ms
2026/5/29   14:42:58s :: GETon /api/vehicle/69c5ed7b192665c2c1779cb7   304  31ms
2026/5/29   14:43:3s :: GETon /api/vehicle/69c5ed4b192665c2c1779cad   304  19ms
2026/5/29   14:43:12s :: GETon /api/vehicle   304  19ms
2026/5/29   15:4:56s :: GETon /api/vehicle/69c5ed7b192665c2c1779cb7   304  20ms
2026/5/29   15:5:2s :: GETon /api/vehicle   304  29ms
2026/5/29   15:5:4s :: GETon /api/vehicle/69c5ed4b192665c2c1779cad   304  21ms
2026/5/29   15:6:11s :: GETon /api/vehicle   304  24ms
2026/5/29   15:18:58s :: GETon /api/vehicle/69e71b609b85cb04b20e1ff4   304  80ms
2026/5/29   15:33:59s :: GETon /api/vehicle   304  71ms
2026/5/29   15:55:14s :: GETon /api/vehicle   304  420ms
2026/5/29   15:55:31s :: GETon /api/vehicle/69e7901f9b85cb04b20e2022   200  1057ms
2026/5/29   15:55:38s :: GETon /api/vehicle   304  172ms
2026/5/29   15:57:10s :: GETon /api/vehicle   304  141ms
2026/5/29   16:22:15s :: GETon /api/vehicle   304  378ms
2026/5/29   16:22:25s :: GETon /api/vehicle   304  94ms
2026/5/29   16:23:40s :: GETon /api/vehicle   304  64ms
2026/5/29   16:34:39s :: GETon /api/vehicle   200  79ms
2026/5/29   16:34:41s :: GETon /api/vehicle   304  21ms
2026/5/29   16:34:59s :: GETon /api/vehicle   304  29ms
2026/5/29   16:35:10s :: GETon /api/vehicle/69c5ed7b192665c2c1779cb7   304  81ms
2026/5/29   16:35:22s :: GETon /api/vehicle   304  47ms
2026/5/29   16:35:25s :: GETon /api/vehicle/69c5ed4b192665c2c1779cad   304  26ms
2026/5/29   16:38:24s :: GETon /api/vehicle   304  59ms
2026/5/29   16:46:23s :: GETon /api/vehicle   304  35ms
2026/5/29   16:46:27s :: GETon /api/vehicle/69c5ed7b192665c2c1779cb7   304  34ms
2026/5/29   16:46:35s :: GETon /api/vehicle   304  33ms
2026/5/29   16:46:37s :: GETon /api/vehicle/69c5ed4b192665c2c1779cad   304  18ms
2026/5/29   16:51:5s :: POSTon /api/auth/login   201  312ms
2026/5/29   16:51:46s :: GETon /api/vehicle   304  36ms
2026/5/29   16:52:41s :: POSTon /api/vehicle   404  47ms
2026/5/29   16:52:51s :: POSTon /api/vehicle   400  32ms
2026/5/29   16:53:6s :: POSTon /api/vehicle   400  24ms
2026/5/29   16:53:24s :: POSTon /api/vehicle   200  109ms
2026/5/29   16:53:41s :: GETon /api/vehicle   200  38ms
2026/5/29   16:54:11s :: POSTon /api/rentals   404  27ms
2026/5/29   17:16:7s :: GETon /api/vehicle/69cd3d7186e74125f33da520   200  117ms
2026/5/29   17:16:25s :: GETon /api/vehicle   200  28ms
2026/5/29   17:16:27s :: GETon /api/vehicle/69c5ed4b192665c2c1779cad   304  13ms
2026/5/29   17:22:13s :: GETon /api/vehicle/69c5ed4b192665c2c1779cad   304  20ms
2026/5/29   17:28:15s :: GETon /api/vehicle/69c5ed4b192665c2c1779cad   304  17ms
2026/5/29   17:30:11s :: GETon /api/vehicle   304  35ms
2026/5/29   17:31:2s :: GETon /api/vehicle/69e71bd09b85cb04b20e1ffc   200  25ms
2026/5/29   17:56:44s :: GETon /api/vehicle/69e71bd09b85cb04b20e1ffc   304  75ms
2026/5/29   17:57:28s :: GETon /api/vehicle   304  74ms
2026/5/29   17:57:30s :: GETon /api/vehicle/69c5ed4b192665c2c1779cad   304  26ms
2026/5/29   17:58:26s :: GETon /api/vehicle   304  28ms
2026/5/29   17:58:49s :: GETon /api/vehicle/69c5ed7b192665c2c1779cb7   304  25ms
2026/5/29   18:3:31s :: GETon /api/vehicle   304  40ms
2026/5/29   18:3:34s :: GETon /api/vehicle/69c5ed4b192665c2c1779cad   304  20ms
2026/5/29   18:4:29s :: GETon /api/vehicle/69c5ed4b192665c2c1779cad   304  12ms
2026/5/29   18:11:29s :: GETon /api/vehicle/69c5ed4b192665c2c1779cad   304  15ms
2026/5/29   18:13:32s :: GETon /api/vehicle/69c5ed4b192665c2c1779cad   304  20ms
2026/5/29   18:14:23s :: GETon /api/vehicle/69c5ed4b192665c2c1779cad   304  15ms
2026/5/29   18:18:54s :: GETon /api/vehicle/69c5ed4b192665c2c1779cad   304  14ms
2026/5/29   18:19:4s :: GETon /api/vehicle/69c5ed4b192665c2c1779cad   304  14ms
2026/5/29   18:19:18s :: GETon /api/vehicle/69c5ed4b192665c2c1779cad   304  12ms
2026/5/29   18:24:19s :: GETon /api/vehicle   304  41ms
2026/5/29   18:24:25s :: GETon /api/vehicle/69e71b609b85cb04b20e1ff4   304  18ms
2026/5/29   18:24:56s :: GETon /api/vehicle   304  41ms
2026/5/29   18:29:13s :: GETon /api/vehicle   304  23ms
2026/5/29   18:29:43s :: GETon /api/vehicle   304  35ms
2026/5/30   1:32:1s :: GETon /api/vehicle   304  363ms
2026/5/30   1:32:34s :: GETon /api/vehicle/6a1973a820b8a61cf1aabacd   200  60ms
2026/5/30   1:32:43s :: GETon /api/vehicle   304  241ms
2026/5/30   1:33:42s :: GETon /api/vehicle   304  21ms
2026/5/30   1:33:49s :: GETon /api/vehicle/69e71b609b85cb04b20e1ff4   304  13ms
2026/5/30   1:33:59s :: GETon /api/vehicle   304  14ms
2026/5/30   1:34:1s :: GETon /api/vehicle/69c5ed4b192665c2c1779cad   304  10ms
2026/5/30   1:34:32s :: GETon /api/vehicle   304  16ms
2026/5/30   1:34:34s :: GETon /api/vehicle/69cd240ad9b9a49c395bac6c   200  19ms
2026/5/30   1:36:38s :: GETon /api/vehicle   304  35ms
2026/5/30   1:36:43s :: GETon /api/vehicle/69cd3d3786e74125f33da519   200  19ms
2026/5/30   1:36:53s :: GETon /api/vehicle   304  33ms
2026/5/30   1:37:8s :: GETon /api/vehicle   304  44ms
2026/5/30   1:44:18s :: GETon /api/vehicle   200  71ms
2026/5/30   1:44:19s :: GETon /api/vehicle   304  18ms
2026/5/30   4:16:4s :: GETon /api/vehicle   304  93ms
2026/5/30   4:16:17s :: GETon /api/vehicle   304  44ms
2026/5/31   1:58:18s :: GETon /api/vehicle   200  33ms
2026/5/31   1:58:19s :: GETon /api/vehicle   304  26ms
2026/5/31   2:0:44s :: GETon /api/vehicle/69e71bd09b85cb04b20e1ffc   200  38ms
2026/5/31   2:2:10s :: GETon /api/vehicle/69e71bd09b85cb04b20e1ffc   304  22ms
2026/5/31   2:2:17s :: GETon /api/vehicle   304  55ms
2026/5/31   2:2:24s :: GETon /api/vehicle/69c5ed4b192665c2c1779cad   304  19ms
2026/5/31   2:2:48s :: GETon /api/vehicle   304  45ms
2026/5/31   2:3:7s :: GETon /api/vehicle   304  46ms
2026/5/31   2:3:9s :: GETon /api/vehicle   304  23ms
2026/5/31   2:3:18s :: GETon /api/vehicle/69c5ed4b192665c2c1779cad   200  21ms
2026/5/31   2:3:43s :: GETon /api/vehicle   304  25ms
2026/5/31   2:12:50s :: GETon /api/vehicle/69e71b609b85cb04b20e1ff4   304  41ms
2026/5/31   2:13:3s :: GETon /api/vehicle   304  29ms
2026/5/31   2:26:33s :: GETon /api/vehicle   304  60ms
2026/5/31   2:39:18s :: GETon /api/vehicle/69c5ed4b192665c2c1779cad   304  68ms
2026/5/31   2:43:34s :: GETon /api/vehicle/69c5ed4b192665c2c1779cad   304  13ms
2026/5/31   2:46:34s :: GETon /api/vehicle/69c5ed4b192665c2c1779cad   304  14ms
2026/5/31   2:47:6s :: GETon /api/vehicle/69c5ed4b192665c2c1779cad   304  21ms
2026/5/31   2:47:17s :: GETon /api/vehicle/69c5ed4b192665c2c1779cad   304  15ms
2026/5/31   3:0:6s :: GETon /api/vehicle/69c5ed4b192665c2c1779cad   304  49ms
2026/5/31   3:3:24s :: GETon /api/vehicle/69c5ed4b192665c2c1779cad   304  12ms
2026/5/31   3:11:45s :: GETon /api/vehicle/69c5ed4b192665c2c1779cad   304  13ms
2026/5/31   3:11:45s :: GETon /api/vehicle   304  32ms
2026/5/31   3:16:20s :: GETon /api/vehicle/69c5ed4b192665c2c1779cad   304  21ms
2026/5/31   3:16:22s :: GETon /api/vehicle   304  25ms
2026/5/31   3:22:46s :: GETon /api/vehicle/69c5ed4b192665c2c1779cad   304  8ms
2026/5/31   3:35:51s :: GETon /api/vehicle/cart   500  51ms
2026/5/31   3:37:24s :: GETon /api/vehicle   304  52ms
2026/5/31   3:37:56s :: GETon /api/vehicle   304  12ms
2026/5/31   3:38:25s :: GETon /api/vehicle   304  41ms
2026/5/31   3:38:29s :: GETon /api/vehicle/69cd3d3786e74125f33da519   200  26ms
2026/5/31   3:48:46s :: GETon /api/vehicle   500  30079ms
2026/5/31   3:49:41s :: GETon /api/vehicle   500  30018ms
2026/5/31   4:12:13s :: GETon /api/vehicle   500  30012ms
2026/5/31   4:27:53s :: GETon /api/vehicle   500  10102ms
2026/5/31   4:46:9s :: GETon /api/vehicle   500  10038ms
2026/5/31   4:46:26s :: GETon /api/vehicle   500  10005ms
2026/5/31   6:32:10s :: GETon /api/vehicle   200  94ms
2026/5/31   6:32:37s :: GETon /api/vehicle   200  26ms
2026/5/31   6:33:0s :: GETon /api/vehicle   304  16ms
2026/5/31   6:36:8s :: GETon /api/vehicle/69c5ed4b192665c2c1779cad   304  104ms
2026/5/31   6:37:19s :: GETon /api/vehicle   304  30ms
2026/5/31   6:37:22s :: GETon /api/vehicle/69c5ed4b192665c2c1779cad   304  22ms
2026/5/31   6:54:29s :: GETon /api/vehicle   304  24ms
2026/5/31   6:54:48s :: GETon /api/vehicle   304  10ms
2026/5/31   6:55:10s :: GETon /api/vehicle   304  34ms
2026/5/31   7:0:7s :: GETon /api/vehicle/69c5ed4b192665c2c1779cad   304  12ms
2026/5/31   7:9:57s :: GETon /api/vehicle   304  11ms
2026/5/31   7:20:33s :: GETon /api/vehicle   304  31ms
2026/5/31   7:20:35s :: GETon /api/vehicle/69c5ed4b192665c2c1779cad   304  19ms
2026/5/31   7:29:26s :: GETon /api/vehicle   304  31ms
2026/5/31   7:29:29s :: GETon /api/vehicle/69c5ed4b192665c2c1779cad   304  26ms
2026/5/31   7:30:51s :: GETon /api/vehicle   304  39ms
2026/5/31   7:31:12s :: GETon /api/vehicle   304  22ms
2026/5/31   7:31:19s :: GETon /api/vehicle/69c5ed4b192665c2c1779cad   304  21ms
2026/5/31   7:37:9s :: GETon /api/vehicle/69c5ed4b192665c2c1779cad   304  11ms
2026/5/31   7:37:11s :: GETon /api/vehicle/69c5ed4b192665c2c1779cad   304  13ms
2026/5/31   7:42:2s :: GETon /api/vehicle   304  8ms
2026/5/31   7:42:7s :: GETon /api/vehicle/69cd3d3786e74125f33da519   304  21ms
2026/5/31   7:42:47s :: GETon /api/vehicle   304  37ms
2026/5/31   7:42:49s :: GETon /api/vehicle/69c5ed4b192665c2c1779cad   304  15ms
2026/5/31   7:43:7s :: GETon /api/vehicle   304  42ms
2026/5/31   7:45:28s :: GETon /api/vehicle   304  18ms
2026/5/31   7:45:34s :: GETon /api/vehicle/69c5ed4b192665c2c1779cad   304  14ms
2026/5/31   7:46:59s :: GETon /api/vehicle   304  40ms
2026/5/31   7:47:1s :: GETon /api/vehicle/69cd3d3786e74125f33da519   304  15ms
2026/5/31   7:51:12s :: GETon /api/vehicle   304  45ms
2026/5/31   7:51:18s :: GETon /api/vehicle/69cd3d7186e74125f33da520   200  21ms
2026/5/31   7:51:30s :: GETon /api/vehicle   304  31ms
2026/5/31   7:58:32s :: GETon /api/vehicle   304  96ms
2026/5/31   7:58:49s :: GETon /api/vehicle/69cd3d3786e74125f33da519   200  105ms
2026/5/31   7:59:5s :: GETon /api/vehicle/69cd3d7186e74125f33da520   200  33ms
2026/5/31   7:59:11s :: GETon /api/vehicle   304  50ms
2026/5/31   7:59:22s :: GETon /api/vehicle   304  17ms
2026/5/31   7:59:58s :: GETon /api/vehicle/69c5ed7b192665c2c1779cb7   200  21ms
2026/5/31   8:0:5s :: GETon /api/vehicle   304  26ms
2026/5/31   8:3:17s :: GETon /api/vehicle/69c5ed4b192665c2c1779cad   304  20ms
2026/5/31   15:3:40s :: GETon /api/vehicle   304  583ms
2026/5/31   15:4:20s :: GETon /api/vehicle/69e71b349b85cb04b20e1fec   200  51ms
2026/5/31   15:4:28s :: GETon /api/vehicle   304  245ms
2026/5/31   15:5:43s :: GETon /api/vehicle   304  443ms
2026/5/31   15:27:46s :: GETon /api/vehicle   304  122ms
2026/5/31   15:27:47s :: GETon /api/vehicle   200  18ms
2026/5/31   15:27:48s :: GETon /api/vehicle   304  13ms
2026/5/31   15:27:54s :: GETon /api/vehicle   304  21ms
2026/5/31   15:28:20s :: GETon /api/vehicle/69e71a919b85cb04b20e1fe0   200  38ms
2026/5/31   15:28:29s :: GETon /api/vehicle   304  32ms
2026/5/31   15:38:24s :: GETon /api/vehicle   304  24ms
2026/5/31   17:17:13s :: GETon /api/vehicle   304  113ms
2026/5/31   17:17:21s :: GETon /api/vehicle   304  46ms
2026/5/31   17:18:27s :: GETon /api/vehicle   304  146ms
2026/5/31   17:18:39s :: GETon /api/vehicle   304  40ms
2026/5/31   17:22:16s :: GETon /api/vehicle/69cd3d3786e74125f33da519   304  59ms
2026/6/1   4:59:14s :: GETon /api/vehicle   304  63ms
2026/6/1   5:3:48s :: GETon /api/vehicle   304  53ms
2026/6/1   5:12:13s :: GETon /api/vehicle   304  98ms
2026/6/1   5:12:20s :: GETon /api/vehicle/69cd3d3786e74125f33da519   304  57ms
2026/6/1   5:19:47s :: GETon /api/vehicle   304  51ms
2026/6/1   5:19:49s :: GETon /api/vehicle/69c5ed4b192665c2c1779cad   304  15ms
2026/6/1   5:23:17s :: GETon /api/vehicle   304  42ms
2026/6/1   5:23:19s :: GETon /api/vehicle/69cd3d3786e74125f33da519   304  26ms
2026/6/1   5:30:54s :: GETon /api/vehicle   304  40ms
2026/6/1   5:30:57s :: GETon /api/vehicle/69cd3d3786e74125f33da519   304  30ms
2026/6/1   5:31:30s :: GETon /api/vehicle   304  33ms
2026/6/1   5:32:6s :: GETon /api/vehicle/69cd3d3786e74125f33da519   304  20ms
2026/6/1   5:32:53s :: GETon /api/vehicle   304  28ms
2026/6/1   5:34:6s :: GETon /api/vehicle   304  33ms
2026/6/1   5:35:33s :: GETon /api/vehicle   304  37ms
2026/6/1   5:35:36s :: GETon /api/vehicle/69c5ed4b192665c2c1779cad   304  18ms
2026/6/1   5:36:27s :: GETon /api/vehicle   304  40ms
2026/6/1   5:56:42s :: GETon /api/vehicle   304  99ms
2026/6/1   5:56:46s :: GETon /api/vehicle/69e7901f9b85cb04b20e2022   200  45ms
2026/6/1   5:57:0s :: GETon /api/vehicle   304  36ms
2026/6/1   5:57:48s :: GETon /api/vehicle/69cd3d7186e74125f33da520   304  32ms
2026/6/1   5:58:16s :: GETon /api/vehicle   304  30ms
2026/6/1   5:59:4s :: GETon /api/vehicle/69c5ed4b192665c2c1779cad   304  22ms
2026/6/1   6:10:5s :: GETon /api/vehicle   304  57ms
2026/6/1   6:10:13s :: GETon /api/vehicle   304  41ms
2026/6/1   6:38:55s :: GETon /api/vehicle   304  60ms
2026/6/1   6:40:20s :: GETon /api/vehicle/69c5ed4b192665c2c1779cad   304  43ms
2026/6/1   6:40:33s :: GETon /api/vehicle   304  20ms
2026/6/1   6:47:10s :: GETon /api/vehicle   304  44ms
2026/6/1   14:1:16s :: GETon /api/vehicle   200  139ms
2026/6/1   14:1:16s :: GETon /api/vehicle   200  22ms
2026/6/1   14:1:32s :: GETon /api/vehicle   304  34ms
2026/6/1   14:2:0s :: GETon /api/vehicle/69c5ed4b192665c2c1779cad   304  68ms
2026/6/1   14:10:25s :: POSTon /api/auth/login   400  100ms
2026/6/1   14:10:26s :: POSTon /api/auth/login   400  11ms
2026/6/1   14:10:29s :: POSTon /api/auth/login   400  9ms
2026/6/1   14:10:30s :: POSTon /api/auth/login   400  11ms
2026/6/1   14:10:30s :: POSTon /api/auth/login   400  15ms
2026/6/1   14:10:31s :: POSTon /api/auth/login   400  10ms
2026/6/1   14:10:31s :: POSTon /api/auth/login   400  13ms
2026/6/1   14:55:46s :: GETon /api/vehicle   304  108ms
2026/6/1   14:56:36s :: GETon /api/vehicle/69c5ed4b192665c2c1779cad   304  78ms
2026/6/1   14:56:44s :: GETon /api/vehicle   304  40ms
2026/6/1   16:3:25s :: POSTon /api/auth/login   400  76ms
2026/6/1   16:5:25s :: POSTon /api/auth/login   400  21ms
2026/6/1   16:15:18s :: POSTon /api/auth/login   400  22ms
2026/6/1   16:17:8s :: POSTon /api/auth/login   201  430ms
2026/6/1   16:17:22s :: POSTon /api/auth/login   400  5ms
2026/6/1   16:17:43s :: POSTon /api/auth/login   201  322ms
2026/6/1   16:20:36s :: POSTon /api/auth/login   400  353ms
2026/6/1   16:23:26s :: GETon /api/vehicle   304  71ms
2026/6/1   16:23:33s :: GETon /api/vehicle/69c5ed4b192665c2c1779cad   304  38ms
2026/6/1   16:24:12s :: GETon /api/vehicle   304  45ms
2026/6/1   16:28:16s :: GETon /api/vehicle/69c5ed4b192665c2c1779cad   304  130ms
2026/6/1   16:28:30s :: GETon /api/vehicle   304  60ms
2026/6/2   0:50:54s :: GETon /api/vehicle   304  74ms
2026/6/2   3:11:37s :: GETon /api/vehicle   200  68ms
2026/6/2   3:11:38s :: GETon /api/vehicle   304  14ms
2026/6/2   3:11:57s :: GETon /api/vehicle   304  22ms
2026/6/2   3:12:39s :: GETon /api/vehicle/69c5ed4b192665c2c1779cad   304  42ms
2026/6/2   4:1:2s :: POSTon /api/auth/login   400  36ms
2026/6/2   4:1:20s :: POSTon /api/auth/login   400  3ms
2026/6/2   6:31:39s :: POSTon /api/auth/register   400  79ms
2026/6/2   6:31:46s :: POSTon /api/auth/register   400  25ms
2026/6/2   6:33:38s :: POSTon /api/auth/register   400  5ms
2026/6/2   6:50:27s :: POSTon /api/auth/register   400  11ms
2026/6/2   6:53:48s :: POSTon /api/auth/register   400  4ms
2026/6/2   6:58:17s :: POSTon /api/auth/login   400  273ms
2026/6/2   6:58:26s :: POSTon /api/auth/login   400  6ms
2026/6/2   7:24:49s :: GETon /api/vehicle   200  99ms
2026/6/2   10:11:26s :: GETon /api/vehicle   200  117ms
2026/6/2   10:11:44s :: GETon /api/vehicle   304  25ms
2026/6/2   10:12:0s :: GETon /api/vehicle/69c5ed4b192665c2c1779cad   200  73ms
2026/6/2   10:28:12s :: POSTon /api/auth/login   400  67ms
2026/6/2   10:28:17s :: POSTon /api/auth/login   400  10ms
2026/6/2   10:57:52s :: POSTon /api/auth/login   400  39ms
2026/6/2   10:58:12s :: POSTon /api/auth/login   400  11ms
2026/6/2   11:33:35s :: GETon /api/vehicle   304  245ms
2026/6/2   11:34:5s :: GETon /api/vehicle   304  756ms
2026/6/2   12:5:51s :: POSTon /api/auth/login   400  22ms
2026/6/2   12:6:11s :: POSTon /api/auth/login   400  3ms
2026/6/2   12:7:59s :: POSTon /api/auth/login   400  51ms
2026/6/2   12:9:52s :: POSTon /api/auth/login   201  347ms
2026/6/2   12:13:1s :: POSTon /api/auth/login   400  292ms
2026/6/2   12:16:15s :: POSTon /api/auth/login   400  160ms
2026/6/2   12:39:47s :: POSTon /api/auth/login   201  422ms
2026/6/2   17:18:12s :: POSTon /api/auth/login   201  361ms
2026/6/2   17:18:15s :: GETon /api/vehicle   304  65ms
2026/6/2   17:26:7s :: GETon /api/vehicle   304  46ms
2026/6/2   17:46:35s :: GETon /api/vehicle   304  70ms
2026/6/2   17:48:48s :: GETon /api/vehicle   304  16ms
2026/6/2   17:48:57s :: GETon /api/vehicle/69c5ed4b192665c2c1779cad   304  130ms
2026/6/3   1:14:10s :: GETon /api/vehicle   500  30101ms
2026/6/3   1:24:39s :: GETon /api/vehicle   500  30029ms
2026/6/3   1:28:7s :: GETon /api/vehicle   500  30025ms
2026/6/3   11:28:44s :: GETon /api/vehicle   500  10271ms
2026/6/3   11:37:29s :: GETon /api/vehicle   500  10055ms
2026/6/3   12:3:5s :: GETon /api/vehicle   500  10021ms
2026/6/3   12:3:15s :: GETon /api/vehicle   500  10010ms
2026/6/3   12:6:33s :: GETon /api/vehicle   500  10004ms
2026/6/3   12:7:0s :: GETon /api/vehicle   500  10009ms
2026/6/3   12:28:47s :: GETon /api/vehicle   200  156ms
2026/6/3   12:28:57s :: GETon /api/vehicle   200  38ms
2026/6/3   12:29:33s :: GETon /api/vehicle   304  16ms
2026/6/3   12:29:57s :: GETon /api/vehicle   304  15ms
2026/6/3   13:50:13s :: GETon /api/vehicle   304  81ms
2026/6/3   13:50:19s :: GETon /api/vehicle/69c5ed7b192665c2c1779cb7   200  187ms
2026/6/3   13:50:40s :: GETon /api/vehicle   304  26ms
2026/6/4   2:0:48s :: GETon /api/vehicle   304  41ms
2026/6/4   2:0:58s :: GETon /api/vehicle/69c5ed4b192665c2c1779cad   200  87ms
2026/6/4   2:11:15s :: GETon /api/vehicle   304  99ms
2026/6/4   2:20:2s :: GETon /api/vehicle   304  51ms
2026/6/4   2:20:12s :: GETon /api/vehicle   304  28ms
2026/6/4   2:21:1s :: GETon /api/vehicle   304  19ms
2026/6/4   2:26:3s :: GETon /api/vehicle   304  19ms
2026/6/4   2:48:7s :: GETon /api/vehicle   304  99ms
2026/6/4   2:53:11s :: GETon /api/vehicle   304  29ms
2026/6/4   2:53:22s :: POSTon /api/auth/logout   200  136ms
2026/6/4   2:53:39s :: POSTon /api/auth/logout   401  6ms
2026/6/4   2:53:47s :: GETon /api/vehicle   304  18ms
2026/6/4   2:54:31s :: POSTon /api/auth/logout   401  4ms
2026/6/4   3:0:14s :: GETon /api/vehicle   304  34ms
2026/6/4   3:5:11s :: GETon /api/vehicle   304  53ms
2026/6/4   3:5:16s :: POSTon /api/auth/logout   401  3ms
2026/6/4   3:7:11s :: POSTon /api/auth/logout   200  16ms
2026/6/4   3:7:45s :: GETon /api/vehicle   304  107ms
2026/6/4   3:7:52s :: POSTon /api/auth/logout   200  7ms
2026/6/4   3:16:11s :: GETon /api/vehicle   304  141ms
2026/6/4   3:16:16s :: POSTon /api/auth/logout   401  10ms
2026/6/4   3:18:23s :: GETon /api/vehicle   200  121ms
2026/6/4   3:18:28s :: POSTon /api/auth/logout   401  7ms
2026/6/4   3:19:30s :: POSTon /api/auth/login   400  408ms
2026/6/4   3:19:53s :: POSTon /api/auth/login   201  208ms
2026/6/4   3:19:55s :: GETon /api/vehicle   304  45ms
2026/6/4   3:20:3s :: POSTon /api/auth/logout   200  44ms
2026/6/4   3:21:47s :: GETon /api/vehicle   304  56ms
2026/6/4   3:38:59s :: POSTon /api/auth/login   201  229ms
2026/6/4   3:39:1s :: GETon /api/vehicle   304  26ms
2026/6/4   3:51:47s :: POSTon /api/auth/register   400  49ms
2026/6/4   3:51:50s :: POSTon /api/auth/register   400  24ms
2026/6/4   3:53:6s :: GETon /api/vehicle   304  130ms
2026/6/4   3:53:11s :: GETon /api/vehicle/69cd3d3786e74125f33da519   200  66ms
2026/6/4   4:15:30s :: GETon /api/vehicle   304  28ms
2026/6/4   4:15:56s :: GETon /api/vehicle   304  30ms
2026/6/4   4:27:3s :: GETon /api/vehicle   304  116ms
2026/6/4   4:27:21s :: GETon /api/vehicle   304  11ms
2026/6/4   4:27:29s :: GETon /api/vehicle/69c5ed4b192665c2c1779cad   304  7ms
2026/6/4   4:27:35s :: GETon /api/vehicle   304  13ms
2026/6/4   4:28:4s :: GETon /api/vehicle   304  23ms
2026/6/4   4:28:20s :: GETon /api/vehicle/69c5ed4b192665c2c1779cad   304  18ms
2026/6/4   8:26:53s :: GETon /api/vehicle   304  60ms
2026/6/4   8:27:18s :: GETon /api/vehicle   200  27ms
2026/6/4   8:27:26s :: GETon /api/vehicle/69c5ed4b192665c2c1779cad   200  61ms
2026/6/4   8:30:38s :: GETon /api/vehicle   304  55ms
2026/6/4   8:33:15s :: GETon /api/vehicle   304  29ms
2026/6/4   8:33:23s :: GETon /api/vehicle/69c5ed4b192665c2c1779cad   304  33ms
2026/6/4   8:33:49s :: GETon /api/vehicle   304  36ms
2026/6/4   8:52:3s :: GETon /api/vehicle   304  17ms
2026/6/4   10:28:42s :: GETon /api/vehicle   304  49ms
2026/6/4   10:28:52s :: GETon /api/vehicle/69cd3d3786e74125f33da519   200  66ms
2026/6/4   10:31:3s :: POSTon /api/auth/login   201  274ms
2026/6/4   10:32:4s :: GETon /api/vehicle   304  48ms
2026/6/4   14:15:27s :: GETon /api/vehicle   304  90ms
2026/6/4   14:25:35s :: GETon /api/vehicle   304  32ms
2026/6/4   14:40:9s :: GETon /api/vehicle   304  100ms
2026/6/4   14:43:49s :: GETon /api/vehicle   304  23ms
2026/6/4   16:4:59s :: GETon /api/vehicle   304  78ms
2026/6/4   16:5:4s :: GETon /api/vehicle   304  50ms
2026/6/5   0:8:7s :: GETon /api/vehicle   304  37ms
2026/6/5   13:48:18s :: GETon /api/vehicle   200  114ms
2026/6/5   13:48:56s :: GETon /api/vehicle   304  68ms
2026/6/5   13:48:59s :: GETon /api/vehicle/69c5ed4b192665c2c1779cad   200  49ms
2026/6/5   13:53:43s :: GETon /api/vehicle   304  49ms
2026/6/6   2:36:38s :: GETon /api/vehicle   304  55ms
2026/6/6   6:44:6s :: POSTon /api/nagarikta/verify   404  60ms
2026/6/6   6:47:0s :: POSTon /api/nagarikta/verify   404  10ms
2026/6/6   6:51:16s :: POSTon /api/nagarikta/verify   404  6ms
2026/6/6   8:12:34s :: POSTon /api/auth/login   404  10073ms
2026/6/6   8:26:23s :: GETon /api/vehicle   500  10034ms
2026/6/6   8:26:49s :: GETon /api/vehicle   500  10012ms
2026/6/6   8:33:36s :: GETon /api/vehicle   500  10009ms
2026/6/6   8:34:41s :: GETon /api/vehicle   200  83ms
2026/6/6   8:35:0s :: POSTon /api/auth/login   400  371ms
2026/6/6   8:35:56s :: POSTon /api/auth/login   201  258ms
2026/6/6   8:35:58s :: GETon /api/vehicle   304  26ms
2026/6/6   8:39:49s :: GETon /api/vehicle   304  41ms
2026/6/6   8:39:54s :: GETon /api/vehicle/69c5ed4b192665c2c1779cad   304  80ms
2026/6/7   0:6:44s :: GETon /api/vehicle   304  158ms
2026/6/7   0:39:27s :: GETon /api/vehicle   304  20ms
2026/6/7   0:39:44s :: POSTon /api/auth/login   201  360ms
2026/6/7   0:39:47s :: GETon /api/vehicle   304  39ms
2026/6/7   0:43:34s :: GETon /api/vehicle   304  20ms
2026/6/7   0:44:10s :: GETon /api/vehicle/69c5ed4b192665c2c1779cad   304  118ms
2026/6/7   0:47:8s :: GETon /api/vehicle   304  40ms
2026/6/7   0:52:58s :: GETon /api/vehicle   304  25ms
2026/6/7   0:54:10s :: POSTon /api/auth/login   400  188ms
2026/6/7   0:54:12s :: POSTon /api/auth/login   400  220ms
2026/6/7   0:54:13s :: POSTon /api/auth/login   400  193ms
2026/6/7   0:54:13s :: POSTon /api/auth/login   400  189ms
2026/6/7   0:54:13s :: POSTon /api/auth/login   400  187ms
2026/6/7   0:54:13s :: POSTon /api/auth/login   400  235ms
2026/6/7   0:54:24s :: POSTon /api/auth/login   201  202ms
2026/6/7   0:54:26s :: GETon /api/vehicle   304  32ms
2026/6/7   0:54:29s :: GETon /api/vehicle   304  24ms
2026/6/7   0:54:38s :: GETon /api/vehicle/69c5ed4b192665c2c1779cad   304  21ms
2026/6/7   0:55:59s :: GETon /api/vehicle   304  44ms
2026/6/7   0:56:1s :: GETon /api/vehicle   304  15ms
2026/6/7   4:34:6s :: POSTon /api/license/addlicense   404  19ms
2026/6/7   4:34:7s :: POSTon /api/license/addlicense   404  5ms
2026/6/7   7:30:50s :: GETon /api/vehicle   200  79ms
2026/6/7   7:31:4s :: GETon /api/vehicle   304  29ms
2026/6/7   8:0:26s :: GETon /api/vehicle   304  69ms
2026/6/7   8:0:29s :: POSTon /api/auth/logout   200  66ms
2026/6/7   8:0:38s :: POSTon /api/auth/login   400  335ms
2026/6/7   14:50:18s :: POSTon /api/bookings   404  20ms
2026/6/7   14:51:7s :: GETon /api/vehicle   500  10037ms
2026/6/7   14:53:58s :: GETon /api/vehicle   500  10008ms
2026/6/7   14:54:34s :: GETon /api/vehicle   200  61ms
2026/6/7   14:54:46s :: POSTon /api/auth/login   400  258ms
2026/6/7   14:54:55s :: POSTon /api/auth/login   201  214ms
2026/6/7   14:54:57s :: GETon /api/vehicle   304  30ms
2026/6/7   16:14:29s :: GETon /api/vehicle   200  95ms
2026/6/7   16:15:27s :: GETon /api/vehicle/69cd3d3786e74125f33da519   200  72ms
2026/6/7   16:24:44s :: POSTon /api/bookings   404  5ms
2026/6/7   16:25:5s :: GETon /api/vehicle   304  30ms
2026/6/8   5:8:23s :: GETon /api/vehicle   304  72ms
2026/6/8   5:8:26s :: GETon /api/vehicle/69c5ed4b192665c2c1779cad   200  75ms
2026/6/8   5:19:55s :: GETon /api/vehicle   304  298ms
2026/6/8   15:9:41s :: GETon /api/vehicle   304  72ms
2026/6/8   16:0:30s :: GETon /api/vehicle   304  140ms
2026/6/8   17:10:22s :: GETon /api/vehicle/69c5ed4b192665c2c1779cad   304  220ms
2026/6/8   17:10:35s :: GETon /api/vehicle   304  36ms
2026/6/9   1:55:12s :: GETon /api/vehicle   304  62ms
2026/6/9   1:55:14s :: GETon /api/vehicle/69c5ed4b192665c2c1779cad   304  18ms
2026/6/9   1:56:19s :: GETon /api/vehicle   304  50ms
2026/6/9   1:56:25s :: GETon /api/vehicle/69cd3d3786e74125f33da519   200  34ms
2026/6/9   2:11:42s :: GETon /api/vehicle   304  59ms
2026/6/9   2:12:12s :: GETon /api/vehicle   304  52ms
2026/6/9   2:15:30s :: GETon /api/vehicle/69c5ed4b192665c2c1779cad   304  40ms
2026/6/9   2:48:24s :: POSTon /api/bookings   404  9ms
2026/6/9   3:44:34s :: GETon /api/vehicle   304  70ms
2026/6/9   3:44:43s :: GETon /api/vehicle   304  30ms
2026/6/9   3:44:47s :: GETon /api/vehicle/69c5ed4b192665c2c1779cad   304  51ms
2026/6/9   3:45:12s :: GETon /api/vehicle   304  34ms
2026/6/9   3:45:15s :: GETon /api/vehicle/69cd3d3786e74125f33da519   304  22ms
2026/6/9   3:47:34s :: POSTon /api/auth/login   201  275ms
2026/6/9   3:49:31s :: GETon /api/vehicle   304  17ms
2026/6/9   3:49:36s :: GETon /api/vehicle/69cd3d3786e74125f33da519   304  22ms
2026/6/9   3:54:36s :: GETon /api/vehicle   304  35ms
2026/6/9   3:58:59s :: GETon /api/vehicle   304  16ms
2026/6/9   3:59:4s :: GETon /api/vehicle/69cd3d3786e74125f33da519   304  33ms
2026/6/9   9:17:36s :: POSTon /api/auth/booking   404  33ms
2026/6/9   9:17:38s :: POSTon /api/auth/booking   404  5ms
2026/6/9   9:17:43s :: POSTon /api/auth/booking   404  5ms
2026/6/9   9:18:40s :: POSTon /api/auth/booking   404  2ms
2026/6/9   9:20:44s :: POSTon /api/auth/booking   404  5ms
2026/6/9   9:20:56s :: POSTon /api/auth/booking   404  3ms
2026/6/9   9:26:2s :: POSTon /api/booking   400  90ms
2026/6/9   9:26:17s :: POSTon /api/booking   400  29ms
2026/6/9   9:30:25s :: POSTon /api/booking   400  27ms
2026/6/9   9:30:34s :: POSTon /api/booking   400  26ms
2026/6/9   9:34:34s :: POSTon /api/booking   400  26ms
2026/6/9   9:49:18s :: POSTon /api/booking   400  20ms
2026/6/9   9:51:40s :: POSTon /api/booking   400  132ms
2026/6/9   9:51:46s :: POSTon /api/booking   400  25ms
2026/6/9   9:52:9s :: POSTon /api/booking   500  54ms
2026/6/9   9:52:32s :: POSTon /api/booking   500  41ms
2026/6/9   9:56:16s :: POSTon /api/booking   400  138ms
2026/6/9   9:58:21s :: GETon /api/vehicle   304  48ms
2026/6/9   9:58:39s :: GETon /api/vehicle/69e71bd09b85cb04b20e1ffc   200  50ms
2026/6/9   9:59:25s :: GETon /api/vehicle   304  37ms
2026/6/9   9:59:51s :: GETon /api/vehicle/69c5ed4b192665c2c1779cad   304  30ms
2026/6/9   9:59:59s :: GETon /api/vehicle   304  46ms
2026/6/9   10:0:27s :: GETon /api/vehicle   200  44ms
2026/6/10   0:59:50s :: GETon /api/vehicle   304  306ms
2026/6/10   0:59:57s :: GETon /api/vehicle/69c5ed4b192665c2c1779cad   200  32ms
2026/6/10   1:0:6s :: GETon /api/vehicle   304  25ms
2026/6/10   1:34:51s :: GETon /api/vehicle   200  117ms
2026/6/10   1:39:53s :: POSTon /api/nagarikta   500  42ms
2026/6/10   1:39:59s :: POSTon /api/nagarikta   500  44ms
2026/6/10   3:26:33s :: POSTon /api/uploads   500  3022ms
2026/6/10   3:26:56s :: POSTon /api/uploads   500  2680ms
2026/6/10   3:50:14s :: POSTon /api/uploads   500  4451ms
2026/6/10   3:50:25s :: POSTon /api/uploads   500  3541ms
2026/6/10   3:53:40s :: POSTon /api/uploads   500  4438ms
2026/6/10   4:5:59s :: POSTon /api/uploads   500  4469ms
2026/6/10   4:9:4s :: POSTon /api/uploads   500  3055ms
2026/6/10   10:1:47s :: POSTon /api/uploads   500  5299ms
2026/6/10   10:7:2s :: POSTon /api/uploads   200  4224ms
2026/6/10   10:7:6s :: POSTon /api/uploads   200  2379ms
2026/6/10   10:7:9s :: POSTon /api/nagarikta   500  105ms
2026/6/10   10:7:31s :: POSTon /api/uploads   200  4050ms
2026/6/10   10:7:35s :: POSTon /api/uploads   200  2669ms
2026/6/10   10:7:38s :: POSTon /api/nagarikta   201  119ms
2026/6/10   10:11:7s :: POSTon /api/uploads   200  4490ms
2026/6/10   10:11:12s :: POSTon /api/uploads   200  2316ms
2026/6/10   10:11:14s :: POSTon /api/nagarikta   409  107ms
2026/6/10   10:11:47s :: POSTon /api/uploads   200  3831ms
2026/6/10   10:11:51s :: POSTon /api/uploads   200  1381ms
2026/6/10   10:11:52s :: POSTon /api/nagarikta   201  82ms
2026/6/10   14:12:12s :: POSTon /api/uploads   200  6046ms
2026/6/10   14:12:19s :: POSTon /api/license   400  98ms
2026/6/10   15:17:3s :: POSTon /api/uploads   200  5207ms
2026/6/10   15:17:8s :: POSTon /api/license   200  120ms
2026/6/10   16:22:49s :: GETon /api/nagarikta/mystatus   200  207ms
2026/6/10   16:27:45s :: POSTon /api/uploads   200  4710ms
2026/6/10   16:27:49s :: POSTon /api/uploads   200  2458ms
2026/6/10   16:27:52s :: POSTon /api/nagarikta   409  20ms
2026/6/10   16:27:52s :: GETon /api/nagarikta/mystatus   304  23ms
2026/6/10   16:28:2s :: POSTon /api/uploads   200  3868ms
2026/6/10   16:28:6s :: POSTon /api/uploads   200  2403ms
2026/6/10   16:28:9s :: POSTon /api/nagarikta   201  146ms
2026/6/10   16:28:9s :: GETon /api/nagarikta/mystatus   304  25ms
2026/6/10   16:32:16s :: GETon /api/nagarikta/mystatus   304  11ms
2026/6/10   16:39:32s :: GETon /api/nagarikta/mystatus   304  17ms
2026/6/10   16:39:56s :: POSTon /api/uploads   200  4761ms
2026/6/10   16:40:1s :: POSTon /api/uploads   200  2578ms
2026/6/10   16:40:3s :: POSTon /api/nagarikta   409  13ms
2026/6/10   16:40:3s :: GETon /api/nagarikta/mystatus   304  17ms
2026/6/10   16:40:18s :: POSTon /api/uploads   200  3658ms
2026/6/10   16:40:21s :: POSTon /api/uploads   200  1281ms
2026/6/10   16:40:23s :: POSTon /api/nagarikta   201  60ms
2026/6/10   16:40:23s :: GETon /api/nagarikta/mystatus   304  11ms
2026/6/10   16:48:42s :: GETon /api/nagarikta/mystatus   304  92ms
2026/6/10   16:49:11s :: POSTon /api/uploads   200  4007ms
2026/6/10   16:49:15s :: POSTon /api/uploads   200  1636ms
2026/6/10   16:49:17s :: POSTon /api/nagarikta   201  72ms
2026/6/10   16:49:17s :: GETon /api/nagarikta/mystatus   304  11ms
2026/6/10   16:57:44s :: GETon /api/nagarikta/mystatus   304  46ms
2026/6/10   17:5:44s :: GETon /api/nagarikta/mystatus   304  30ms
2026/6/10   17:6:5s :: POSTon /api/uploads   200  5057ms
2026/6/10   17:6:10s :: POSTon /api/uploads   200  1328ms
2026/6/10   17:6:11s :: POSTon /api/nagarikta   409  30ms
2026/6/10   17:6:11s :: GETon /api/nagarikta/mystatus   304  29ms
2026/6/10   17:6:24s :: POSTon /api/uploads   200  3700ms
2026/6/10   17:6:27s :: POSTon /api/uploads   200  1401ms
2026/6/10   17:6:29s :: POSTon /api/nagarikta   201  102ms
2026/6/10   17:6:29s :: GETon /api/nagarikta/mystatus   304  10ms
2026/6/10   17:6:37s :: POSTon /api/uploads   200  5237ms
2026/6/10   17:6:42s :: POSTon /api/uploads   200  2141ms
2026/6/10   17:6:44s :: POSTon /api/nagarikta   409  24ms
2026/6/10   17:6:44s :: GETon /api/nagarikta/mystatus   304  28ms
2026/6/10   17:6:50s :: POSTon /api/uploads   200  3817ms
2026/6/10   17:6:53s :: POSTon /api/uploads   200  2220ms
2026/6/10   17:6:56s :: POSTon /api/nagarikta   201  46ms
2026/6/10   17:6:56s :: GETon /api/nagarikta/mystatus   304  28ms
2026/6/10   17:7:25s :: POSTon /api/uploads   200  3537ms
2026/6/10   17:7:29s :: POSTon /api/uploads   200  1395ms
2026/6/10   17:7:30s :: POSTon /api/nagarikta   409  22ms
2026/6/10   17:7:30s :: GETon /api/nagarikta/mystatus   304  24ms
2026/6/10   17:7:36s :: POSTon /api/uploads   200  3041ms
2026/6/10   17:7:39s :: POSTon /api/uploads   200  1537ms
2026/6/10   17:7:41s :: POSTon /api/nagarikta   409  26ms
2026/6/10   17:7:41s :: GETon /api/nagarikta/mystatus   304  19ms
2026/6/10   17:8:0s :: POSTon /api/uploads   200  3710ms
2026/6/10   17:8:3s :: POSTon /api/uploads   200  1287ms
2026/6/10   17:8:5s :: POSTon /api/nagarikta   201  33ms
2026/6/10   17:8:5s :: GETon /api/nagarikta/mystatus   304  22ms
2026/6/10   17:9:50s :: POSTon /api/uploads   200  2902ms
2026/6/10   17:9:53s :: POSTon /api/license   500  133ms
2026/6/10   17:10:7s :: POSTon /api/uploads   200  3007ms
2026/6/10   17:10:10s :: POSTon /api/license   500  13ms
2026/6/11   0:4:15s :: GETon /api/vehicle   200  149ms
2026/6/11   0:5:1s :: GETon /api/vehicle/69cd3d3786e74125f33da519   304  77ms
2026/6/11   0:7:14s :: GETon /api/nagarikta/mystatus   304  48ms
2026/6/11   0:7:45s :: POSTon /api/uploads   200  7131ms
2026/6/11   0:7:52s :: POSTon /api/uploads   200  4555ms
2026/6/11   0:7:57s :: POSTon /api/nagarikta   201  85ms
2026/6/11   0:7:57s :: GETon /api/nagarikta/mystatus   304  32ms
2026/6/11   0:8:49s :: POSTon /api/uploads   500  5469ms
2026/6/11   10:40:50s :: POSTon /api/uploads   500  103ms
2026/6/11   10:40:52s :: POSTon /api/uploads   500  84ms
2026/6/11   10:41:20s :: POSTon /api/uploads   500  101ms
2026/6/11   11:2:50s :: POSTon /api/booking   400  65ms
2026/6/11   19:21:29s :: GETon /api/vehicle   304  75ms
2026/6/11   19:21:38s :: GETon /api/vehicle   304  49ms
2026/6/11   19:21:48s :: GETon /api/nagarikta/mystatus   304  30ms
2026/6/11   19:38:37s :: POSTon /api/uploads   200  3613ms
2026/6/11   19:38:41s :: POSTon /api/license   400  35ms
2026/6/11   19:40:25s :: POSTon /api/uploads   200  3559ms
2026/6/11   19:40:29s :: POSTon /api/license   409  67ms
2026/6/11   19:41:10s :: POSTon /api/uploads   200  4719ms
2026/6/11   19:41:15s :: POSTon /api/license   409  38ms
2026/6/11   19:41:25s :: POSTon /api/uploads   200  18334ms
2026/6/11   19:41:43s :: POSTon /api/license   409  48ms
2026/6/11   19:58:56s :: POSTon /api/uploads   200  9018ms
2026/6/11   19:59:5s :: POSTon /api/license   201  115ms
2026/6/11   20:0:28s :: POSTon /api/booking   400  21ms
2026/6/12   9:42:15s :: GETon /api/vehicle   304  137ms
2026/6/12   9:45:8s :: GETon /api/vehicle   200  24ms
2026/6/12   13:37:22s :: GETon /api/vehicle   304  68ms
2026/6/12   15:14:5s :: GETon /api/vehicle   304  68ms
2026/6/12   15:16:11s :: GETon /api/vehicle   304  18ms
2026/6/12   15:32:12s :: GETon /api/vehicle   304  51ms
2026/6/12   15:32:13s :: GETon /api/vehicle   304  25ms
2026/6/12   15:52:2s :: GETon /api/license   401  16ms
2026/6/12   15:53:11s :: GETon /api/license   401  12ms
2026/6/12   15:53:21s :: GETon /api/vehicle   304  16ms
2026/6/12   15:53:26s :: POSTon /api/auth/logout   401  5ms
2026/6/12   15:56:27s :: POSTon /api/auth/login   400  259ms
2026/6/12   15:56:36s :: POSTon /api/auth/login   201  319ms
2026/6/12   15:56:38s :: GETon /api/vehicle   304  26ms
2026/6/12   15:58:12s :: POSTon /api/uploads   200  10151ms
2026/6/12   15:58:22s :: POSTon /api/license   409  60ms
2026/6/12   15:58:34s :: POSTon /api/uploads   200  4184ms
2026/6/12   15:58:39s :: POSTon /api/license   409  39ms
2026/6/12   15:59:43s :: POSTon /api/uploads   500  5340ms
2026/6/12   16:8:53s :: POSTon /api/uploads   200  5267ms
2026/6/12   16:8:58s :: POSTon /api/license   409  50ms
2026/6/12   16:10:27s :: POSTon /api/uploads   200  4287ms
2026/6/12   16:10:31s :: POSTon /api/license   500  133ms
2026/6/12   16:10:56s :: POSTon /api/uploads   200  15270ms
2026/6/12   16:11:11s :: POSTon /api/license   500  33ms
2026/6/12   16:11:24s :: POSTon /api/uploads   200  12518ms
2026/6/12   16:11:37s :: POSTon /api/license   500  112ms
2026/6/12   16:11:53s :: POSTon /api/uploads   200  62066ms
2026/6/12   16:12:55s :: POSTon /api/license   201  45ms
2026/6/12   16:13:32s :: POSTon /api/booking   400  29ms
2026/6/12   16:13:45s :: POSTon /api/booking   400  21ms
2026/6/12   16:34:37s :: POSTon /api/booking   500  100ms
2026/6/12   16:34:50s :: POSTon /api/booking   400  102ms
2026/6/12   16:34:57s :: POSTon /api/booking   400  15ms
2026/6/12   16:35:8s :: POSTon /api/booking   500  111ms
2026/6/12   16:37:16s :: POSTon /api/booking   500  51ms
2026/6/12   16:55:43s :: POSTon /api/booking   500  173ms
2026/6/12   16:56:26s :: POSTon /api/booking   500  23ms
2026/6/12   17:15:38s :: POSTon /api/booking   400  140ms
2026/6/12   17:16:10s :: POSTon /api/booking   500  234ms
2026/6/12   22:37:53s :: GETon /api/nagarikta/mystatus   200  69ms
2026/6/12   22:38:0s :: GETon /api/nagarikta/mystatus   304  14ms
2026/6/12   22:40:21s :: POSTon /api/auth/register   400  19ms
2026/6/12   22:40:41s :: POSTon /api/auth/register   404  370ms
2026/6/12   22:41:8s :: POSTon /api/auth/login   201  170ms
2026/6/12   22:41:10s :: GETon /api/vehicle   200  60ms
2026/6/12   22:41:13s :: GETon /api/vehicle/69cd3d3786e74125f33da519   200  43ms
2026/6/12   22:42:14s :: GETon /api/nagarikta/mystatus   404  15ms
2026/6/12   22:43:39s :: POSTon /api/uploads   200  4343ms
2026/6/12   22:43:44s :: POSTon /api/uploads   200  2492ms
2026/6/12   22:43:46s :: POSTon /api/nagarikta   409  15ms
2026/6/12   22:43:46s :: GETon /api/nagarikta/mystatus   404  18ms
2026/6/12   22:44:21s :: POSTon /api/uploads   200  3664ms
2026/6/12   22:44:25s :: POSTon /api/uploads   200  2293ms
2026/6/12   22:44:27s :: POSTon /api/nagarikta   201  37ms
2026/6/12   22:44:28s :: GETon /api/nagarikta/mystatus   200  22ms
2026/6/12   22:45:15s :: POSTon /api/uploads   200  4204ms
2026/6/12   22:45:19s :: POSTon /api/license   201  54ms
2026/6/12   22:45:30s :: POSTon /api/booking   500  35ms
2026/6/12   22:58:20s :: POSTon /api/booking   500  81ms
2026/6/12   23:1:35s :: POSTon /api/booking   500  45ms
2026/6/12   23:4:59s :: POSTon /api/booking   201  64ms
2026/6/12   23:18:22s :: POSTon /api/booking   409  48ms
2026/6/13   0:31:59s :: GETon /api/booking/mybooking   500  55ms
2026/6/13   0:36:31s :: GETon /api/booking/mybooking   500  54ms
2026/6/13   0:46:2s :: GETon /api/booking/mybooking   200  104ms
2026/6/13   0:46:18s :: GETon /api/booking/mybooking   304  30ms
2026/6/13   0:47:44s :: GETon /api/booking/mybooking   304  26ms
2026/6/13   0:51:8s :: GETon /api/booking/mybooking   304  16ms
2026/6/13   0:51:19s :: GETon /api/booking/mybooking   304  25ms
2026/6/13   0:54:22s :: GETon /api/booking/mybooking   304  23ms
2026/6/13   8:32:15s :: GETon /api/vehicle   304  86ms
2026/6/13   8:32:30s :: GETon /api/vehicle/69c5ed4b192665c2c1779cad   200  49ms
2026/6/13   8:33:19s :: GETon /api/nagarikta/mystatus   304  30ms
2026/6/13   8:34:25s :: POSTon /api/booking   409  33ms
2026/6/13   8:34:54s :: GETon /api/booking/mybooking   304  26ms
2026/6/13   8:48:51s :: GETon /api/booking/mybooking   304  101ms
2026/6/13   8:48:57s :: GETon /api/booking/mybooking   304  20ms
2026/6/13   8:49:8s :: GETon /api/booking/mybooking   304  29ms
2026/6/13   8:49:10s :: GETon /api/booking/mybooking   304  21ms
2026/6/13   8:49:23s :: GETon /api/booking/mybooking   304  29ms
2026/6/13   8:49:27s :: GETon /api/booking/mybooking   304  21ms
2026/6/13   8:49:29s :: GETon /api/booking/mybooking   304  20ms
2026/6/13   8:49:32s :: GETon /api/booking/mybooking   304  21ms
2026/6/13   8:49:36s :: GETon /api/booking/mybooking   304  41ms
2026/6/13   8:49:39s :: GETon /api/booking/mybooking   304  33ms
2026/6/13   8:49:47s :: GETon /api/booking/mybooking   304  24ms
2026/6/13   8:49:53s :: GETon /api/booking/mybooking   304  21ms
2026/6/13   8:50:30s :: GETon /api/vehicle   304  31ms
2026/6/13   8:51:28s :: GETon /api/vehicle   304  25ms
2026/6/13   8:51:53s :: POSTon /api/auth/login   201  241ms
2026/6/13   8:51:57s :: GETon /api/vehicle   304  14ms
2026/6/13   8:52:0s :: GETon /api/vehicle/69c5ed4b192665c2c1779cad   304  14ms
2026/6/13   8:52:39s :: GETon /api/nagarikta/mystatus   404  12ms
2026/6/13   8:53:34s :: POSTon /api/uploads   200  4541ms
2026/6/13   8:53:39s :: POSTon /api/uploads   200  2230ms
2026/6/13   8:53:41s :: POSTon /api/nagarikta   409  16ms
2026/6/13   8:53:41s :: GETon /api/nagarikta/mystatus   404  11ms
2026/6/13   8:54:9s :: POSTon /api/uploads   200  3908ms
2026/6/13   8:54:13s :: POSTon /api/uploads   200  2304ms
2026/6/13   8:54:15s :: POSTon /api/nagarikta   201  49ms
2026/6/13   8:54:15s :: GETon /api/nagarikta/mystatus   200  13ms
2026/6/13   8:55:17s :: POSTon /api/uploads   500  5078ms
2026/6/13   8:55:35s :: POSTon /api/uploads   200  5433ms
2026/6/13   8:55:40s :: POSTon /api/license   201  30ms
2026/6/13   8:56:0s :: POSTon /api/booking   201  30ms
2026/6/13   8:56:0s :: GETon /api/booking/mybooking   200  19ms
2026/6/13   9:35:20s :: GETon /api/booking/mybooking   304  344ms
2026/6/13   10:2:56s :: GETon /api/vehicle   304  80ms
2026/6/13   10:12:40s :: POSTon /api/booking   409  77ms
2026/6/13   10:12:59s :: GETon /api/booking/mybooking   304  55ms
2026/6/13   10:13:45s :: POSTon /api/booking   201  134ms
2026/6/13   10:24:22s :: POSTon /api/booking   201  134ms
2026/6/13   10:59:36s :: GETon /api/vehicle   304  118ms
2026/6/13   11:0:18s :: POSTon /api/booking   201  55ms
2026/6/13   11:10:45s :: POSTon /api/booking   201  57ms
2026/6/13   11:15:55s :: GETon /api/vehicle   304  53ms
2026/6/13   17:58:23s :: GETon /api/vehicle   200  71ms
2026/6/13   18:0:16s :: POSTon /api/auth/logout   200  79ms
2026/6/13   18:0:38s :: GETon /api/nagarikta/mystatus   401  2ms
2026/6/13   18:5:19s :: GETon /api/vehicle   304  22ms
2026/6/13   18:6:7s :: POSTon /api/auth/register   404  352ms
2026/6/13   18:6:23s :: POSTon /api/auth/login   201  258ms
2026/6/13   18:6:26s :: GETon /api/vehicle   304  23ms
2026/6/13   18:6:29s :: GETon /api/vehicle/69c5ed4b192665c2c1779cad   200  35ms
2026/6/13   18:7:18s :: GETon /api/nagarikta/mystatus   404  16ms
2026/6/13   18:8:19s :: POSTon /api/uploads   200  3667ms
2026/6/13   18:8:22s :: POSTon /api/uploads   200  2016ms
2026/6/13   18:8:24s :: POSTon /api/nagarikta   201  26ms
2026/6/13   18:8:24s :: GETon /api/nagarikta/mystatus   200  15ms
2026/6/13   18:9:39s :: POSTon /api/uploads   200  3734ms
2026/6/13   18:9:43s :: POSTon /api/license   500  43ms
2026/6/13   18:10:0s :: POSTon /api/uploads   200  3159ms
2026/6/13   18:10:3s :: POSTon /api/license   500  22ms
2026/6/13   18:10:32s :: POSTon /api/uploads   200  3165ms
2026/6/13   18:10:36s :: POSTon /api/license   201  46ms
2026/6/13   18:11:0s :: POSTon /api/booking   201  52ms
2026/6/13   18:12:21s :: GETon /api/vehicle   304  19ms
2026/6/13   18:36:52s :: GETon /api/vehicle   304  205ms
2026/6/13   18:40:58s :: POSTon /api/booking   409  84ms
2026/6/13   18:47:6s :: POSTon /api/booking   201  100ms
2026/6/13   18:49:44s :: GETon /api/booking/undefined   500  17ms
2026/6/13   18:49:59s :: GETon /api/booking/undefined   500  19ms
2026/6/13   18:51:46s :: GETon /api/booking/6a2d54cec4715ad0146f0d30   200  84ms
2026/6/13   18:56:25s :: GETon /api/booking/6a2d54cec4715ad0146f0d30   304  17ms
2026/6/13   18:59:11s :: GETon /api/booking/6a2d54cec4715ad0146f0d30   304  33ms
2026/6/13   19:0:11s :: GETon /api/booking/6a2d54cec4715ad0146f0d30   304  29ms
2026/6/13   19:8:2s :: GETon /api/booking/6a2d54cec4715ad0146f0d30   304  82ms
2026/6/13   22:48:18s :: GETon /api/booking/6a2d54cec4715ad0146f0d30   304  127ms
2026/6/13   23:24:56s :: GETon /api/booking/6a2d54cec4715ad0146f0d30   304  126ms
2026/6/13   23:33:25s :: POSTon /api/booking   500  117ms
2026/6/13   23:33:34s :: POSTon /api/booking   500  26ms
2026/6/13   23:49:43s :: POSTon /api/booking   500  177ms
2026/6/14   0:5:8s :: GETon /api/vehicle   304  114ms
2026/6/14   0:5:53s :: POSTon /api/auth/register   400  94ms
2026/6/14   0:6:1s :: POSTon /api/auth/register   404  295ms
2026/6/14   0:6:30s :: POSTon /api/auth/logout   200  18ms
2026/6/14   0:6:42s :: POSTon /api/auth/login   201  167ms
2026/6/14   0:6:45s :: GETon /api/vehicle   304  31ms
2026/6/14   0:6:51s :: GETon /api/vehicle/69c5ed4b192665c2c1779cad   304  50ms
2026/6/14   0:7:31s :: GETon /api/vehicle   304  18ms
2026/6/14   0:7:37s :: GETon /api/vehicle/69c5ed4b192665c2c1779cad   304  11ms
2026/6/14   0:8:30s :: GETon /api/nagarikta/mystatus   404  23ms
2026/6/14   0:9:22s :: POSTon /api/uploads   200  4641ms
2026/6/14   0:9:27s :: POSTon /api/uploads   200  1750ms
2026/6/14   0:9:28s :: POSTon /api/nagarikta   201  43ms
2026/6/14   0:9:28s :: GETon /api/nagarikta/mystatus   200  21ms
2026/6/14   0:10:44s :: GETon /api/vehicle   304  48ms
2026/6/14   0:12:12s :: GETon /api/vehicle   304  106ms
2026/6/14   0:12:48s :: POSTon /api/auth/register   404  301ms
2026/6/14   0:13:19s :: POSTon /api/auth/login   201  197ms
2026/6/14   0:13:21s :: GETon /api/vehicle   304  44ms
2026/6/14   0:13:41s :: GETon /api/vehicle/69c5ed4b192665c2c1779cad   304  56ms
2026/6/14   0:14:25s :: GETon /api/nagarikta/mystatus   404  33ms
2026/6/14   0:15:29s :: POSTon /api/uploads   200  3321ms
2026/6/14   0:15:32s :: POSTon /api/uploads   200  2237ms
2026/6/14   0:15:34s :: POSTon /api/nagarikta   409  37ms
2026/6/14   0:15:35s :: GETon /api/nagarikta/mystatus   404  15ms
2026/6/14   0:16:3s :: POSTon /api/uploads   200  2228ms
2026/6/14   0:16:5s :: POSTon /api/uploads   200  2188ms
2026/6/14   0:16:7s :: POSTon /api/nagarikta   201  43ms
2026/6/14   0:16:7s :: GETon /api/nagarikta/mystatus   200  27ms
2026/6/14   0:22:22s :: GETon /api/nagarikta/mystatus   304  21ms
2026/6/14   0:22:44s :: POSTon /api/uploads   200  3642ms
2026/6/14   0:22:47s :: POSTon /api/uploads   200  1376ms
2026/6/14   0:22:49s :: POSTon /api/nagarikta   409  16ms
2026/6/14   0:22:49s :: GETon /api/nagarikta/mystatus   304  11ms
2026/6/14   0:23:1s :: POSTon /api/uploads   200  3656ms
2026/6/14   0:23:5s :: POSTon /api/uploads   200  3590ms
2026/6/14   0:23:8s :: POSTon /api/nagarikta   201  22ms
2026/6/14   0:23:8s :: GETon /api/nagarikta/mystatus   304  10ms
2026/6/14   0:27:21s :: POSTon /api/uploads   200  4946ms
2026/6/14   0:27:25s :: POSTon /api/license   500  45ms
2026/6/14   0:28:0s :: POSTon /api/uploads   200  4159ms
2026/6/14   0:28:4s :: POSTon /api/license   201  48ms
2026/6/14   0:30:47s :: POSTon /api/uploads   200  5351ms
2026/6/14   0:30:52s :: POSTon /api/license   201  75ms
2026/6/14   0:33:32s :: POSTon /api/uploads   200  3910ms
2026/6/14   0:33:36s :: POSTon /api/license   201  47ms
2026/6/14   0:35:22s :: POSTon /api/booking   500  118ms
2026/6/14   0:37:55s :: POSTon /api/booking   500  49ms
2026/6/14   0:42:17s :: POSTon /api/booking   500  22ms
2026/6/14   0:42:33s :: POSTon /api/booking   500  44ms
2026/6/14   0:48:58s :: POSTon /api/booking   500  122ms
2026/6/14   0:49:32s :: POSTon /api/booking   500  198ms
2026/6/14   0:53:2s :: POSTon /api/booking   500  76ms
2026/6/14   0:54:55s :: POSTon /api/booking   500  200ms
2026/6/14   0:58:31s :: POSTon /api/booking   500  68ms
2026/6/14   1:2:6s :: POSTon /api/booking   500  165ms
2026/6/14   1:2:9s :: POSTon /api/booking   500  62ms
2026/6/14   1:4:59s :: POSTon /api/booking   500  190ms
2026/6/14   1:6:24s :: POSTon /api/booking   500  187ms
2026/6/14   1:8:16s :: POSTon /api/booking   500  64ms
2026/6/14   14:0:40s :: POSTon /api/booking   500  195ms
2026/6/14   14:7:36s :: POSTon /api/booking   500  58ms
2026/6/14   14:11:10s :: POSTon /api/booking   500  150ms
2026/6/14   14:13:5s :: POSTon /api/booking   500  101ms
2026/6/15   6:5:3s :: GETon /api/nagarikta/mystatus   304  76ms
2026/6/15   6:5:19s :: POSTon /api/booking   500  46ms
2026/6/15   6:8:39s :: POSTon /api/booking   500  80ms
2026/6/15   6:10:59s :: POSTon /api/booking   500  15ms
2026/6/15   6:23:58s :: POSTon /api/booking   500  108ms
2026/6/15   6:32:7s :: POSTon /api/booking   201  136ms
2026/6/15   6:32:7s :: GETon /api/booking/6a2f4b8b535d94237071d02d   200  69ms
2026/6/15   6:44:0s :: POSTon /api/booking   500  65ms
2026/6/15   7:10:54s :: POSTon /api/booking   201  168ms
2026/6/15   7:10:55s :: GETon /api/booking/6a2f54a2cece55ccf5f0bead   200  48ms
2026/6/15   7:27:31s :: GETon /api/booking/6a2f54a2cece55ccf5f0bead   304  72ms
2026/6/15   7:39:28s :: GETon /api/booking/6a2f54a2cece55ccf5f0bead   304  43ms
2026/6/15   7:49:21s :: GETon /api/booking/6a2f54a2cece55ccf5f0bead   304  32ms
2026/6/15   8:41:45s :: GETon /api/booking/6a2f54a2cece55ccf5f0bead   304  98ms
2026/6/15   8:43:1s :: GETon /api/booking/6a2f54a2cece55ccf5f0bead   304  39ms
2026/6/15   8:51:10s :: GETon /api/booking/6a2f54a2cece55ccf5f0bead   304  20ms
2026/6/15   9:4:59s :: GETon /api/booking/6a2f54a2cece55ccf5f0bead   304  30ms
2026/6/15   9:11:0s :: GETon /api/vehicle   304  75ms
2026/6/15   9:12:20s :: GETon /api/vehicle   304  50ms
2026/6/15   14:24:43s :: GETon /api/nagarikta/mystatus   401  16ms
2026/6/15   14:25:8s :: GETon /api/vehicle   304  118ms
2026/6/15   14:26:45s :: POSTon /api/auth/register   404  382ms
2026/6/15   14:27:9s :: GETon /api/vehicle   304  24ms
2026/6/15   14:27:32s :: POSTon /api/auth/login   201  267ms
2026/6/15   14:27:35s :: GETon /api/vehicle   304  41ms
2026/6/15   14:27:41s :: GETon /api/vehicle/69cd3d3786e74125f33da519   304  57ms
2026/6/15   14:28:29s :: GETon /api/nagarikta/mystatus   404  47ms
2026/6/15   14:29:49s :: POSTon /api/uploads   200  4764ms
2026/6/15   14:29:54s :: POSTon /api/uploads   200  2519ms
2026/6/15   14:29:57s :: POSTon /api/nagarikta   201  58ms
2026/6/15   14:29:57s :: GETon /api/nagarikta/mystatus   200  26ms
2026/6/15   14:31:36s :: POSTon /api/uploads   200  4396ms
2026/6/15   14:31:41s :: POSTon /api/license   403  20ms
2026/6/15   14:32:4s :: POSTon /api/uploads   200  4596ms
2026/6/15   14:32:9s :: POSTon /api/license   403  16ms
2026/6/15   14:36:22s :: POSTon /api/uploads   200  4934ms
2026/6/15   14:36:27s :: POSTon /api/license   403  54ms
2026/6/15   14:42:48s :: POSTon /api/uploads   200  4351ms
2026/6/15   14:42:52s :: POSTon /api/license   403  102ms
2026/6/15   14:47:27s :: POSTon /api/uploads   200  9520ms
2026/6/15   14:47:36s :: POSTon /api/license   403  31ms
2026/6/15   14:53:18s :: POSTon /api/uploads   200  4316ms
2026/6/15   14:53:23s :: POSTon /api/license   500  117ms
2026/6/15   14:53:39s :: POSTon /api/uploads   200  3718ms
2026/6/15   14:53:43s :: POSTon /api/license   201  59ms
2026/6/15   14:54:0s :: POSTon /api/booking   201  107ms
2026/6/15   14:54:0s :: GETon /api/booking/6a2fc12c3f563fc490756586   200  46ms
2026/6/15   16:21:26s :: GETon /api/booking/6a2fc12c3f563fc490756586   304  229ms
2026/6/15   16:45:35s :: GETon /api/booking/6a2fc12c3f563fc490756586   304  91ms
2026/6/15   16:46:12s :: GETon /api/booking/6a2fc12c3f563fc490756586   304  27ms
2026/6/15   16:56:43s :: GETon /api/nagarikta/mystatus   304  51ms
2026/6/15   16:56:54s :: GETon /api/vehicle   304  71ms
2026/6/15   16:56:59s :: POSTon /api/auth/logout   200  48ms
2026/6/15   17:31:53s :: POSTon /api/auth/login   201  272ms
2026/6/15   17:31:54s :: GETon /api/vehicle   304  28ms
2026/6/15   17:37:29s :: POSTon /api/auth/logout   200  10ms
2026/6/15   17:50:48s :: GETon /api/booking/mybooking   401  100ms
2026/6/15   18:8:40s :: GETon /api/vehicle   304  130ms
2026/6/15   18:15:36s :: GETon /api/vehicle   304  39ms
2026/6/15   18:18:57s :: GETon /api/vehicle   304  31ms
2026/6/15   18:19:21s :: GETon /api/vehicle   304  16ms
2026/6/15   18:19:32s :: GETon /api/vehicle   304  22ms
2026/6/15   18:20:12s :: GETon /api/vehicle   304  89ms
2026/6/15   18:30:7s :: GETon /api/vehicle/69e71b1f9b85cb04b20e1fe7   200  40ms
2026/6/15   18:30:28s :: GETon /api/vehicle   304  22ms
2026/6/15   18:30:46s :: GETon /api/vehicle   304  50ms
2026/6/15   23:51:23s :: GETon /api/nagarikta/mystatus   401  15ms
2026/6/15   23:54:50s :: POSTon /api/auth/login   201  581ms
2026/6/15   23:54:51s :: GETon /api/vehicle   304  41ms
2026/6/15   23:54:58s :: GETon /api/vehicle/69cd3d3786e74125f33da519   304  62ms
2026/6/15   23:55:5s :: GETon /api/vehicle/69c5ed4b192665c2c1779cad   304  36ms
2026/6/15   23:55:13s :: GETon /api/vehicle   304  67ms
2026/6/15   23:55:19s :: GETon /api/vehicle/69c5ed4b192665c2c1779cad   304  33ms
2026/6/15   23:56:15s :: GETon /api/nagarikta/mystatus   304  28ms
2026/6/15   23:56:53s :: POSTon /api/uploads   200  4265ms
2026/6/15   23:56:57s :: POSTon /api/uploads   200  2475ms
2026/6/15   23:57:0s :: POSTon /api/nagarikta   409  32ms
2026/6/15   23:57:0s :: GETon /api/nagarikta/mystatus   304  21ms
2026/6/15   23:57:10s :: POSTon /api/uploads   200  3425ms
2026/6/15   23:57:14s :: POSTon /api/uploads   200  2161ms
2026/6/15   23:57:16s :: POSTon /api/nagarikta   201  88ms
2026/6/15   23:57:16s :: GETon /api/nagarikta/mystatus   304  20ms
2026/6/15   23:58:32s :: POSTon /api/uploads   200  4245ms
2026/6/15   23:58:36s :: POSTon /api/license   201  53ms
2026/6/15   23:58:54s :: POSTon /api/booking   201  56ms
2026/6/15   23:58:54s :: GETon /api/booking/6a3040e2a15196730af9c760   200  34ms
2026/6/16   0:8:46s :: GETon /api/booking/6a3040e2a15196730af9c760   304  35ms
2026/6/16   0:10:55s :: GETon /api/booking/6a3040e2a15196730af9c760   304  20ms
2026/6/17   12:48:0s :: GETon /api/vehicle   500  10031ms
2026/6/17   13:8:53s :: GETon /api/vehicle   500  10062ms
2026/6/17   13:11:54s :: GETon /api/vehicle   500  10018ms
2026/6/17   13:13:31s :: GETon /api/vehicle   500  10059ms
2026/6/17   22:43:9s :: GETon /api/vehicle   500  10052ms
2026/6/17   22:44:23s :: POSTon /api/booking   400  10037ms
2026/6/17   22:44:47s :: POSTon /api/booking   400  10012ms
2026/6/18   7:37:8s :: GETon /api/vehicle   304  82ms
2026/6/18   7:37:32s :: GETon /api/vehicle   304  20ms
2026/6/18   7:39:28s :: GETon /api/nagarikta/mystatus   401  6ms
2026/6/18   7:39:42s :: GETon /api/vehicle   304  18ms
2026/6/18   7:47:47s :: POSTon /api/auth/login   201  309ms
2026/6/18   7:47:48s :: GETon /api/vehicle   304  11ms
2026/6/18   7:47:53s :: GETon /api/vehicle/69cd3d3786e74125f33da519   200  48ms
2026/6/18   7:47:59s :: GETon /api/vehicle   304  53ms
2026/6/18   7:48:1s :: GETon /api/vehicle/69c5ed4b192665c2c1779cad   200  36ms
2026/6/18   7:48:32s :: GETon /api/nagarikta/mystatus   200  74ms
2026/6/18   7:50:53s :: POSTon /api/uploads   200  6586ms
2026/6/18   7:50:59s :: POSTon /api/uploads   200  1685ms
2026/6/18   7:51:1s :: POSTon /api/nagarikta   201  79ms
2026/6/18   7:51:1s :: GETon /api/nagarikta/mystatus   304  9ms
2026/6/18   7:53:6s :: POSTon /api/uploads   200  2853ms
2026/6/18   7:53:9s :: POSTon /api/license   201  47ms
2026/6/18   7:53:33s :: POSTon /api/booking   201  91ms
2026/6/18   7:53:33s :: GETon /api/booking/6a3353210dc3ba292b82adf5   200  45ms
2026/6/18   8:38:42s :: GETon /api/booking/6a3353210dc3ba292b82adf5   304  224ms
2026/6/18   9:3:14s :: GETon /api/booking/6a3353210dc3ba292b82adf5   200  94ms
2026/6/18   9:3:52s :: GETon /api/booking/6a3353210dc3ba292b82adf5   200  58ms
2026/6/19   13:11:47s :: GETon /api/booking/6a3353210dc3ba292b82adf5   400  10080ms
2026/6/19   13:13:0s :: GETon /api/booking/6a3353210dc3ba292b82adf5   200  105ms
2026/6/19   14:14:45s :: GETon /api/booking/6a3353210dc3ba292b82adf5   304  201ms
2026/6/19   15:13:21s :: GETon /api/booking/get-payment-details   500  86ms
2026/6/19   15:13:21s :: GETon /api/booking/6a3353210dc3ba292b82adf5   304  114ms
2026/6/19   15:14:18s :: GETon /api/booking/get-payment-details   500  15ms
2026/6/19   15:14:22s :: GETon /api/booking/get-payment-details   500  7ms
2026/6/19   15:14:26s :: GETon /api/booking/get-payment-details   500  12ms
2026/6/19   15:14:27s :: GETon /api/booking/get-payment-details   500  7ms
2026/6/19   15:14:35s :: GETon /api/booking/6a3353210dc3ba292b82adf5/get-payment-details   500  43ms
2026/6/19   15:14:35s :: GETon /api/booking/6a3353210dc3ba292b82adf5   304  63ms
2026/6/19   15:21:20s :: GETon /api/booking/6a3353210dc3ba292b82adf5/get-payment-details   500  31ms
2026/6/19   15:21:20s :: GETon /api/booking/6a3353210dc3ba292b82adf5   304  49ms
2026/6/19   15:22:4s :: GETon /api/booking/6a3353210dc3ba292b82adf5/get-payment-details   500  62ms
2026/6/19   15:22:4s :: GETon /api/booking/6a3353210dc3ba292b82adf5   304  123ms
2026/6/19   15:25:22s :: GETon /api/booking/6a3353210dc3ba292b82adf5/get-payment-details   500  91ms
2026/6/19   15:25:22s :: GETon /api/booking/6a3353210dc3ba292b82adf5   304  172ms
2026/6/19   15:28:58s :: GETon /api/booking/6a3353210dc3ba292b82adf5/get-payment-details   500  70ms
2026/6/19   15:28:58s :: GETon /api/booking/6a3353210dc3ba292b82adf5   200  109ms
2026/6/19   15:31:27s :: GETon /api/booking/6a3353210dc3ba292b82adf5/get-payment-details   500  62ms
2026/6/19   15:31:27s :: GETon /api/booking/6a3353210dc3ba292b82adf5   200  122ms
2026/6/19   15:32:30s :: GETon /api/booking/6a3353210dc3ba292b82adf5/get-payment-details   500  14ms
2026/6/19   15:32:31s :: GETon /api/booking/6a3353210dc3ba292b82adf5/get-payment-details   500  24ms
2026/6/19   15:36:0s :: GETon /api/booking/6a3353210dc3ba292b82adf5/get-payment-details   500  62ms
2026/6/19   15:36:0s :: GETon /api/booking/6a3353210dc3ba292b82adf5   304  118ms
2026/6/19   15:38:13s :: GETon /api/booking/6a3353210dc3ba292b82adf5   200  116ms
2026/6/19   15:38:13s :: GETon /api/booking/6a3353210dc3ba292b82adf5/get-payment-details   500  86ms
2026/6/19   17:1:40s :: GETon /api/booking/6a3353210dc3ba292b82adf5/get-payment-details   200  55ms
2026/6/19   17:1:40s :: GETon /api/booking/6a3353210dc3ba292b82adf5   304  99ms
2026/6/19   22:16:57s :: GETon /api/vehicle   200  83ms
2026/6/19   22:17:41s :: GETon /api/vehicle   304  55ms
2026/6/19   22:17:52s :: GETon /api/booking/6a3353210dc3ba292b82adf5/get-payment-details   304  52ms
2026/6/19   22:17:52s :: GETon /api/booking/6a3353210dc3ba292b82adf5   304  95ms
2026/6/19   22:18:19s :: GETon /api/booking/6a3353210dc3ba292b82adf5/get-payment-details   304  31ms
2026/6/19   22:18:19s :: GETon /api/booking/6a3353210dc3ba292b82adf5   304  41ms
2026/6/19   22:32:44s :: GETon /api/booking/6a3353210dc3ba292b82adf5/get-payment-details   304  42ms
2026/6/19   22:32:44s :: GETon /api/booking/6a3353210dc3ba292b82adf5   304  74ms
2026/6/19   22:37:39s :: GETon /api/booking/6a3353210dc3ba292b82adf5/get-payment-details   304  20ms
2026/6/19   22:37:39s :: GETon /api/booking/6a3353210dc3ba292b82adf5   304  42ms
2026/6/19   22:47:11s :: GETon /api/booking/6a3353210dc3ba292b82adf5/get-payment-details   304  37ms
2026/6/19   22:47:11s :: GETon /api/booking/6a3353210dc3ba292b82adf5   304  86ms
2026/6/19   22:51:8s :: GETon /api/booking/6a3353210dc3ba292b82adf5/get-payment-details   304  23ms
2026/6/19   22:51:8s :: GETon /api/booking/6a3353210dc3ba292b82adf5   304  61ms
2026/6/19   23:3:55s :: GETon /api/booking/6a3353210dc3ba292b82adf5/get-payment-details   200  83ms
2026/6/19   23:3:55s :: GETon /api/booking/6a3353210dc3ba292b82adf5   304  149ms
2026/6/19   23:27:41s :: GETon /api/booking/6a3353210dc3ba292b82adf5/get-payment-details   200  89ms
2026/6/19   23:27:41s :: GETon /api/booking/6a3353210dc3ba292b82adf5   304  213ms
2026/6/20   8:24:6s :: GETon /api/booking/6a3353210dc3ba292b82adf5   401  33ms
2026/6/20   8:24:6s :: GETon /api/booking/6a3353210dc3ba292b82adf5/get-payment-details   401  4ms
2026/6/20   8:24:11s :: GETon /api/booking/6a3353210dc3ba292b82adf5   401  3ms
2026/6/20   8:24:11s :: GETon /api/booking/6a3353210dc3ba292b82adf5/get-payment-details   401  4ms
2026/6/20   8:24:52s :: GETon /api/booking/6a3353210dc3ba292b82adf5   401  55ms
2026/6/20   8:24:52s :: GETon /api/booking/6a3353210dc3ba292b82adf5/get-payment-details   401  3ms
2026/6/20   8:25:9s :: GETon /api/booking/6a3353210dc3ba292b82adf5   401  3ms
2026/6/20   8:25:9s :: GETon /api/booking/6a3353210dc3ba292b82adf5/get-payment-details   401  3ms
2026/6/20   8:27:37s :: GETon /api/vehicle   304  96ms
2026/6/20   8:27:50s :: POSTon /api/auth/logout   401  4ms
2026/6/20   8:28:44s :: POSTon /api/auth/login   400  22ms
2026/6/20   8:30:40s :: POSTon /api/auth/register   404  506ms
2026/6/20   8:31:21s :: POSTon /api/auth/login   201  401ms
2026/6/20   8:31:22s :: GETon /api/vehicle   304  47ms
2026/6/20   8:31:42s :: GETon /api/vehicle   304  36ms
2026/6/20   8:31:53s :: GETon /api/vehicle/69c5ed4b192665c2c1779cad   304  50ms
2026/6/20   8:32:32s :: GETon /api/nagarikta/mystatus   404  35ms
2026/6/20   8:33:39s :: POSTon /api/uploads   500  361015ms
2026/6/20   8:58:33s :: GETon /api/nagarikta/mystatus   404  66ms
2026/6/20   9:5:5s :: GETon /api/vehicle   304  32ms
2026/6/20   9:11:12s :: GETon /api/vehicle   304  41ms
2026/6/20   9:13:25s :: POSTon /api/auth/login   400  3ms
2026/6/20   9:14:14s :: POSTon /api/auth/login   400  3ms
2026/6/20   9:14:57s :: POSTon /api/auth/login   400  273ms
2026/6/20   9:15:7s :: POSTon /api/auth/login   400  184ms
2026/6/20   9:17:26s :: POSTon /api/auth/login   201  133ms
2026/6/20   9:17:27s :: GETon /api/vehicle   304  28ms
2026/6/20   9:19:8s :: GETon /api/vehicle/69c5ed4b192665c2c1779cad   304  49ms
2026/6/20   9:19:33s :: GETon /api/nagarikta/mystatus   200  21ms
2026/6/20   9:20:49s :: POSTon /api/uploads   200  3979ms
2026/6/20   9:20:53s :: POSTon /api/uploads   200  1614ms
2026/6/20   9:20:55s :: POSTon /api/nagarikta   201  32ms
2026/6/20   9:20:55s :: GETon /api/nagarikta/mystatus   304  12ms
2026/6/20   9:22:24s :: POSTon /api/uploads   200  3103ms
2026/6/20   9:22:27s :: POSTon /api/license   201  52ms
2026/6/20   9:22:39s :: POSTon /api/booking   201  44ms
2026/6/20   9:22:40s :: GETon /api/booking/6a360b04300dd43e816ae027/get-payment-details   200  27ms
2026/6/20   9:22:40s :: GETon /api/booking/6a360b04300dd43e816ae027   200  42ms
2026/6/20   9:41:53s :: GETon /api/booking/6a360b04300dd43e816ae027/get-payment-details   200  120ms
2026/6/20   9:41:53s :: GETon /api/booking/6a360b04300dd43e816ae027   304  189ms
2026/6/20   9:43:44s :: GETon /api/booking/6a360b04300dd43e816ae027/get-payment-details   200  41ms
2026/6/20   9:43:44s :: GETon /api/booking/6a360b04300dd43e816ae027   304  60ms
2026/6/20   9:49:33s :: GETon /api/booking/6a360b04300dd43e816ae027/get-payment-details   200  64ms
2026/6/20   9:49:33s :: GETon /api/booking/6a360b04300dd43e816ae027   304  131ms
2026/6/21   7:40:4s :: GETon /api/vehicle   304  60ms
2026/6/21   7:41:34s :: GETon /api/booking/6a3353210dc3ba292b82adf5/get-payment-details   200  63ms
2026/6/21   7:41:34s :: GETon /api/booking/6a3353210dc3ba292b82adf5   304  115ms
2026/6/21   10:30:7s :: GETon /api/booking/6a3353210dc3ba292b82adf5/get-payment-details   200  54ms
2026/6/21   10:30:7s :: GETon /api/booking/6a3353210dc3ba292b82adf5   304  96ms
2026/6/21   10:35:35s :: GETon /api/booking/6a3353210dc3ba292b82adf5/get-payment-details   200  14ms
2026/6/21   10:35:35s :: GETon /api/booking/6a3353210dc3ba292b82adf5   304  25ms
2026/6/21   10:36:21s :: GETon /api/booking/6a3353210dc3ba292b82adf5/get-payment-details   200  26ms
2026/6/21   10:36:21s :: GETon /api/booking/6a3353210dc3ba292b82adf5   200  39ms
2026/6/21   10:37:4s :: GETon /api/booking/confirm-payment?data=eyJ0cmFuc2FjdGlvbl9jb2RlIjoiMDAwRlhTVyIsInN0YXR1cyI6IkNPTVBMRVRFIiwidG90YWxfYW1vdW50IjoiMzAwLjAiLCJ0cmFuc2FjdGlvbl91dWlkIjoiNmEzMzUzMjEwZGMzYmEyOTJiODJhZGY1LTE3ODIwMTc0ODE1NDgtOHBhOGk5diIsInByb2R1Y3RfY29kZSI6IkVQQVlURVNUIiwic2lnbmVkX2ZpZWxkX25hbWVzIjoidHJhbnNhY3Rpb25fY29kZSxzdGF0dXMsdG90YWxfYW1vdW50LHRyYW5zYWN0aW9uX3V1aWQscHJvZHVjdF9jb2RlLHNpZ25lZF9maWVsZF9uYW1lcyIsInNpZ25hdHVyZSI6InJPQVZKRWJtaWFabDg4ZmdUeHpYVU5SS2g3Si9GZ2FRYTMrZDhzVW1pSVk9In0=   500  16ms
2026/6/21   10:37:5s :: GETon /favicon.ico   404  4ms
2026/6/21   10:37:6s :: GETon /.well-known/appspecific/com.chrome.devtools.json   404  3ms
2026/6/22   19:39:33s :: GETon /favicon.ico   404  34ms
2026/6/22   19:39:54s :: GETon /api/vehicle   304  70ms
2026/6/22   19:40:47s :: GETon /api/booking/6a3353210dc3ba292b82adf5/get-payment-details   200  44ms
2026/6/22   19:40:47s :: GETon /api/booking/6a3353210dc3ba292b82adf5   304  83ms
2026/6/22   19:46:48s :: GETon /api/booking/confirm-payment?data=eyJ0cmFuc2FjdGlvbl9jb2RlIjoiMDAwRlk1MiIsInN0YXR1cyI6IkNPTVBMRVRFIiwidG90YWxfYW1vdW50IjoiMzAwLjAiLCJ0cmFuc2FjdGlvbl91dWlkIjoiNmEzMzUzMjEwZGMzYmEyOTJiODJhZGY1LTE3ODIxMzY1NDc1ODEtcmp3ZDdmaCIsInByb2R1Y3RfY29kZSI6IkVQQVlURVNUIiwic2lnbmVkX2ZpZWxkX25hbWVzIjoidHJhbnNhY3Rpb25fY29kZSxzdGF0dXMsdG90YWxfYW1vdW50LHRyYW5zYWN0aW9uX3V1aWQscHJvZHVjdF9jb2RlLHNpZ25lZF9maWVsZF9uYW1lcyIsInNpZ25hdHVyZSI6Ikk3eXY5QUtQaWtsK1dxS2hVS0JaQXhHdE9qSXJnblJxM3k4cUMxYmR6N0E9In0=   500  15ms
2026/6/22   19:46:49s :: GETon /.well-known/appspecific/com.chrome.devtools.json   404  4ms
2026/6/22   20:6:7s :: GETon /api/booking/confirm-payment?data=eyJ0cmFuc2FjdGlvbl9jb2RlIjoiMDAwRlk1MiIsInN0YXR1cyI6IkNPTVBMRVRFIiwidG90YWxfYW1vdW50IjoiMzAwLjAiLCJ0cmFuc2FjdGlvbl91dWlkIjoiNmEzMzUzMjEwZGMzYmEyOTJiODJhZGY1LTE3ODIxMzY1NDc1ODEtcmp3ZDdmaCIsInByb2R1Y3RfY29kZSI6IkVQQVlURVNUIiwic2lnbmVkX2ZpZWxkX25hbWVzIjoidHJhbnNhY3Rpb25fY29kZSxzdGF0dXMsdG90YWxfYW1vdW50LHRyYW5zYWN0aW9uX3V1aWQscHJvZHVjdF9jb2RlLHNpZ25lZF9maWVsZF9uYW1lcyIsInNpZ25hdHVyZSI6Ikk3eXY5QUtQaWtsK1dxS2hVS0JaQXhHdE9qSXJnblJxM3k4cUMxYmR6N0E9In0=   200  89ms
2026/6/22   20:6:8s :: GETon /.well-known/appspecific/com.chrome.devtools.json   404  12ms
2026/6/22   20:30:52s :: GETon /api/booking/confirm-payment?data=eyJ0cmFuc2FjdGlvbl9jb2RlIjoiMDAwRlk1MiIsInN0YXR1cyI6IkNPTVBMRVRFIiwidG90YWxfYW1vdW50IjoiMzAwLjAiLCJ0cmFuc2FjdGlvbl91dWlkIjoiNmEzMzUzMjEwZGMzYmEyOTJiODJhZGY1LTE3ODIxMzY1NDc1ODEtcmp3ZDdmaCIsInByb2R1Y3RfY29kZSI6IkVQQVlURVNUIiwic2lnbmVkX2ZpZWxkX25hbWVzIjoidHJhbnNhY3Rpb25fY29kZSxzdGF0dXMsdG90YWxfYW1vdW50LHRyYW5zYWN0aW9uX3V1aWQscHJvZHVjdF9jb2RlLHNpZ25lZF9maWVsZF9uYW1lcyIsInNpZ25hdHVyZSI6Ikk3eXY5QUtQaWtsK1dxS2hVS0JaQXhHdE9qSXJnblJxM3k4cUMxYmR6N0E9In0=   302  104ms
2026/6/22   20:46:24s :: GETon /api/booking/6a3353210dc3ba292b82adf5/get-payment-details   200  56ms
2026/6/22   20:46:24s :: GETon /api/booking/6a3353210dc3ba292b82adf5   304  182ms
2026/6/22   21:10:37s :: GETon /api/booking/6a3353210dc3ba292b82adf5/get-payment-details   200  550ms
2026/6/22   21:10:36s :: GETon /api/booking/6a3353210dc3ba292b82adf5   304  1783ms
2026/6/22   21:11:59s :: GETon /api/booking/6a3353210dc3ba292b82adf5/get-payment-details   200  32ms
2026/6/22   21:11:59s :: GETon /api/booking/6a3353210dc3ba292b82adf5   304  52ms
2026/6/22   21:15:38s :: GETon /api/booking/6a3353210dc3ba292b82adf5/get-payment-details   200  38ms
2026/6/22   21:15:38s :: GETon /api/booking/6a3353210dc3ba292b82adf5   200  54ms
2026/6/22   21:16:38s :: GETon /api/booking/confirm-payment?data=eyJ0cmFuc2FjdGlvbl9jb2RlIjoiMDAwRlk1UiIsInN0YXR1cyI6IkNPTVBMRVRFIiwidG90YWxfYW1vdW50IjoiMzAwLjAiLCJ0cmFuc2FjdGlvbl91dWlkIjoiNmEzMzUzMjEwZGMzYmEyOTJiODJhZGY1LTE3ODIxNDIyMzg0MDAtaHhoMmRnZCIsInByb2R1Y3RfY29kZSI6IkVQQVlURVNUIiwic2lnbmVkX2ZpZWxkX25hbWVzIjoidHJhbnNhY3Rpb25fY29kZSxzdGF0dXMsdG90YWxfYW1vdW50LHRyYW5zYWN0aW9uX3V1aWQscHJvZHVjdF9jb2RlLHNpZ25lZF9maWVsZF9uYW1lcyIsInNpZ25hdHVyZSI6Imd0TmN5SjJ4ckVlUHlxMFFRS2FpVFowcm8xZkExaERPUkZycUkrNXhwQ3c9In0=   500  86ms
2026/6/22   21:16:39s :: GETon /.well-known/appspecific/com.chrome.devtools.json   404  5ms
2026/6/22   21:21:11s :: GETon /api/booking/confirm-payment?data=eyJ0cmFuc2FjdGlvbl9jb2RlIjoiMDAwRlk1UiIsInN0YXR1cyI6IkNPTVBMRVRFIiwidG90YWxfYW1vdW50IjoiMzAwLjAiLCJ0cmFuc2FjdGlvbl91dWlkIjoiNmEzMzUzMjEwZGMzYmEyOTJiODJhZGY1LTE3ODIxNDIyMzg0MDAtaHhoMmRnZCIsInByb2R1Y3RfY29kZSI6IkVQQVlURVNUIiwic2lnbmVkX2ZpZWxkX25hbWVzIjoidHJhbnNhY3Rpb25fY29kZSxzdGF0dXMsdG90YWxfYW1vdW50LHRyYW5zYWN0aW9uX3V1aWQscHJvZHVjdF9jb2RlLHNpZ25lZF9maWVsZF9uYW1lcyIsInNpZ25hdHVyZSI6Imd0TmN5SjJ4ckVlUHlxMFFRS2FpVFowcm8xZkExaERPUkZycUkrNXhwQ3c9In0=   500  35ms
2026/6/22   21:21:11s :: GETon /.well-known/appspecific/com.chrome.devtools.json   404  2ms
2026/6/23   7:15:55s :: GETon /api/booking/6a3353210dc3ba292b82adf5/get-payment-details   200  27ms
2026/6/23   7:15:55s :: GETon /api/booking/6a3353210dc3ba292b82adf5   304  54ms
2026/6/23   7:15:59s :: GETon /api/booking/6a360b04300dd43e816ae027/get-payment-details   200  36ms
2026/6/23   7:15:59s :: GETon /api/booking/6a360b04300dd43e816ae027   200  76ms
2026/6/23   7:16:59s :: GETon /api/booking/confirm-payment?data=eyJ0cmFuc2FjdGlvbl9jb2RlIjoiMDAwRlk3NiIsInN0YXR1cyI6IkNPTVBMRVRFIiwidG90YWxfYW1vdW50IjoiMzAwLjAiLCJ0cmFuc2FjdGlvbl91dWlkIjoiNmEzNjBiMDQzMDBkZDQzZTgxNmFlMDI3LTE3ODIxNzgyNTk5MTYtenRmcXJjaiIsInByb2R1Y3RfY29kZSI6IkVQQVlURVNUIiwic2lnbmVkX2ZpZWxkX25hbWVzIjoidHJhbnNhY3Rpb25fY29kZSxzdGF0dXMsdG90YWxfYW1vdW50LHRyYW5zYWN0aW9uX3V1aWQscHJvZHVjdF9jb2RlLHNpZ25lZF9maWVsZF9uYW1lcyIsInNpZ25hdHVyZSI6ImxFeHY2SndWMFdIYjdFWDE0UUtoUzdpRlZEVmZjQ3IwOVVZNWxmQUN5WlU9In0=   500  19ms
2026/6/23   7:17:0s :: GETon /.well-known/appspecific/com.chrome.devtools.json   404  2ms
2026/6/23   7:31:5s :: GETon /api/booking/confirm-payment?data=eyJ0cmFuc2FjdGlvbl9jb2RlIjoiMDAwRlk3NiIsInN0YXR1cyI6IkNPTVBMRVRFIiwidG90YWxfYW1vdW50IjoiMzAwLjAiLCJ0cmFuc2FjdGlvbl91dWlkIjoiNmEzNjBiMDQzMDBkZDQzZTgxNmFlMDI3LTE3ODIxNzgyNTk5MTYtenRmcXJjaiIsInByb2R1Y3RfY29kZSI6IkVQQVlURVNUIiwic2lnbmVkX2ZpZWxkX25hbWVzIjoidHJhbnNhY3Rpb25fY29kZSxzdGF0dXMsdG90YWxfYW1vdW50LHRyYW5zYWN0aW9uX3V1aWQscHJvZHVjdF9jb2RlLHNpZ25lZF9maWVsZF9uYW1lcyIsInNpZ25hdHVyZSI6ImxFeHY2SndWMFdIYjdFWDE0UUtoUzdpRlZEVmZjQ3IwOVVZNWxmQUN5WlU9In0=   500  57ms
2026/6/23   7:31:5s :: GETon /.well-known/appspecific/com.chrome.devtools.json   404  3ms
2026/6/23   11:43:1s :: GETon /api/vehicle   304  60ms
2026/6/23   11:43:14s :: GETon /api/booking/6a3353210dc3ba292b82adf5/get-payment-details   200  41ms
2026/6/23   11:43:14s :: GETon /api/booking/6a3353210dc3ba292b82adf5   304  102ms
2026/6/23   11:44:18s :: GETon /api/booking/confirm-payment?data=eyJ0cmFuc2FjdGlvbl9jb2RlIjoiMDAwRlk5QyIsInN0YXR1cyI6IkNPTVBMRVRFIiwidG90YWxfYW1vdW50IjoiMzAwLjAiLCJ0cmFuc2FjdGlvbl91dWlkIjoiNmEzMzUzMjEwZGMzYmEyOTJiODJhZGY1LTE3ODIxOTQyOTQ2NzYtOGgxMnowciIsInByb2R1Y3RfY29kZSI6IkVQQVlURVNUIiwic2lnbmVkX2ZpZWxkX25hbWVzIjoidHJhbnNhY3Rpb25fY29kZSxzdGF0dXMsdG90YWxfYW1vdW50LHRyYW5zYWN0aW9uX3V1aWQscHJvZHVjdF9jb2RlLHNpZ25lZF9maWVsZF9uYW1lcyIsInNpZ25hdHVyZSI6IjZXZUpNRnMrS0JTWldscW11cEY0WVlIUy94cjBvZUNqNTQxcHRNWVJSZ289In0=   500  33ms
2026/6/23   11:44:19s :: GETon /.well-known/appspecific/com.chrome.devtools.json   404  3ms
2026/6/23   11:44:19s :: GETon /favicon.ico   404  2ms
2026/6/23   11:58:8s :: GETon /api/booking/confirm-payment?data=eyJ0cmFuc2FjdGlvbl9jb2RlIjoiMDAwRlk5QyIsInN0YXR1cyI6IkNPTVBMRVRFIiwidG90YWxfYW1vdW50IjoiMzAwLjAiLCJ0cmFuc2FjdGlvbl91dWlkIjoiNmEzMzUzMjEwZGMzYmEyOTJiODJhZGY1LTE3ODIxOTQyOTQ2NzYtOGgxMnowciIsInByb2R1Y3RfY29kZSI6IkVQQVlURVNUIiwic2lnbmVkX2ZpZWxkX25hbWVzIjoidHJhbnNhY3Rpb25fY29kZSxzdGF0dXMsdG90YWxfYW1vdW50LHRyYW5zYWN0aW9uX3V1aWQscHJvZHVjdF9jb2RlLHNpZ25lZF9maWVsZF9uYW1lcyIsInNpZ25hdHVyZSI6IjZXZUpNRnMrS0JTWldscW11cEY0WVlIUy94cjBvZUNqNTQxcHRNWVJSZ289In0=   500  145ms
2026/6/23   11:58:8s :: GETon /.well-known/appspecific/com.chrome.devtools.json   404  5ms
2026/6/23   11:58:10s :: GETon /api/booking/confirm-payment?data=eyJ0cmFuc2FjdGlvbl9jb2RlIjoiMDAwRlk5QyIsInN0YXR1cyI6IkNPTVBMRVRFIiwidG90YWxfYW1vdW50IjoiMzAwLjAiLCJ0cmFuc2FjdGlvbl91dWlkIjoiNmEzMzUzMjEwZGMzYmEyOTJiODJhZGY1LTE3ODIxOTQyOTQ2NzYtOGgxMnowciIsInByb2R1Y3RfY29kZSI6IkVQQVlURVNUIiwic2lnbmVkX2ZpZWxkX25hbWVzIjoidHJhbnNhY3Rpb25fY29kZSxzdGF0dXMsdG90YWxfYW1vdW50LHRyYW5zYWN0aW9uX3V1aWQscHJvZHVjdF9jb2RlLHNpZ25lZF9maWVsZF9uYW1lcyIsInNpZ25hdHVyZSI6IjZXZUpNRnMrS0JTWldscW11cEY0WVlIUy94cjBvZUNqNTQxcHRNWVJSZ289In0=   500  31ms
2026/6/23   11:58:10s :: GETon /.well-known/appspecific/com.chrome.devtools.json   404  4ms
2026/6/23   12:33:21s :: GETon /api/booking/6a3353210dc3ba292b82adf5/get-payment-details   200  128ms
2026/6/23   12:33:21s :: GETon /api/booking/6a3353210dc3ba292b82adf5   200  144ms
2026/6/23   12:34:31s :: GETon /api/booking/confirm-payment?data=eyJ0cmFuc2FjdGlvbl9jb2RlIjoiMDAwRllBRCIsInN0YXR1cyI6IkNPTVBMRVRFIiwidG90YWxfYW1vdW50IjoiMzAwLjAiLCJ0cmFuc2FjdGlvbl91dWlkIjoiNmEzMzUzMjEwZGMzYmEyOTJiODJhZGY1LTE3ODIxOTczMDE5NDgtcjR4c3h0MSIsInByb2R1Y3RfY29kZSI6IkVQQVlURVNUIiwic2lnbmVkX2ZpZWxkX25hbWVzIjoidHJhbnNhY3Rpb25fY29kZSxzdGF0dXMsdG90YWxfYW1vdW50LHRyYW5zYWN0aW9uX3V1aWQscHJvZHVjdF9jb2RlLHNpZ25lZF9maWVsZF9uYW1lcyIsInNpZ25hdHVyZSI6ImxrcXFlV0VEWW43dzFRbDllNzVXb2lhV2I2UmJXQWlVV20vYW1TdkZoeDQ9In0=   500  34ms
2026/6/23   12:34:33s :: GETon /.well-known/appspecific/com.chrome.devtools.json   404  3ms
2026/6/23   12:42:20s :: GETon /api/booking/confirm-payment?data=eyJ0cmFuc2FjdGlvbl9jb2RlIjoiMDAwRllBRCIsInN0YXR1cyI6IkNPTVBMRVRFIiwidG90YWxfYW1vdW50IjoiMzAwLjAiLCJ0cmFuc2FjdGlvbl91dWlkIjoiNmEzMzUzMjEwZGMzYmEyOTJiODJhZGY1LTE3ODIxOTczMDE5NDgtcjR4c3h0MSIsInByb2R1Y3RfY29kZSI6IkVQQVlURVNUIiwic2lnbmVkX2ZpZWxkX25hbWVzIjoidHJhbnNhY3Rpb25fY29kZSxzdGF0dXMsdG90YWxfYW1vdW50LHRyYW5zYWN0aW9uX3V1aWQscHJvZHVjdF9jb2RlLHNpZ25lZF9maWVsZF9uYW1lcyIsInNpZ25hdHVyZSI6ImxrcXFlV0VEWW43dzFRbDllNzVXb2lhV2I2UmJXQWlVV20vYW1TdkZoeDQ9In0=   500  90ms
2026/6/23   12:50:33s :: GETon /api/booking/confirm-payment?data=eyJ0cmFuc2FjdGlvbl9jb2RlIjoiMDAwRllBRCIsInN0YXR1cyI6IkNPTVBMRVRFIiwidG90YWxfYW1vdW50IjoiMzAwLjAiLCJ0cmFuc2FjdGlvbl91dWlkIjoiNmEzMzUzMjEwZGMzYmEyOTJiODJhZGY1LTE3ODIxOTczMDE5NDgtcjR4c3h0MSIsInByb2R1Y3RfY29kZSI6IkVQQVlURVNUIiwic2lnbmVkX2ZpZWxkX25hbWVzIjoidHJhbnNhY3Rpb25fY29kZSxzdGF0dXMsdG90YWxfYW1vdW50LHRyYW5zYWN0aW9uX3V1aWQscHJvZHVjdF9jb2RlLHNpZ25lZF9maWVsZF9uYW1lcyIsInNpZ25hdHVyZSI6ImxrcXFlV0VEWW43dzFRbDllNzVXb2lhV2I2UmJXQWlVV20vYW1TdkZoeDQ9In0=   500  174ms
2026/6/23   12:59:23s :: GETon /.well-known/appspecific/com.chrome.devtools.json   404  23ms
2026/6/23   13:2:7s :: GETon /api/booking/6a3353210dc3ba292b82adf5/get-payment-details   200  84ms
2026/6/23   13:2:7s :: GETon /api/booking/6a3353210dc3ba292b82adf5   304  217ms
2026/6/23   13:3:26s :: GETon /api/booking/confirm-payment?data=eyJ0cmFuc2FjdGlvbl9jb2RlIjoiMDAwRllBTCIsInN0YXR1cyI6IkNPTVBMRVRFIiwidG90YWxfYW1vdW50IjoiMzAwLjAiLCJ0cmFuc2FjdGlvbl91dWlkIjoiNmEzMzUzMjEwZGMzYmEyOTJiODJhZGY1LTE3ODIxOTkwMjcyODUtbmJsMWh6ciIsInByb2R1Y3RfY29kZSI6IkVQQVlURVNUIiwic2lnbmVkX2ZpZWxkX25hbWVzIjoidHJhbnNhY3Rpb25fY29kZSxzdGF0dXMsdG90YWxfYW1vdW50LHRyYW5zYWN0aW9uX3V1aWQscHJvZHVjdF9jb2RlLHNpZ25lZF9maWVsZF9uYW1lcyIsInNpZ25hdHVyZSI6ImEvOUY0S1dYMTgyZW9sZWJRaEZtV2tSZ1Mvc0VYVTZzZUlia1Q4QW9EK0U9In0=   500  38ms
2026/6/23   13:3:28s :: GETon /.well-known/appspecific/com.chrome.devtools.json   404  2ms
2026/6/23   13:6:3s :: GETon /api/vehicle   304  32ms
2026/6/23   13:7:18s :: GETon /api/vehicle   304  20ms
2026/6/23   13:9:20s :: GETon /api/vehicle/69c5ed4b192665c2c1779cad   304  18ms
2026/6/23   13:11:10s :: GETon /api/vehicle   200  17ms
2026/6/23   13:11:20s :: GETon /api/vehicle/69c5ed4b192665c2c1779cad   200  21ms
2026/6/23   13:12:7s :: POSTon /api/auth/login   400  6ms
2026/6/23   13:13:23s :: POSTon /api/auth/login   400  14ms
2026/6/23   13:13:54s :: POSTon /api/auth/login   400  278ms
2026/6/23   13:14:3s :: POSTon /api/auth/login   201  310ms
2026/6/23   13:14:7s :: GETon /api/nagarikta/mystatus   304  23ms
2026/6/23   13:16:29s :: POSTon /api/uploads   200  3629ms
2026/6/23   13:16:33s :: POSTon /api/uploads   200  1316ms
2026/6/23   13:16:34s :: POSTon /api/nagarikta   201  105ms
2026/6/23   13:16:34s :: GETon /api/nagarikta/mystatus   304  18ms
2026/6/23   13:18:5s :: POSTon /api/uploads   200  3920ms
2026/6/23   13:18:9s :: POSTon /api/license   201  86ms
2026/6/23   13:18:30s :: POSTon /api/booking   201  138ms
2026/6/23   13:18:30s :: GETon /api/booking/6a3a36ca39ce39e0e4788f0b/get-payment-details   200  59ms
2026/6/23   13:18:30s :: GETon /api/booking/6a3a36ca39ce39e0e4788f0b   200  131ms
2026/6/23   13:19:46s :: GETon /api/booking/6a3a36ca39ce39e0e4788f0b/get-payment-details   200  41ms
2026/6/23   13:19:46s :: GETon /api/booking/6a3a36ca39ce39e0e4788f0b   304  64ms
2026/6/23   13:22:50s :: GETon /api/booking/6a3a36ca39ce39e0e4788f0b/get-payment-details   200  74ms
2026/6/23   13:22:50s :: GETon /api/booking/6a3a36ca39ce39e0e4788f0b   200  110ms
2026/6/23   13:24:40s :: GETon /api/booking/confirm-payment?data=eyJ0cmFuc2FjdGlvbl9jb2RlIjoiMDAwRllBWCIsInN0YXR1cyI6IkNPTVBMRVRFIiwidG90YWxfYW1vdW50IjoiMTUwLjAiLCJ0cmFuc2FjdGlvbl91dWlkIjoiNmEzYTM2Y2EzOWNlMzllMGU0Nzg4ZjBiLTE3ODIyMDAyNzA4NDktZnZlZ2t6dSIsInByb2R1Y3RfY29kZSI6IkVQQVlURVNUIiwic2lnbmVkX2ZpZWxkX25hbWVzIjoidHJhbnNhY3Rpb25fY29kZSxzdGF0dXMsdG90YWxfYW1vdW50LHRyYW5zYWN0aW9uX3V1aWQscHJvZHVjdF9jb2RlLHNpZ25lZF9maWVsZF9uYW1lcyIsInNpZ25hdHVyZSI6InZ1R3NQZHlpb1p2cjFJbHN4U3k5Tm04SGlwaTFTTURoZmFjU0pFWjRRams9In0=   302  50ms
2026/6/23   13:24:43s :: GETon /api/booking/6a3a36ca39ce39e0e4788f0b/get-payment-details   200  19ms
2026/6/23   13:24:43s :: GETon /api/booking/6a3a36ca39ce39e0e4788f0b   304  37ms
2026/6/23   18:23:42s :: GETon /api/booking/6a3a36ca39ce39e0e4788f0b/get-payment-details   200  1104ms
2026/6/23   18:23:42s :: GETon /api/booking/6a3a36ca39ce39e0e4788f0b   304  1486ms
2026/6/23   18:33:11s :: GETon /api/vehicle   304  89ms
2026/6/23   18:33:16s :: GETon /api/vehicle/69c5ed4b192665c2c1779cad   304  49ms
2026/6/23   18:33:36s :: GETon /api/nagarikta/mystatus   304  56ms
2026/6/23   18:34:26s :: POSTon /api/uploads   200  3756ms
2026/6/23   18:34:30s :: POSTon /api/uploads   200  1290ms
2026/6/23   18:34:31s :: POSTon /api/nagarikta   201  53ms
2026/6/23   18:34:31s :: GETon /api/nagarikta/mystatus   304  18ms
2026/6/23   18:35:41s :: POSTon /api/uploads   200  2953ms
2026/6/23   18:35:44s :: POSTon /api/license   201  60ms
2026/6/23   18:42:19s :: POSTon /api/booking   409  56ms
2026/6/23   18:42:28s :: POSTon /api/booking   409  41ms
2026/6/23   18:43:19s :: POSTon /api/booking   201  224ms
2026/6/23   18:43:19s :: GETon /api/booking/6a3a82eb485d34571fa4caa4/get-payment-details   200  59ms
2026/6/23   18:43:19s :: GETon /api/booking/6a3a82eb485d34571fa4caa4   200  92ms
2026/6/23   18:45:12s :: GETon /api/booking/confirm-payment?data=eyJ0cmFuc2FjdGlvbl9jb2RlIjoiMDAwRllGSSIsInN0YXR1cyI6IkNPTVBMRVRFIiwidG90YWxfYW1vdW50IjoiMTgwMC4wIiwidHJhbnNhY3Rpb25fdXVpZCI6IjZhM2E4MmViNDg1ZDM0NTcxZmE0Y2FhNC0xNzgyMjE5NDk5OTc1LWc2MzE0em4iLCJwcm9kdWN0X2NvZGUiOiJFUEFZVEVTVCIsInNpZ25lZF9maWVsZF9uYW1lcyI6InRyYW5zYWN0aW9uX2NvZGUsc3RhdHVzLHRvdGFsX2Ftb3VudCx0cmFuc2FjdGlvbl91dWlkLHByb2R1Y3RfY29kZSxzaWduZWRfZmllbGRfbmFtZXMiLCJzaWduYXR1cmUiOiJZb2FPTDZ4N2dSOUMvbHJvdzBKcGE1WGNVc3YrWUI3QnYyTkd1U2FKdlRRPSJ9   302  46ms
2026/6/23   18:45:14s :: GETon /api/booking/6a3a82eb485d34571fa4caa4/get-payment-details   200  25ms
2026/6/23   18:45:14s :: GETon /api/booking/6a3a82eb485d34571fa4caa4   200  39ms
2026/6/23   18:55:13s :: GETon /api/booking/6a3a82eb485d34571fa4caa4/get-payment-details   200  26ms
2026/6/23   18:55:13s :: GETon /api/booking/6a3a82eb485d34571fa4caa4   304  49ms
2026/6/23   19:8:30s :: GETon /api/vehicle   200  72ms
2026/6/23   19:9:41s :: GETon /api/vehicle   200  26ms
2026/6/23   19:16:2s :: POSTon /api/auth/logout   400  76ms
2026/6/23   19:17:15s :: POSTon /api/auth/register   404  293ms
2026/6/23   19:17:44s :: POSTon /api/auth/login   201  266ms
2026/6/23   19:17:44s :: GETon /api/vehicle   304  25ms
2026/6/23   19:17:50s :: GETon /api/vehicle/69cd3d3786e74125f33da519   200  68ms
2026/6/23   19:20:32s :: GETon /api/vehicle   200  31ms
2026/6/23   19:20:35s :: GETon /api/vehicle   304  21ms
2026/6/23   19:20:48s :: GETon /api/vehicle/69e71bd09b85cb04b20e1ffc   200  17ms
2026/6/23   19:21:20s :: GETon /api/nagarikta/mystatus   404  17ms
2026/6/23   19:21:57s :: POSTon /api/uploads   200  4328ms
2026/6/23   19:22:2s :: POSTon /api/uploads   200  1480ms
2026/6/23   19:22:3s :: POSTon /api/nagarikta   201  51ms
2026/6/23   19:22:3s :: GETon /api/nagarikta/mystatus   200  23ms
2026/6/23   19:23:5s :: POSTon /api/uploads   200  3494ms
2026/6/23   19:23:9s :: POSTon /api/license   201  49ms
2026/6/23   19:24:9s :: POSTon /api/booking   201  73ms
2026/6/23   19:24:10s :: GETon /api/booking/6a3a8c7d08261aafee7e0e0f/get-payment-details   200  17ms
2026/6/23   19:24:10s :: GETon /api/booking/6a3a8c7d08261aafee7e0e0f   200  31ms
2026/6/23   19:32:16s :: GETon /api/booking/6a3a8c7d08261aafee7e0e0f/get-payment-details   200  29ms
2026/6/23   19:32:16s :: GETon /api/booking/6a3a8c7d08261aafee7e0e0f   304  45ms
2026/6/23   19:45:43s :: GETon /api/booking/6a3a8c7d08261aafee7e0e0f/get-payment-details   200  69ms
2026/6/23   19:45:43s :: GETon /api/booking/6a3a8c7d08261aafee7e0e0f   304  137ms
2026/6/23   20:0:58s :: GETon /api/vehicle   304  24ms
2026/6/23   20:1:2s :: GETon /api/vehicle/69c5ed4b192665c2c1779cad   200  14ms
2026/6/23   20:3:25s :: POSTon /api/booking   201  137ms
2026/6/23   20:3:26s :: GETon /api/booking/6a3a95b244b7b2d611cc0b25/get-payment-details   200  48ms
2026/6/23   20:3:26s :: GETon /api/booking/6a3a95b244b7b2d611cc0b25   200  99ms
2026/6/23   22:49:28s :: GETon /api/booking/6a3a95b244b7b2d611cc0b25/get-payment-details   200  130ms
2026/6/23   22:49:28s :: GETon /api/booking/6a3a95b244b7b2d611cc0b25   304  344ms
2026/6/23   22:50:13s :: GETon /api/booking/6a3a95b244b7b2d611cc0b25/get-payment-details   200  44ms
2026/6/23   22:50:13s :: GETon /api/booking/6a3a95b244b7b2d611cc0b25   304  65ms
2026/6/23   22:55:17s :: GETon /api/booking/6a3a95b244b7b2d611cc0b25/get-payment-details   200  34ms
2026/6/23   22:55:17s :: GETon /api/booking/6a3a95b244b7b2d611cc0b25   304  69ms
2026/6/23   22:56:30s :: GETon /api/booking/confirm-payment?data=eyJ0cmFuc2FjdGlvbl9jb2RlIjoiMDAwRllHUyIsInN0YXR1cyI6IkNPTVBMRVRFIiwidG90YWxfYW1vdW50IjoiNDUwLjAiLCJ0cmFuc2FjdGlvbl91dWlkIjoiNmEzYTk1YjI0NGI3YjJkNjExY2MwYjI1LTE3ODIyMzQ2MTc3MTYtYXhseThtYiIsInByb2R1Y3RfY29kZSI6IkVQQVlURVNUIiwic2lnbmVkX2ZpZWxkX25hbWVzIjoidHJhbnNhY3Rpb25fY29kZSxzdGF0dXMsdG90YWxfYW1vdW50LHRyYW5zYWN0aW9uX3V1aWQscHJvZHVjdF9jb2RlLHNpZ25lZF9maWVsZF9uYW1lcyIsInNpZ25hdHVyZSI6IjErRHFCVFlweTV2TG5IRUJCdW03d1U1Qlp1K25ZdXlJTU1nSXE3bmxuVGM9In0=   302  112ms
2026/6/23   22:56:32s :: GETon /api/booking/6a3a95b244b7b2d611cc0b25/get-payment-details   200  20ms
2026/6/23   22:56:32s :: GETon /api/booking/6a3a95b244b7b2d611cc0b25   304  39ms
2026/6/23   23:10:46s :: GETon /api/vehicle   304  29ms
2026/6/23   23:12:11s :: GETon /api/vehicle/69e71b1f9b85cb04b20e1fe7   200  31ms
2026/6/23   23:32:48s :: GETon /api/booking/6a3a95b244b7b2d611cc0b25/get-payment-details   200  39ms
2026/6/23   23:32:48s :: GETon /api/booking/6a3a95b244b7b2d611cc0b25   304  76ms
2026/6/23   23:34:30s :: GETon /api/booking/6a3a95b244b7b2d611cc0b25/get-payment-details   200  28ms
2026/6/23   23:34:30s :: GETon /api/booking/6a3a95b244b7b2d611cc0b25   304  58ms
2026/6/23   23:35:53s :: GETon /api/booking/6a3a95b244b7b2d611cc0b25/get-payment-details   200  24ms
2026/6/23   23:35:53s :: GETon /api/booking/6a3a95b244b7b2d611cc0b25   304  124ms
2026/6/23   23:36:45s :: GETon /api/booking/6a3a95b244b7b2d611cc0b25   304  35ms
2026/6/23   23:36:45s :: GETon /api/booking/6a3a95b244b7b2d611cc0b25/get-payment-details   200  57ms
2026/6/23   23:50:31s :: GETon /api/booking/6a3a95b244b7b2d611cc0b25/get-payment-details   200  66ms
2026/6/23   23:50:31s :: GETon /api/booking/6a3a95b244b7b2d611cc0b25   304  137ms
2026/6/23   23:50:57s :: GETon /api/vehicle/69e71bd09b85cb04b20e1ffc   304  28ms
2026/6/23   23:51:27s :: POSTon /api/booking   201  126ms
2026/6/23   23:51:27s :: GETon /api/booking/6a3acb2319631254ec93f413/get-payment-details   200  69ms
2026/6/23   23:51:27s :: GETon /api/booking/6a3acb2319631254ec93f413   200  95ms
2026/6/23   23:52:40s :: GETon /api/booking/confirm-payment?data=eyJ0cmFuc2FjdGlvbl9jb2RlIjoiMDAwRllHWCIsInN0YXR1cyI6IkNPTVBMRVRFIiwidG90YWxfYW1vdW50IjoiNDUwMC4wIiwidHJhbnNhY3Rpb25fdXVpZCI6IjZhM2FjYjIzMTk2MzEyNTRlYzkzZjQxMy0xNzgyMjM3OTg3NjEyLXJidzVrcnoiLCJwcm9kdWN0X2NvZGUiOiJFUEFZVEVTVCIsInNpZ25lZF9maWVsZF9uYW1lcyI6InRyYW5zYWN0aW9uX2NvZGUsc3RhdHVzLHRvdGFsX2Ftb3VudCx0cmFuc2FjdGlvbl91dWlkLHByb2R1Y3RfY29kZSxzaWduZWRfZmllbGRfbmFtZXMiLCJzaWduYXR1cmUiOiJhMzlxcWcrSU9uSk9QSE9jYlBPOXVzNGF5WHhIQ29saW9VUVVRSG40K1Q0PSJ9   302  56ms
2026/6/23   23:52:41s :: GETon /api/booking/6a3acb2319631254ec93f413/get-payment-details   200  21ms
2026/6/23   23:52:41s :: GETon /api/booking/6a3acb2319631254ec93f413   200  33ms
2026/6/24   0:19:55s :: GETon /api/booking/6a3acb2319631254ec93f413/get-payment-details   200  61ms
2026/6/24   0:19:55s :: GETon /api/booking/6a3acb2319631254ec93f413   304  159ms
2026/6/24   0:30:22s :: GETon /api/booking/6a3acb2319631254ec93f413/get-payment-details   200  67ms
2026/6/24   0:30:22s :: GETon /api/booking/6a3acb2319631254ec93f413   304  113ms
2026/6/24   0:31:8s :: GETon /api/booking/6a3acb2319631254ec93f413/get-payment-details   200  26ms
2026/6/24   0:31:8s :: GETon /api/booking/6a3acb2319631254ec93f413   304  48ms
2026/6/24   6:28:12s :: GETon /api/booking/6a3acb2319631254ec93f413/get-payment-details   200  73ms
2026/6/24   6:28:12s :: GETon /api/booking/6a3acb2319631254ec93f413   304  214ms
2026/6/24   6:28:21s :: GETon /api/vehicle   304  95ms
2026/6/24   6:28:27s :: POSTon /api/auth/logout   200  37ms
2026/6/24   6:29:12s :: POSTon /api/auth/login   400  187ms
2026/6/24   6:29:28s :: POSTon /api/auth/login   400  232ms
2026/6/24   6:31:42s :: POSTon /api/auth/login   201  269ms
2026/6/24   6:31:42s :: GETon /api/vehicle   304  28ms
2026/6/24   6:31:53s :: GETon /api/nagarikta/mystatus   304  32ms
2026/6/24   6:32:3s :: GETon /api/vehicle   304  17ms
2026/6/24   6:41:3s :: GETon /api/booking/mybooking   200  39ms
2026/6/24   6:41:42s :: GETon /api/booking/mybooking   304  20ms
2026/6/24   6:49:35s :: GETon /api/booking/mybooking   304  23ms
2026/6/24   6:57:42s :: GETon /api/vehicle   304  133ms
2026/6/24   7:4:48s :: GETon /api/booking/mybooking   304  206ms
2026/6/24   11:44:23s :: GETon /api/booking/mybooking   304  158ms
2026/6/24   11:45:1s :: GETon /api/booking/6a3353210dc3ba292b82adf5   404  34ms
2026/6/24   11:45:2s :: GETon /api/booking/6a3353210dc3ba292b82adf5/get-payment-details   404  30ms
2026/6/24   11:45:19s :: GETon /api/booking/6a360b04300dd43e816ae027/get-payment-details   404  22ms
2026/6/24   11:45:19s :: GETon /api/booking/6a360b04300dd43e816ae027   404  23ms
2026/6/24   11:45:57s :: GETon /api/booking/6a3acb2319631254ec93f413/get-payment-details   200  28ms
2026/6/24   11:45:57s :: GETon /api/booking/6a3acb2319631254ec93f413   304  46ms
2026/6/24   12:11:13s :: GETon /api/booking/6a3acb2319631254ec93f413/get-payment-details   200  117ms
2026/6/24   12:11:13s :: GETon /api/booking/6a3acb2319631254ec93f413   304  181ms
2026/6/24   12:21:23s :: GETon /api/booking/6a360b04300dd43e816ae027   404  129ms
2026/6/24   12:21:23s :: GETon /api/booking/6a360b04300dd43e816ae027/get-payment-details   404  65ms
2026/6/24   12:24:46s :: GETon /api/vehicle/69e71bd09b85cb04b20e1ffc   304  47ms
2026/6/24   12:24:52s :: GETon /api/vehicle/69e790129b85cb04b20e201d   200  23ms
2026/6/24   12:26:43s :: POSTon /api/booking   201  84ms
2026/6/24   12:26:44s :: GETon /api/booking/6a3b7c272da74b7c81ba21f8/get-payment-details   200  30ms
2026/6/24   12:26:44s :: GETon /api/booking/6a3b7c272da74b7c81ba21f8   200  61ms
2026/6/24   12:32:45s :: GETon /api/vehicle   304  98ms
2026/6/24   12:32:48s :: GETon /api/vehicle/69e790129b85cb04b20e201d   304  63ms
2026/6/24   12:33:19s :: POSTon /api/booking   201  69ms
2026/6/24   12:33:19s :: GETon /api/booking/6a3b7db3618e2eeea37e30b4/get-payment-details   200  27ms
2026/6/24   12:33:19s :: GETon /api/booking/6a3b7db3618e2eeea37e30b4   200  46ms
2026/6/24   12:36:20s :: GETon /api/booking/6a3b7db3618e2eeea37e30b4/get-payment-details   200  62ms
2026/6/24   12:36:20s :: GETon /api/booking/6a3b7db3618e2eeea37e30b4   304  145ms
2026/6/24   12:36:30s :: GETon /api/vehicle   304  33ms
2026/6/24   12:36:35s :: GETon /api/vehicle/69e7901f9b85cb04b20e2022   200  41ms
2026/6/24   12:36:53s :: GETon /api/vehicle   304  51ms
2026/6/24   12:36:57s :: GETon /api/vehicle/69e7901f9b85cb04b20e2022   304  19ms
2026/6/24   12:37:32s :: POSTon /api/booking   201  127ms
2026/6/24   12:37:32s :: GETon /api/booking/6a3b7eb035bcb1d3b67c1850/get-payment-details   200  78ms
2026/6/24   12:37:32s :: GETon /api/booking/6a3b7eb035bcb1d3b67c1850   200  106ms
2026/6/24   12:48:43s :: GETon /api/booking   401  15ms
2026/6/24   12:49:1s :: POSTon /api/auth/login   400  32ms
2026/6/24   12:49:44s :: POSTon /api/auth/register   400  54ms
2026/6/24   12:49:55s :: POSTon /api/auth/login   400  276ms
2026/6/24   12:50:4s :: POSTon /api/auth/login   201  351ms
2026/6/24   12:50:20s :: GETon /api/booking   403  10ms
2026/6/24   12:50:40s :: GETon /api/vehicle/69c5ed4b192665c2c1779cad   200  34ms
2026/6/24   12:52:9s :: GETon /api/booking/6a3b7eb035bcb1d3b67c1850   200  47ms
2026/6/24   12:59:31s :: GETon /api/booking/6a3b7eb035bcb1d3b67c1850/get-payment-details   200  79ms
2026/6/24   12:59:31s :: GETon /api/booking/6a3b7eb035bcb1d3b67c1850   304  122ms
2026/6/24   17:54:53s :: GETon /api/vehicle   304  86ms
2026/6/24   17:55:3s :: GETon /api/booking/6a3353210dc3ba292b82adf5   404  51ms
2026/6/24   17:55:3s :: GETon /api/booking/6a3353210dc3ba292b82adf5/get-payment-details   404  39ms
2026/6/24   17:55:50s :: GETon /api/booking/6a3b7eb035bcb1d3b67c1850/get-payment-details   200  71ms
2026/6/24   17:55:50s :: GETon /api/booking/6a3b7eb035bcb1d3b67c1850   304  87ms
2026/6/24   18:16:5s :: GETon /api/booking/6a3b7eb035bcb1d3b67c1850/get-payment-details   200  36ms
2026/6/24   18:16:5s :: GETon /api/booking/6a3b7eb035bcb1d3b67c1850   304  65ms
2026/6/24   18:59:49s :: GETon /api/booking/confirm-payment?data=eyJ0cmFuc2FjdGlvbl9jb2RlIjoiMDAwRllSRSIsInN0YXR1cyI6IkNPTVBMRVRFIiwidG90YWxfYW1vdW50IjoiOTg0MC4wIiwidHJhbnNhY3Rpb25fdXVpZCI6IjZhM2I3ZWIwMzViY2IxZDNiNjdjMTg1MC0xNzgyMzA0MjY1MTU2LW11aTFxamIiLCJwcm9kdWN0X2NvZGUiOiJFUEFZVEVTVCIsInNpZ25lZF9maWVsZF9uYW1lcyI6InRyYW5zYWN0aW9uX2NvZGUsc3RhdHVzLHRvdGFsX2Ftb3VudCx0cmFuc2FjdGlvbl91dWlkLHByb2R1Y3RfY29kZSxzaWduZWRfZmllbGRfbmFtZXMiLCJzaWduYXR1cmUiOiJxNktCUHNkczJQWG5kSmx6VkE3RzUvNTZQOUdiSFlhaUgyRXZXQjhYYWFFPSJ9   302  132ms
2026/6/24   18:59:51s :: GETon /api/booking/6a3b7eb035bcb1d3b67c1850/get-payment-details   200  34ms
2026/6/24   18:59:51s :: GETon /api/booking/6a3b7eb035bcb1d3b67c1850   200  54ms
2026/6/24   19:4:37s :: GETon /api/booking/6a3b7db3618e2eeea37e30b4/get-payment-details   200  31ms
2026/6/24   19:4:37s :: GETon /api/booking/6a3b7db3618e2eeea37e30b4   304  58ms
2026/6/24   19:5:46s :: GETon /api/booking/confirm-payment?data=eyJ0cmFuc2FjdGlvbl9jb2RlIjoiMDAwRllSSiIsInN0YXR1cyI6IkNPTVBMRVRFIiwidG90YWxfYW1vdW50IjoiMTIzMC4wIiwidHJhbnNhY3Rpb25fdXVpZCI6IjZhM2I3ZGIzNjE4ZTJlZWVhMzdlMzBiNC0xNzgyMzA3MTc3MTk3LWNxMWJsYWIiLCJwcm9kdWN0X2NvZGUiOiJFUEFZVEVTVCIsInNpZ25lZF9maWVsZF9uYW1lcyI6InRyYW5zYWN0aW9uX2NvZGUsc3RhdHVzLHRvdGFsX2Ftb3VudCx0cmFuc2FjdGlvbl91dWlkLHByb2R1Y3RfY29kZSxzaWduZWRfZmllbGRfbmFtZXMiLCJzaWduYXR1cmUiOiJwYUdjUGdiRmlVa2hLZW5Sa3l5SlZzUXJ0eVRESFN6ckYwYlZRUXlDK2I4PSJ9   302  20ms
2026/6/24   19:5:48s :: GETon /api/booking/6a3b7db3618e2eeea37e30b4/get-payment-details   200  21ms
2026/6/24   19:5:48s :: GETon /api/booking/6a3b7db3618e2eeea37e30b4   200  37ms
2026/6/24   19:9:58s :: GETon /api/booking/6a3b7c272da74b7c81ba21f8/get-payment-details   200  36ms
2026/6/24   19:9:58s :: GETon /api/booking/6a3b7c272da74b7c81ba21f8   200  59ms
2026/6/24   19:20:10s :: GETon /api/booking/6a3b7c272da74b7c81ba21f8/get-payment-details   200  28ms
2026/6/24   19:20:10s :: GETon /api/booking/6a3b7c272da74b7c81ba21f8   304  51ms
2026/6/24   19:26:36s :: GETon /api/booking/6a3b7c272da74b7c81ba21f8   304  61ms
2026/6/24   19:26:36s :: GETon /api/booking/6a3b7c272da74b7c81ba21f8/get-payment-details   200  71ms
2026/6/24   19:26:49s :: GETon /api/booking/6a3b7db3618e2eeea37e30b4/get-payment-details   200  28ms
2026/6/24   19:26:49s :: GETon /api/booking/6a3b7db3618e2eeea37e30b4   304  47ms
2026/6/24   19:26:58s :: GETon /api/booking/6a3b7db3618e2eeea37e30b4/get-payment-details   200  53ms
2026/6/24   19:26:58s :: GETon /api/booking/6a3b7db3618e2eeea37e30b4   304  86ms
2026/6/24   19:42:35s :: GETon /api/booking/6a3b7db3618e2eeea37e30b4/get-payment-details   200  63ms
2026/6/24   19:42:35s :: GETon /api/booking/6a3b7db3618e2eeea37e30b4   304  154ms
2026/6/24   19:43:56s :: GETon /api/booking/6a3b7db3618e2eeea37e30b4/get-payment-details   200  28ms
2026/6/24   19:43:56s :: GETon /api/booking/6a3b7db3618e2eeea37e30b4   304  51ms
2026/6/24   19:44:15s :: GETon /api/booking/6a3b7db3618e2eeea37e30b4/get-payment-details   200  52ms
2026/6/24   19:44:15s :: GETon /api/booking/6a3b7db3618e2eeea37e30b4   304  67ms
2026/6/24   19:44:55s :: GETon /api/booking/6a3b7db3618e2eeea37e30b4/get-payment-details   200  44ms
2026/6/24   19:44:55s :: GETon /api/booking/6a3b7db3618e2eeea37e30b4   304  61ms
2026/6/24   19:45:23s :: GETon /api/booking/6a3a95b244b7b2d611cc0b25/get-payment-details   200  22ms
2026/6/24   19:45:23s :: GETon /api/booking/6a3a95b244b7b2d611cc0b25   200  44ms
2026/6/24   19:46:0s :: GETon /api/booking/6a3acb2319631254ec93f413/get-payment-details   200  51ms
2026/6/24   19:46:0s :: GETon /api/booking/6a3acb2319631254ec93f413   200  83ms
2026/6/24   19:46:56s :: GETon /api/booking/6a3acb2319631254ec93f413/get-payment-details   200  22ms
2026/6/24   19:46:56s :: GETon /api/booking/6a3acb2319631254ec93f413   304  37ms
2026/6/24   19:50:25s :: GETon /api/booking/6a3acb2319631254ec93f413/get-payment-details   200  18ms
2026/6/24   19:50:25s :: GETon /api/booking/6a3acb2319631254ec93f413   304  32ms
2026/6/24   19:51:29s :: GETon /api/booking/6a3acb2319631254ec93f413/get-payment-details   200  26ms
2026/6/24   19:51:29s :: GETon /api/booking/6a3acb2319631254ec93f413   304  47ms
2026/6/24   19:52:7s :: GETon /api/booking/6a3acb2319631254ec93f413/get-payment-details   200  25ms
2026/6/24   19:52:7s :: GETon /api/booking/6a3acb2319631254ec93f413   304  46ms
2026/6/24   20:3:0s :: GETon /api/booking/6a3acb2319631254ec93f413/get-payment-details   200  45ms
2026/6/24   20:3:0s :: GETon /api/booking/6a3acb2319631254ec93f413   304  77ms
2026/6/24   20:12:51s :: GETon /api/booking/6a3acb2319631254ec93f413/get-payment-details   200  13ms
2026/6/24   20:12:51s :: GETon /api/booking/6a3acb2319631254ec93f413   304  28ms
2026/6/24   20:19:40s :: GETon /api/booking/6a3acb2319631254ec93f413/get-payment-details   200  24ms
2026/6/24   20:19:40s :: GETon /api/booking/6a3acb2319631254ec93f413   304  46ms
2026/6/24   20:21:29s :: GETon /api/booking/6a3acb2319631254ec93f413/get-payment-details   200  22ms
2026/6/24   20:21:29s :: GETon /api/booking/6a3acb2319631254ec93f413   304  38ms
2026/6/24   21:58:50s :: GETon /api/booking/6a3acb2319631254ec93f413/get-payment-details   200  47ms
2026/6/24   21:58:50s :: GETon /api/booking/6a3acb2319631254ec93f413   304  109ms
2026/6/24   21:58:55s :: GETon /api/booking/6a3acb2319631254ec93f413/get-payment-details   200  27ms
2026/6/24   21:58:55s :: GETon /api/booking/6a3acb2319631254ec93f413   304  41ms
2026/6/24   22:0:27s :: GETon /api/booking/6a3acb2319631254ec93f413/get-payment-details   200  16ms
2026/6/24   22:0:27s :: GETon /api/booking/6a3acb2319631254ec93f413   304  26ms
2026/6/24   22:4:38s :: GETon /api/booking/6a3acb2319631254ec93f413/get-payment-details   200  26ms
2026/6/24   22:4:38s :: GETon /api/booking/6a3acb2319631254ec93f413   304  44ms
2026/6/24   22:14:24s :: GETon /api/booking/6a3acb2319631254ec93f413/get-payment-details   200  57ms
2026/6/24   22:14:24s :: GETon /api/booking/6a3acb2319631254ec93f413   304  139ms
2026/6/24   23:50:20s :: GETon /api/booking/mybooking   200  179ms
2026/6/24   23:52:1s :: GETon /api/booking/mybooking   304  22ms
2026/6/24   23:53:12s :: GETon /api/booking/mybooking   304  83ms
2026/6/24   23:56:19s :: GETon /api/booking/mybooking   304  51ms
2026/6/24   23:58:17s :: GETon /api/booking/mybooking   304  19ms
2026/6/24   23:59:38s :: GETon /api/booking/mybooking   304  30ms
2026/6/25   0:1:10s :: GETon /api/booking/mybooking   304  16ms
2026/6/25   0:1:21s :: GETon /api/booking/mybooking   304  37ms
2026/6/25   0:2:24s :: GETon /api/booking/mybooking   304  28ms
2026/6/25   0:3:26s :: GETon /api/booking/mybooking   304  28ms
2026/6/25   8:13:21s :: GETon /api/booking/mybooking   304  113ms
2026/6/25   8:16:2s :: GETon /api/booking/mybooking   304  45ms
2026/6/25   8:18:26s :: GETon /api/booking/mybooking   304  36ms
2026/6/25   8:22:55s :: GETon /api/booking/mybooking   304  45ms
2026/6/25   8:23:54s :: GETon /api/booking/mybooking   304  27ms
2026/6/25   20:33:47s :: GETon /api/booking/6a3353210dc3ba292b82adf5   404  123ms
2026/6/25   20:33:47s :: GETon /api/booking/6a3353210dc3ba292b82adf5/get-payment-details   404  89ms
2026/6/25   20:34:14s :: GETon /api/booking/6a3353210dc3ba292b82adf5   404  27ms
2026/6/25   20:34:14s :: GETon /api/booking/6a3353210dc3ba292b82adf5/get-payment-details   404  23ms
2026/6/25   20:34:22s :: GETon /api/vehicle   304  47ms
2026/6/25   20:36:41s :: GETon /api/booking/mybooking   304  119ms
2026/6/25   20:46:21s :: GETon /api/booking/mybooking   304  36ms
2026/6/25   20:48:36s :: GETon /api/booking/mybooking   304  62ms
2026/6/25   20:50:46s :: GETon /api/booking/mybooking   304  64ms
2026/6/25   20:51:49s :: GETon /api/booking/mybooking   304  34ms
2026/6/25   20:54:47s :: GETon /api/booking/mybooking   304  26ms
2026/6/25   21:27:31s :: GETon /api/vehicle   200  51ms
2026/6/25   21:32:59s :: GETon /api/booking/mybooking   304  60ms
2026/6/25   21:48:46s :: GETon /api/vehicle   304  33ms
2026/6/25   23:43:47s :: GETon /api/booking/mybooking   304  144ms
2026/6/25   23:57:25s :: GETon /api/booking/mybooking   304  48ms
2026/6/25   23:58:56s :: GETon /api/booking/mybooking   304  55ms
2026/6/26   0:8:18s :: POSTon /api/auth/register   400  28ms
2026/6/26   0:8:26s :: POSTon /api/auth/register   400  13ms
2026/6/26   0:8:37s :: POSTon /api/auth/register   400  2ms
2026/6/26   0:8:49s :: POSTon /api/auth/register   404  345ms
2026/6/26   0:9:6s :: GETon /api/booking/6a3353210dc3ba292b82adf5   404  28ms
2026/6/26   0:9:6s :: GETon /api/booking/6a3353210dc3ba292b82adf5/get-payment-details   404  33ms
2026/6/26   0:9:10s :: GETon /api/vehicle   304  48ms
2026/6/26   0:9:15s :: POSTon /api/auth/logout   200  16ms
2026/6/26   0:9:42s :: POSTon /api/auth/login   201  195ms
2026/6/26   0:9:42s :: GETon /api/vehicle   304  22ms
2026/6/26   0:9:48s :: GETon /api/booking/mybooking   404  17ms
2026/6/26   0:10:5s :: GETon /api/booking/mybooking   404  13ms
2026/6/26   0:10:30s :: GETon /api/booking/mybooking   404  11ms
2026/6/26   0:10:38s :: GETon /api/booking/mybooking   404  8ms
2026/6/26   0:10:55s :: GETon /api/booking/mybooking   404  8ms
2026/6/26   0:10:57s :: GETon /api/booking/mybooking   404  12ms
2026/6/26   0:11:0s :: GETon /api/booking/mybooking   404  66ms
2026/6/26   0:11:6s :: GETon /api/booking/mybooking   404  19ms
2026/6/26   7:55:29s :: GETon /api/vehicle   200  56ms
2026/6/26   7:55:34s :: GETon /api/booking/mybooking   404  41ms
2026/6/26   7:57:18s :: GETon /api/booking/mybooking   404  20ms
2026/6/26   7:57:21s :: GETon /api/booking/mybooking   404  9ms
2026/6/26   7:57:23s :: GETon /api/booking/mybooking   404  26ms
2026/6/26   7:57:39s :: GETon /api/booking/mybooking   404  23ms
2026/6/26   7:57:53s :: GETon /api/booking/mybooking   404  29ms
2026/6/26   7:58:7s :: GETon /api/booking/mybooking   404  18ms
2026/6/26   7:58:9s :: GETon /api/booking/mybooking   404  10ms
2026/6/26   7:58:10s :: GETon /api/booking/mybooking   404  30ms
2026/6/26   7:58:12s :: GETon /api/booking/mybooking   404  7ms
2026/6/26   7:58:14s :: GETon /api/booking/mybooking   404  12ms
2026/6/26   7:58:18s :: GETon /api/booking/mybooking   404  10ms
2026/6/26   7:58:26s :: GETon /api/booking/mybooking   404  19ms
2026/6/26   7:58:30s :: GETon /api/booking/mybooking   404  18ms
2026/6/26   7:58:33s :: GETon /api/booking/mybooking   404  15ms
2026/6/26   7:58:36s :: GETon /api/booking/mybooking   404  15ms
2026/6/26   7:58:39s :: GETon /api/booking/mybooking   404  20ms
2026/6/26   7:58:41s :: GETon /api/booking/mybooking   404  10ms
2026/6/26   7:58:42s :: GETon /api/booking/mybooking   404  15ms
2026/6/26   7:58:45s :: GETon /api/booking/mybooking   404  11ms
2026/6/26   7:58:47s :: GETon /api/booking/mybooking   404  15ms
2026/6/26   7:58:51s :: GETon /api/booking/mybooking   404  12ms
2026/6/26   7:59:12s :: GETon /api/booking/mybooking   404  10ms
2026/6/26   7:59:19s :: GETon /api/booking/mybooking   404  18ms
2026/6/26   8:0:52s :: GETon /api/booking/mybooking   404  8ms
2026/6/26   8:1:2s :: GETon /api/booking/mybooking   404  14ms
2026/6/26   8:1:22s :: GETon /api/booking/mybooking   404  26ms
2026/6/26   8:1:28s :: GETon /api/booking/mybooking   404  23ms
2026/6/26   8:1:31s :: GETon /api/booking/mybooking   404  30ms
2026/6/26   8:1:33s :: GETon /api/booking/mybooking   404  18ms
2026/6/26   8:1:38s :: GETon /api/booking/mybooking   404  21ms
2026/6/26   8:1:41s :: GETon /api/booking/mybooking   404  8ms
2026/6/26   8:1:45s :: GETon /api/booking/mybooking   404  26ms
2026/6/26   8:1:47s :: GETon /api/booking/mybooking   404  6ms
2026/6/26   8:1:50s :: GETon /api/booking/mybooking   404  9ms
2026/6/26   8:1:52s :: GETon /api/booking/mybooking   404  14ms
2026/6/26   8:1:55s :: GETon /api/booking/mybooking   404  16ms
2026/6/26   8:1:59s :: GETon /api/booking/mybooking   404  16ms
2026/6/26   8:2:1s :: GETon /api/booking/mybooking   404  17ms
2026/6/26   8:2:10s :: GETon /api/booking/mybooking   404  12ms
2026/6/26   8:4:2s :: GETon /api/booking/mybooking   404  20ms
2026/6/26   8:4:13s :: GETon /api/booking/mybooking   404  92ms
2026/6/26   8:4:18s :: GETon /api/booking/mybooking   404  17ms
2026/6/26   8:8:30s :: GETon /api/booking/mybooking   404  13ms
2026/6/26   8:9:5s :: GETon /api/booking/mybooking   404  13ms
2026/6/26   8:13:43s :: GETon /api/booking/mybooking   404  8ms
2026/6/26   8:13:50s :: GETon /api/booking/mybooking   404  16ms
2026/6/26   8:14:4s :: GETon /api/booking/mybooking   404  16ms
2026/6/26   8:14:16s :: GETon /api/booking/mybooking   404  6ms
2026/6/26   8:14:19s :: GETon /api/booking/mybooking   404  18ms
2026/6/26   8:34:54s :: GETon /api/booking/mybooking   404  158ms
2026/6/26   8:38:16s :: GETon /api/booking/mybooking   404  24ms
2026/6/26   8:38:37s :: GETon /api/booking/mybooking   404  25ms
2026/6/26   8:38:43s :: GETon /api/booking/mybooking   404  13ms
2026/6/26   8:39:18s :: GETon /api/booking/mybooking   404  11ms
2026/6/26   8:39:19s :: GETon /api/booking/mybooking   404  21ms
2026/6/26   8:39:21s :: GETon /api/booking/mybooking   404  14ms
2026/6/26   8:57:48s :: GETon /api/booking/mybooking   404  103ms
2026/6/26   8:57:53s :: GETon /api/booking/mybooking   404  10ms
2026/6/26   8:58:22s :: GETon /api/booking/mybooking   404  24ms
2026/6/26   8:58:25s :: GETon /api/booking/mybooking   404  23ms
2026/6/26   8:58:30s :: GETon /api/booking/mybooking   404  34ms
2026/6/26   8:59:52s :: GETon /api/booking/mybooking   404  13ms
2026/6/26   8:59:55s :: GETon /api/booking/mybooking   404  9ms
2026/6/26   8:59:59s :: GETon /api/booking/mybooking   404  11ms
2026/6/26   9:0:1s :: GETon /api/booking/mybooking   404  12ms
2026/6/26   9:0:8s :: GETon /api/booking/mybooking   404  15ms
2026/6/26   9:0:16s :: GETon /api/booking/mybooking   404  9ms
2026/6/26   9:0:19s :: GETon /api/booking/mybooking   404  8ms
2026/6/26   9:0:22s :: GETon /api/booking/mybooking   404  19ms
2026/6/26   9:1:25s :: GETon /api/booking/mybooking   404  93ms
2026/6/26   9:1:54s :: GETon /api/booking/mybooking   404  43ms
2026/6/26   9:2:6s :: GETon /api/booking/mybooking   404  15ms
2026/6/26   9:3:42s :: GETon /api/booking/mybooking   404  139ms
2026/6/26   9:6:8s :: GETon /api/booking/mybooking   404  61ms
2026/6/26   9:9:7s :: GETon /api/booking/mybooking   404  78ms
2026/6/26   9:14:59s :: GETon /api/booking/mybooking   404  73ms
2026/6/26   9:17:55s :: GETon /api/booking/mybooking   404  80ms
2026/6/26   9:22:43s :: GETon /api/booking/mybooking   404  63ms
2026/6/27   19:59:47s :: GETon /api/vehicle   304  396ms
2026/6/27   19:59:54s :: POSTon /api/auth/logout   200  77ms
2026/6/27   20:0:21s :: POSTon /api/auth/login   400  22ms
2026/6/27   20:0:30s :: POSTon /api/auth/login   400  7ms
2026/6/27   20:3:20s :: POSTon /api/auth/login   400  10ms
2026/6/27   20:3:31s :: POSTon /api/auth/login   400  12ms
2026/6/27   20:3:53s :: GETon /api/vehicle   304  57ms
2026/6/27   20:4:44s :: POSTon /api/auth/login   200  489ms
2026/6/27   20:4:44s :: GETon /api/vehicle   304  24ms
2026/6/27   20:5:7s :: GETon /api/booking/6a3353210dc3ba292b82adf5   404  35ms
2026/6/27   20:5:7s :: GETon /api/booking/6a3353210dc3ba292b82adf5/get-payment-details   404  28ms
2026/6/27   20:6:10s :: GETon /api/booking/6a3acb2319631254ec93f413/get-payment-details   200  59ms
2026/6/27   20:6:10s :: GETon /api/booking/6a3acb2319631254ec93f413   304  83ms
2026/6/27   20:7:29s :: GETon /api/booking/mybooking   200  75ms
2026/6/27   20:9:31s :: GETon /api/booking/mybooking   304  38ms
2026/6/27   20:13:1s :: GETon /api/booking/mybooking   304  36ms
2026/6/27   20:13:9s :: GETon /api/booking/mybooking   304  26ms
2026/6/27   20:15:29s :: GETon /api/booking/mybooking   304  21ms
2026/6/27   20:20:47s :: GETon /api/booking/mybooking   304  26ms
2026/6/27   20:22:54s :: GETon /api/vehicle   304  28ms
2026/6/27   20:23:0s :: GETon /api/booking/mybooking   304  28ms
2026/6/27   20:31:15s :: GETon /api/booking/mybooking   304  57ms
2026/6/27   20:32:34s :: GETon /api/vehicle   304  34ms
2026/6/27   20:32:47s :: GETon /api/vehicle/69cd3d3786e74125f33da519   200  18ms
2026/6/27   20:32:58s :: GETon /api/vehicle/69c5ed7b192665c2c1779cb7   200  13ms
2026/6/27   20:33:1s :: GETon /api/vehicle/69c5ed4b192665c2c1779cad   200  9ms
2026/6/27   20:33:29s :: GETon /api/nagarikta/mystatus   304  23ms
2026/6/27   20:33:57s :: POSTon /api/uploads   200  5956ms
2026/6/27   20:34:3s :: POSTon /api/uploads   200  2866ms
2026/6/27   20:34:6s :: POSTon /api/nagarikta   409  15ms
2026/6/27   20:34:6s :: GETon /api/nagarikta/mystatus   304  13ms
2026/6/27   20:34:16s :: POSTon /api/uploads   200  5653ms
2026/6/27   20:34:21s :: POSTon /api/uploads   200  2865ms
2026/6/27   20:34:24s :: POSTon /api/nagarikta   201  134ms
2026/6/27   20:34:24s :: GETon /api/nagarikta/mystatus   304  12ms
2026/6/27   20:37:12s :: POSTon /api/uploads   200  4058ms
2026/6/27   20:37:16s :: POSTon /api/license   201  61ms
2026/6/27   20:37:33s :: POSTon /api/booking   201  125ms
2026/6/27   20:37:34s :: GETon /api/booking/6a3fe3b2bb9b553fbff1ab27   200  32ms
2026/6/27   20:37:34s :: GETon /api/booking/6a3fe3b2bb9b553fbff1ab27/get-payment-details   200  23ms
2026/6/27   20:38:59s :: GETon /api/booking/confirm-payment?data=eyJ0cmFuc2FjdGlvbl9jb2RlIjoiMDAwRlpGWCIsInN0YXR1cyI6IkNPTVBMRVRFIiwidG90YWxfYW1vdW50IjoiMzAwLjAiLCJ0cmFuc2FjdGlvbl91dWlkIjoiNmEzZmUzYjJiYjliNTUzZmJmZjFhYjI3LTE3ODI1NzE5NTQyOTUta2FpM2l5cCIsInByb2R1Y3RfY29kZSI6IkVQQVlURVNUIiwic2lnbmVkX2ZpZWxkX25hbWVzIjoidHJhbnNhY3Rpb25fY29kZSxzdGF0dXMsdG90YWxfYW1vdW50LHRyYW5zYWN0aW9uX3V1aWQscHJvZHVjdF9jb2RlLHNpZ25lZF9maWVsZF9uYW1lcyIsInNpZ25hdHVyZSI6IjhpVitBczlRWDh0VDY5NG9oQnM5eVN1b0tCS2RJRFMvbFYwOHNvUXhVRVU9In0=   302  59ms
2026/6/27   20:39:1s :: GETon /api/booking/6a3fe3b2bb9b553fbff1ab27/get-payment-details   200  21ms
2026/6/27   20:39:1s :: GETon /api/booking/6a3fe3b2bb9b553fbff1ab27   200  36ms
2026/6/27   20:42:3s :: GETon /api/booking/6a3fe3b2bb9b553fbff1ab27/get-payment-details   200  42ms
2026/6/27   20:42:2s :: GETon /api/booking/6a3fe3b2bb9b553fbff1ab27   304  65ms
2026/6/27   20:48:34s :: GETon /api/booking/6a3fe3b2bb9b553fbff1ab27/get-payment-details   200  80ms
2026/6/27   20:48:34s :: GETon /api/booking/6a3fe3b2bb9b553fbff1ab27   304  205ms
2026/6/27   20:51:48s :: GETon /api/vehicle   304  67ms
2026/6/27   20:51:58s :: GETon /api/booking/mybooking   200  42ms
2026/6/27   20:57:39s :: GETon /api/booking/mybooking   304  32ms
2026/6/30   21:39:44s :: GETon /api/booking/mybooking   304  422ms
2026/6/30   21:58:55s :: GETon /api/vehicle   304  98ms
2026/6/30   21:59:48s :: GETon /api/vehicle   304  73ms
2026/6/30   22:0:0s :: GETon /api/booking/mybooking   304  140ms
2026/7/1   9:18:32s :: GETon /api/booking/mybooking   304  1942ms
2026/7/6   19:10:51s :: GETon /api/vehicle   304  71ms
2026/7/6   19:11:11s :: GETon /api/booking/mybooking   401  5ms
2026/7/6   19:11:21s :: GETon /api/booking/6a3fe3b2bb9b553fbff1ab27   401  3ms
2026/7/6   19:11:21s :: GETon /api/booking/6a3fe3b2bb9b553fbff1ab27/get-payment-details   401  3ms
2026/7/6   21:0:17s :: GETon /api/booking/mybooking   401  90ms
2026/7/6   21:1:4s :: GETon /api/vehicle   304  49ms
2026/7/6   21:2:44s :: GETon /api/booking/6a3fe3b2bb9b553fbff1ab27   401  4ms
2026/7/6   21:2:44s :: GETon /api/booking/6a3fe3b2bb9b553fbff1ab27/get-payment-details   401  2ms
2026/7/6   21:3:7s :: GETon /api/booking/mybooking   401  3ms
2026/7/6   21:3:18s :: POSTon /api/auth/logout   401  4ms
2026/7/6   21:7:11s :: POSTon /api/auth/login   400  15ms
2026/7/6   21:7:19s :: POSTon /api/auth/login   400  5ms
2026/7/6   21:7:27s :: POSTon /api/auth/login   400  6ms
2026/7/6   21:7:31s :: POSTon /api/auth/login   400  6ms
2026/7/6   21:7:45s :: POSTon /api/auth/login   400  5ms
2026/7/6   21:7:50s :: POSTon /api/auth/login   400  5ms
2026/7/6   21:7:56s :: POSTon /api/auth/login   400  5ms
2026/7/6   21:7:59s :: POSTon /api/auth/login   400  16ms
2026/7/6   21:8:3s :: POSTon /api/auth/login   400  9ms
2026/7/6   21:8:11s :: POSTon /api/auth/login   400  4ms
2026/7/6   21:8:32s :: GETon /api/vehicle   304  23ms
2026/7/8   11:8:10s :: GETon /api/vehicle   304  119ms
2026/7/8   14:10:27s :: GETon /api/vehicle   304  150ms
2026/7/8   14:15:31s :: POSTon /api/auth/register   400  51ms
2026/7/8   14:16:8s :: POSTon /api/auth/login   400  290ms
2026/7/8   14:16:17s :: POSTon /api/auth/login   200  334ms
2026/7/8   14:16:17s :: GETon /api/vehicle   304  33ms
2026/7/8   14:18:36s :: GETon /api/vehicle   304  48ms
2026/7/8   14:20:17s :: GETon /api/booking/6a3353210dc3ba292b82adf5   404  48ms
2026/7/8   14:20:17s :: GETon /api/booking/6a3353210dc3ba292b82adf5/get-payment-details   404  38ms
2026/7/8   14:21:34s :: GETon /api/booking/6a3fe3b2bb9b553fbff1ab27/get-payment-details   200  54ms
2026/7/8   14:21:34s :: GETon /api/booking/6a3fe3b2bb9b553fbff1ab27   304  92ms
2026/7/8   14:26:49s :: GETon /api/vehicle   304  17ms
2026/7/8   19:18:15s :: GETon /api/booking/6a3fe3b2bb9b553fbff1ab27/get-payment-details   200  321ms
2026/7/8   19:18:15s :: GETon /api/booking/6a3fe3b2bb9b553fbff1ab27   304  654ms
2026/7/8   19:26:22s :: GETon /api/booking/6a3fe3b2bb9b553fbff1ab27   304  25ms
2026/7/8   19:27:18s :: GETon /api/booking/6a3fe3b2bb9b553fbff1ab27   304  82ms
2026/7/8   19:27:41s :: GETon /api/booking/6a3fe3b2bb9b553fbff1ab27/get-payment-details   200  13ms
2026/7/8   19:27:42s :: GETon /api/booking/6a3fe3b2bb9b553fbff1ab27/get-payment-details   200  16ms
2026/7/8   19:28:2s :: GETon /api/booking/6a3fe3b2bb9b553fbff1ab27/get-payment-details   200  26ms
2026/7/8   19:28:2s :: GETon /api/booking/6a3fe3b2bb9b553fbff1ab27   304  48ms
2026/7/8   19:38:25s :: GETon /api/booking/6a3fe3b2bb9b553fbff1ab27/get-payment-details   200  82ms
2026/7/8   19:38:25s :: GETon /api/booking/6a3fe3b2bb9b553fbff1ab27   304  176ms
2026/7/8   19:38:49s :: GETon /api/vehicle   304  36ms
2026/7/8   19:40:41s :: POSTon /api/uploads   500  489ms
2026/7/8   19:41:54s :: GETon /api/nagarikta/mystatus   304  31ms
2026/7/8   19:42:1s :: GETon /api/nagarikta/mystatus   304  21ms
2026/7/8   19:42:41s :: POSTon /api/uploads   500  167ms
2026/7/9   16:58:16s :: GETon /api/vehicle   304  102ms
2026/7/9   17:3:59s :: GETon /api/vehicle   304  18ms
2026/7/9   17:4:3s :: GETon /api/booking/mybooking   304  156ms
2026/7/9   17:4:10s :: GETon /api/vehicle   304  34ms
2026/7/9   17:4:18s :: GETon /api/vehicle/69e71bd09b85cb04b20e1ffc   304  25ms
2026/7/9   17:5:11s :: GETon /api/nagarikta/mystatus   304  30ms
2026/7/9   17:5:46s :: POSTon /api/uploads   200  4305ms
2026/7/9   17:5:51s :: POSTon /api/uploads   200  1469ms
2026/7/9   17:5:52s :: POSTon /api/nagarikta   201  56ms
2026/7/9   17:5:52s :: GETon /api/nagarikta/mystatus   304  15ms
2026/7/9   17:46:46s :: POSTon /api/uploads   200  6983ms
2026/7/9   17:46:53s :: POSTon /api/license   500  111ms
2026/7/9   17:47:40s :: POSTon /api/uploads   200  5199ms
2026/7/9   17:47:45s :: POSTon /api/license   201  180ms
2026/7/9   17:48:27s :: POSTon /api/booking   201  126ms
2026/7/9   17:48:27s :: GETon /api/booking/6a4f8e0fcb7b366edeaa69ed/get-payment-details   200  58ms
2026/7/9   17:48:27s :: GETon /api/booking/6a4f8e0fcb7b366edeaa69ed   200  101ms
2026/7/9   17:50:20s :: GETon /api/vehicle   304  61ms
2026/7/9   17:50:39s :: GETon /api/nagarikta/mystatus   304  13ms
2026/7/9   18:2:21s :: GETon /api/booking/mybooking   200  38ms
2026/7/9   18:2:47s :: GETon /api/vehicle   304  25ms
2026/7/9   18:32:11s :: GETon /api/booking/mybooking   304  83ms
2026/7/9   18:32:14s :: GETon /api/vehicle   304  16ms
2026/7/9   18:32:26s :: GETon /api/nagarikta/mystatus   304  14ms
2026/7/9   18:36:44s :: GETon /api/nagarikta/mystatus   304  12ms
2026/7/9   18:40:3s :: GETon /api/booking/mybooking   304  172ms
2026/7/9   18:51:45s :: POSTon /api/auth/logout   200  60ms
2026/7/9   18:52:9s :: POSTon /api/auth/login   200  302ms
2026/7/9   18:52:9s :: GETon /api/vehicle   304  30ms
2026/7/9   18:52:19s :: GETon /api/booking/mybooking   404  25ms
2026/7/9   18:53:52s :: GETon /api/booking/mybooking   404  33ms
2026/7/9   18:54:6s :: GETon /api/booking/mybooking   404  37ms
2026/7/9   18:54:23s :: GETon /api/booking/mybooking   404  28ms
2026/7/9   18:54:33s :: POSTon /api/auth/logout   200  19ms
2026/7/9   18:54:56s :: POSTon /api/auth/login   400  5ms
2026/7/9   18:54:58s :: POSTon /api/auth/login   400  4ms
2026/7/9   18:55:4s :: POSTon /api/auth/login   400  3ms
2026/7/9   18:55:6s :: POSTon /api/auth/login   400  4ms
2026/7/9   18:55:10s :: POSTon /api/auth/login   400  4ms
2026/7/9   18:55:15s :: POSTon /api/auth/login   400  2ms
2026/7/9   18:55:23s :: POSTon /api/auth/login   400  3ms
2026/7/9   18:55:31s :: POSTon /api/auth/login   400  11ms
2026/7/9   18:55:34s :: POSTon /api/auth/login   400  4ms
2026/7/9   18:55:35s :: POSTon /api/auth/login   400  2ms
2026/7/9   18:55:38s :: POSTon /api/auth/login   400  3ms
2026/7/9   18:55:47s :: POSTon /api/auth/login   400  3ms
2026/7/9   18:55:53s :: POSTon /api/auth/login   400  3ms
2026/7/9   19:4:56s :: GETon /api/vehicle   304  115ms
2026/7/9   19:20:32s :: GETon /api/vehicle   304  50ms
2026/7/9   19:20:38s :: GETon /api/vehicle/69e71b349b85cb04b20e1fec   200  57ms
2026/7/9   21:52:51s :: GETon /api/vehicle/69e71b349b85cb04b20e1fec   304  64ms
2026/7/9   22:6:54s :: POSTon /api/auth/register   400  46ms
2026/7/9   22:7:4s :: POSTon /api/auth/register   201  515ms
2026/7/9   22:45:55s :: GETon /api/vehicle   200  156ms
2026/7/9   22:46:27s :: GETon /api/vehicle   304  48ms
2026/7/9   22:46:37s :: GETon /api/vehicle   304  43ms
2026/7/12   8:38:48s :: GETon /api/vehicle   304  84ms
2026/7/12   8:52:21s :: POSTon /api/auth/register   201  634ms
2026/7/12   8:52:22s :: GETon /api/vehicle   304  23ms
2026/7/12   8:52:44s :: GETon /api/booking/mybooking   404  47ms
2026/7/12   8:52:53s :: GETon /api/vehicle   304  49ms
2026/7/12   8:53:2s :: POSTon /api/auth/logout   200  27ms
2026/7/12   8:53:23s :: POSTon /api/auth/login   200  361ms
2026/7/12   8:53:24s :: GETon /api/vehicle   304  25ms
2026/7/12   8:53:40s :: POSTon /api/auth/logout   200  22ms
2026/7/12   9:30:34s :: GETon /api/vehicle   304  20ms
2026/7/12   9:39:8s :: POSTon /api/auth/login   200  199ms
2026/7/12   9:39:8s :: GETon /api/vehicle   304  26ms
2026/7/12   9:39:14s :: GETon /api/booking/mybooking   404  22ms
2026/7/12   10:50:14s :: POSTon /api/auth/login   400  1269ms
2026/7/19   21:20:12s :: GETon /api/vehicle   304  122ms
2026/7/20   8:51:50s :: POSTon /api/auth/register   400  91ms
2026/7/20   8:51:59s :: POSTon /api/auth/register   201  414ms
2026/7/20   8:51:59s :: GETon /api/vehicle   304  16ms
2026/7/20   8:52:12s :: GETon /api/booking/mybooking   404  44ms
2026/7/20   8:52:32s :: POSTon /api/auth/logout   200  24ms
2026/7/20   8:54:20s :: POSTon /api/auth/login   200  198ms
2026/7/20   8:54:20s :: GETon /api/vehicle   304  27ms
2026/7/20   8:54:26s :: GETon /api/booking/mybooking   404  27ms
2026/7/20   8:54:44s :: GETon /api/booking/mybooking   404  17ms
2026/7/20   8:54:57s :: GETon /api/booking/mybooking   404  24ms
2026/7/20   8:55:3s :: GETon /api/booking/mybooking   404  20ms
2026/7/20   8:55:14s :: GETon /api/booking/mybooking   404  10ms
2026/7/20   8:55:16s :: GETon /api/booking/mybooking   404  11ms
2026/7/20   8:55:26s :: GETon /api/booking/mybooking   404  18ms
2026/7/20   8:55:28s :: GETon /api/booking/mybooking   404  17ms
2026/7/20   8:55:35s :: GETon /api/booking/mybooking   404  14ms
2026/7/20   8:55:37s :: GETon /api/booking/mybooking   404  16ms
2026/7/20   8:57:11s :: GETon /api/vehicle   304  22ms
2026/7/20   8:57:14s :: POSTon /api/auth/logout   200  19ms
2026/7/20   8:58:4s :: POSTon /api/auth/register   201  349ms
2026/7/20   8:58:5s :: GETon /api/vehicle   304  17ms
2026/7/20   8:58:13s :: GETon /api/booking/mybooking   404  18ms
2026/7/20   8:58:24s :: GETon /api/vehicle   304  26ms
2026/7/20   8:59:19s :: POSTon /api/auth/logout   200  15ms
2026/7/20   9:12:40s :: GETon /api/vehicle   304  28ms
2026/7/20   9:46:52s :: GETon /api/vehicle   304  56ms
2026/7/20   9:55:10s :: GETon /api/vehicle   304  25ms
2026/7/20   9:59:36s :: POSTon /api/auth/login   200  172ms
2026/7/20   9:59:36s :: GETon /api/vehicle   304  12ms
2026/7/20   10:0:24s :: GETon /api/booking/mybooking   404  28ms
2026/7/20   10:2:9s :: GETon /api/vehicle   304  22ms
2026/7/20   10:2:25s :: GETon /api/nagarikta/mystatus   404  41ms
2026/7/20   10:2:32s :: GETon /api/nagarikta/mystatus   404  23ms
2026/7/20   10:3:40s :: GETon /api/nagarikta/mystatus   404  10ms
2026/7/20   10:22:31s :: GETon /api/nagarikta/mystatus   404  487ms
2026/7/20   10:24:17s :: GETon /api/booking/6a3353210dc3ba292b82adf5   404  42ms
2026/7/20   10:24:17s :: GETon /api/booking/6a3353210dc3ba292b82adf5/get-payment-details   404  43ms
2026/7/20   10:24:37s :: GETon /api/booking/mybooking   404  8ms
2026/7/20   10:24:50s :: GETon /api/booking/mybooking   404  7ms
2026/7/20   10:25:29s :: GETon /api/booking/mybooking   404  8ms
2026/7/20   10:25:42s :: POSTon /api/auth/logout   200  16ms
2026/7/20   10:26:43s :: POSTon /api/auth/login   200  167ms
2026/7/20   10:26:43s :: GETon /api/vehicle   304  13ms
2026/7/20   10:26:59s :: GETon /api/booking/mybooking   404  14ms
2026/7/20   10:27:13s :: GETon /api/booking/6a3fe3b2bb9b553fbff1ab27/get-payment-details   200  69ms
2026/7/20   10:27:13s :: GETon /api/booking/6a3fe3b2bb9b553fbff1ab27   200  100ms
2026/7/20   10:28:52s :: GETon /api/booking/mybooking   404  19ms
2026/7/20   10:29:29s :: POSTon /api/auth/logout   200  17ms
2026/7/20   10:29:55s :: POSTon /api/auth/login   400  176ms
2026/7/20   10:30:11s :: POSTon /api/auth/login   400  195ms
2026/7/20   10:30:26s :: POSTon /api/auth/login   200  186ms
2026/7/20   10:30:26s :: GETon /api/vehicle   304  25ms
2026/7/20   10:30:31s :: GETon /api/booking/mybooking   200  100ms
2026/7/20   10:30:48s :: GETon /api/booking/mybooking   304  27ms
2026/7/21   19:52:2s :: GETon /api/vehicle   304  142ms
2026/7/21   19:52:52s :: GETon /api/vehicle   304  55ms
2026/7/21   19:53:0s :: GETon /api/booking/mybooking   304  110ms
2026/7/21   21:38:20s :: GETon /api/booking/mybooking   200  206ms
2026/7/21   22:10:49s :: GETon /api/vehicle   200  51ms
2026/7/21   23:18:6s :: GETon /api/booking/mybooking   304  256ms
2026/7/21   23:18:9s :: GETon /api/booking/mybooking   304  43ms
2026/7/21   23:18:48s :: GETon /api/booking/mybooking   304  50ms
2026/7/21   23:19:57s :: GETon /api/booking/mybooking   304  34ms
2026/7/21   23:20:14s :: GETon /api/booking/mybooking   304  25ms
2026/7/21   23:20:19s :: GETon /api/booking/mybooking   304  29ms
2026/7/21   23:26:57s :: GETon /api/booking/mybooking   304  31ms
2026/7/21   23:27:0s :: PUTon /api/auth/update   500  89ms
2026/7/21   23:27:7s :: PUTon /api/auth/update   500  49ms
2026/7/21   23:33:36s :: GETon /api/booking/mybooking   304  306ms
2026/7/21   23:33:38s :: PUTon /api/auth/update   500  30ms
2026/7/21   23:33:41s :: PUTon /api/auth/update   500  27ms
2026/7/21   23:33:42s :: PUTon /api/auth/update   500  32ms
2026/7/21   23:42:45s :: PUTon /api/auth/update   500  66ms
2026/7/21   23:47:5s :: GETon /api/booking/mybooking   304  98ms
2026/7/21   23:47:7s :: PUTon /api/auth/update   500  91ms
2026/7/21   23:49:2s :: GETon /api/booking/mybooking   304  47ms
2026/7/21   23:49:18s :: PUTon /api/auth/update   200  50ms
2026/7/21   23:49:34s :: PUTon /api/auth/update   200  43ms
2026/7/21   23:49:36s :: PUTon /api/auth/update   200  29ms
2026/7/21   23:49:37s :: PUTon /api/auth/update   200  31ms
2026/7/21   23:50:4s :: PUTon /api/auth/update   200  22ms
2026/7/22   0:10:11s :: GETon /api/booking/mybooking   304  50ms
2026/7/22   8:37:30s :: GETon /api/booking/mybooking   304  135ms
2026/7/22   8:38:36s :: PUTon /api/auth/update   200  353ms
2026/7/22   8:39:4s :: POSTon /api/auth/logout   200  26ms
2026/7/22   8:39:32s :: POSTon /api/auth/login   400  8ms
2026/7/22   8:40:2s :: POSTon /api/auth/login   400  11ms
2026/7/22   8:41:20s :: POSTon /api/auth/login   200  229ms
2026/7/22   8:41:21s :: GETon /api/vehicle   304  32ms
2026/7/22   8:41:33s :: GETon /api/vehicle   304  19ms
2026/7/22   8:41:38s :: GETon /api/booking/mybooking   304  73ms
2026/7/22   8:41:54s :: GETon /api/vehicle   304  30ms
2026/7/22   8:42:6s :: GETon /api/booking/mybooking   304  68ms
2026/7/22   8:55:44s :: GETon /api/vehicle   304  13ms
2026/7/22   9:3:45s :: GETon /api/vehicle/69c5ed7b192665c2c1779cb7   200  26ms
2026/7/22   9:6:20s :: GETon /api/vehicle   304  34ms
2026/7/22   9:9:5s :: GETon /api/vehicle   304  17ms
2026/7/22   9:42:12s :: GETon /api/vehicle   304  206ms
2026/7/22   9:43:49s :: GETon /api/vehicle   200  22ms
2026/7/22   9:45:51s :: POSTon /api/vehicle   401  5ms
2026/7/22   9:50:37s :: POSTon /api/auth/register   400  75ms
2026/7/22   9:50:46s :: POSTon /api/auth/login   200  318ms
2026/7/22   9:50:55s :: POSTon /api/vehicle   403  43ms
2026/7/22   9:51:19s :: GETon /api/vehicle/69c5ed4b192665c2c1779cad   200  43ms
2026/7/22   9:51:31s :: GETon /api/booking/mybooking   304  120ms
2026/7/22   9:51:37s :: GETon /api/vehicle   304  42ms
2026/7/22   9:57:27s :: POSTon /api/vehicle   403  49ms
2026/7/22   9:57:56s :: GETon /api/vehicle   304  44ms
2026/7/22   9:59:16s :: GETon /api/vehicle   200  24ms
2026/7/22   9:59:23s :: PUTon /api/vehicle   404  5ms
2026/7/22   9:59:33s :: POSTon /api/vehicle   403  9ms
2026/7/22   9:59:48s :: POSTon /api/vehicle   403  8ms
2026/7/22   15:50:2s :: GETon /api/vehicle   304  69ms
2026/7/22   16:10:19s :: GETon /api/vehicle   304  50ms
2026/7/22   16:18:25s :: GETon /api/vehicle   200  70ms
2026/7/22   16:34:7s :: GETon /api/vehicle   200  68ms
2026/7/22   16:34:19s :: GETon /api/vehicle/69c5ed4b192665c2c1779cad   200  68ms
2026/7/22   16:34:49s :: GETon /api/nagarikta/mystatus   200  46ms
2026/7/22   16:35:2s :: GETon /api/vehicle   304  16ms
2026/7/22   16:36:10s :: GETon /api/vehicle   304  181ms
2026/7/22   16:39:29s :: GETon /api/vehicle   304  67ms
2026/7/22   16:46:8s :: GETon /api/vehicle   304  25ms
2026/7/22   16:52:54s :: GETon /api/vehicle   304  26ms
2026/7/22   16:56:39s :: GETon /api/vehicle/69cd240ad9b9a49c395bac6c   200  33ms
2026/7/22   16:56:57s :: GETon /api/vehicle   304  27ms
2026/7/22   17:1:47s :: GETon /api/vehicle/69c5ed7b192665c2c1779cb7   200  13ms
2026/7/22   17:1:56s :: GETon /api/vehicle/69c5ed4b192665c2c1779cad   304  26ms
2026/7/22   17:4:19s :: GETon /api/vehicle   304  12ms
2026/7/22   17:4:28s :: GETon /api/vehicle/69c5ed7b192665c2c1779cb7   304  13ms
2026/7/22   17:7:2s :: GETon /api/vehicle   304  22ms
2026/7/22   17:14:3s :: GETon /api/vehicle/69c5ed7b192665c2c1779cb7   304  21ms
2026/7/22   19:41:40s :: GETon /api/vehicle   304  43ms
2026/7/22   19:43:0s :: GETon /api/vehicle   304  12ms
2026/7/22   19:46:3s :: GETon /api/vehicle   304  16ms
2026/7/22   19:46:25s :: GETon /api/vehicle   304  12ms
2026/7/22   19:46:35s :: GETon /api/vehicle   304  11ms
2026/7/22   19:53:11s :: GETon /api/vehicle   304  17ms
2026/7/22   19:53:19s :: GETon /api/vehicle   304  7ms
2026/7/22   19:53:36s :: GETon /api/vehicle   304  12ms
2026/7/22   19:53:51s :: GETon /api/vehicle   304  10ms
2026/7/22   19:54:12s :: GETon /api/vehicle   304  6ms
2026/7/22   19:54:50s :: GETon /api/vehicle   304  26ms
2026/7/22   20:4:55s :: GETon /api/vehicle   304  11ms
2026/7/22   20:5:10s :: GETon /api/vehicle   304  25ms
2026/7/22   20:5:24s :: GETon /api/vehicle   304  15ms
2026/7/22   20:5:32s :: GETon /api/vehicle   304  15ms
2026/7/22   20:8:7s :: GETon /api/vehicle   304  7ms
2026/7/22   20:8:15s :: GETon /api/vehicle   304  11ms
2026/7/22   20:8:29s :: GETon /api/vehicle   304  9ms
2026/7/22   20:15:53s :: GETon /api/vehicle   304  20ms
2026/7/22   20:29:1s :: GETon /api/vehicle   304  14ms
2026/7/22   20:31:0s :: GETon /api/vehicle   304  14ms
2026/7/22   20:39:22s :: GETon /api/vehicle   304  21ms
2026/7/22   20:50:54s :: GETon /api/vehicle   304  29ms
2026/7/22   20:55:36s :: GETon /api/vehicle   304  14ms
2026/7/23   6:59:32s :: GETon /api/vehicle   304  175ms
2026/7/23   7:18:18s :: GETon /api/booking/mybooking   304  455ms
2026/7/23   7:31:26s :: GETon /api/vehicle/69c5ed7b192665c2c1779cb7   304  87ms
2026/7/23   7:31:37s :: GETon /api/vehicle   304  47ms
2026/7/23   7:35:1s :: GETon /api/vehicle/69e790129b85cb04b20e201d   200  24ms
2026/7/23   7:37:57s :: GETon /api/booking/mybooking   304  37ms
2026/7/23   7:39:27s :: GETon /api/vehicle   304  34ms
2026/7/23   7:54:43s :: GETon /api/vehicle   304  35ms
2026/7/23   7:55:24s :: GETon /api/vehicle/69c5ed7b192665c2c1779cb7   304  29ms
2026/7/23   7:55:51s :: GETon /api/vehicle   304  55ms
2026/7/23   7:59:37s :: GETon /api/booking/6a3353210dc3ba292b82adf5   404  36ms
2026/7/23   7:59:37s :: GETon /api/booking/6a3353210dc3ba292b82adf5/get-payment-details   404  34ms
2026/7/23   8:0:34s :: GETon /api/nagarikta/mystatus   304  29ms
2026/7/23   8:1:54s :: GETon /api/nagarikta/mystatus   304  18ms
2026/7/23   8:2:49s :: POSTon /api/booking   201  261ms
2026/7/23   8:2:49s :: GETon /api/booking/6a6179cdbfe7eea56a60e922/get-payment-details   200  34ms
2026/7/23   8:2:49s :: GETon /api/booking/6a6179cdbfe7eea56a60e922   200  52ms
2026/7/23   8:5:24s :: GETon /api/booking/confirm-payment?data=eyJ0cmFuc2FjdGlvbl9jb2RlIjoiMDAwRzlHOSIsInN0YXR1cyI6IkNPTVBMRVRFIiwidG90YWxfYW1vdW50IjoiMTUwLjAiLCJ0cmFuc2FjdGlvbl91dWlkIjoiNmE2MTc5Y2RiZmU3ZWVhNTZhNjBlOTIyLTE3ODQ3NzMwNjk5NTctbmp1eDZ1aSIsInByb2R1Y3RfY29kZSI6IkVQQVlURVNUIiwic2lnbmVkX2ZpZWxkX25hbWVzIjoidHJhbnNhY3Rpb25fY29kZSxzdGF0dXMsdG90YWxfYW1vdW50LHRyYW5zYWN0aW9uX3V1aWQscHJvZHVjdF9jb2RlLHNpZ25lZF9maWVsZF9uYW1lcyIsInNpZ25hdHVyZSI6InIrMUFCZGF2V3orT3dpanJEV0llQk9od2IvZTc3MTh0czBTT3FsZ09HK009In0=   302  62ms
2026/7/23   8:5:25s :: GETon /api/booking/6a6179cdbfe7eea56a60e922/get-payment-details   200  15ms
2026/7/23   8:5:25s :: GETon /api/booking/6a6179cdbfe7eea56a60e922   200  25ms
2026/7/23   8:34:45s :: GETon /api/booking/6a6179cdbfe7eea56a60e922/get-payment-details   200  57ms
2026/7/23   8:34:45s :: GETon /api/booking/6a6179cdbfe7eea56a60e922   304  127ms
2026/7/23   8:40:16s :: GETon /api/booking/6a6179cdbfe7eea56a60e922   304  26ms
2026/7/23   8:44:11s :: GETon /api/booking/6a6179cdbfe7eea56a60e922/get-payment-details   200  20ms
2026/7/23   8:44:11s :: GETon /api/booking/6a6179cdbfe7eea56a60e922   304  37ms
2026/7/23   8:45:46s :: GETon /api/booking/6a6179cdbfe7eea56a60e922   304  48ms
2026/7/23   8:45:46s :: GETon /api/booking/6a6179cdbfe7eea56a60e922/get-payment-details   200  34ms
2026/7/23   8:52:58s :: GETon /api/vehicle   304  155ms
2026/7/23   8:53:4s :: GETon /api/vehicle/69e7901f9b85cb04b20e2022   200  37ms
2026/7/23   8:54:16s :: POSTon /api/booking   201  102ms
2026/7/23   8:54:16s :: GETon /api/booking/6a6185dc98c4e40a0a4f5a78/get-payment-details   200  33ms
2026/7/23   8:54:16s :: GETon /api/booking/6a6185dc98c4e40a0a4f5a78   200  66ms
2026/7/23   9:2:2s :: GETon /api/booking/6a6185dc98c4e40a0a4f5a78/get-payment-details   200  54ms
2026/7/23   9:2:2s :: GETon /api/booking/6a6185dc98c4e40a0a4f5a78   200  109ms
2026/7/23   9:2:28s :: GETon /api/booking/6a6185dc98c4e40a0a4f5a78/get-payment-details   200  36ms
2026/7/23   9:2:28s :: GETon /api/booking/6a6185dc98c4e40a0a4f5a78   200  56ms
2026/7/23   9:8:59s :: GETon /api/booking/6a6185dc98c4e40a0a4f5a78/get-payment-details   200  39ms
2026/7/23   9:8:59s :: GETon /api/booking/6a6185dc98c4e40a0a4f5a78   304  59ms
2026/7/23   9:9:20s :: GETon /api/booking/mybooking   200  95ms
2026/7/23   9:10:16s :: GETon /api/vehicle   304  39ms
2026/7/23   9:10:20s :: GETon /api/booking/6a3353210dc3ba292b82adf5   404  25ms
2026/7/23   9:10:20s :: GETon /api/booking/6a3353210dc3ba292b82adf5/get-payment-details   404  20ms
2026/7/23   9:10:34s :: GETon /api/booking/6a6179cdbfe7eea56a60e922   304  26ms
2026/7/23   9:10:34s :: GETon /api/booking/6a6179cdbfe7eea56a60e922/get-payment-details   200  48ms
2026/7/23   9:10:42s :: GETon /api/booking/6a6179cdbfe7eea56a60e922/get-payment-details   200  33ms
2026/7/23   9:10:42s :: GETon /api/booking/6a6179cdbfe7eea56a60e922   304  55ms
2026/7/23   9:10:56s :: GETon /api/vehicle   304  23ms
2026/7/23   9:11:6s :: GETon /api/vehicle/69cd3d3786e74125f33da519   200  11ms
2026/7/23   9:11:38s :: GETon /api/booking/6a3353210dc3ba292b82adf5   404  19ms
2026/7/23   9:11:38s :: GETon /api/booking/6a3353210dc3ba292b82adf5/get-payment-details   404  16ms
2026/7/23   9:11:59s :: POSTon /api/booking   201  89ms
2026/7/23   9:11:59s :: GETon /api/booking/6a618a0398c4e40a0a4f5ab1/get-payment-details   200  24ms
2026/7/23   9:11:59s :: GETon /api/booking/6a618a0398c4e40a0a4f5ab1   200  71ms
2026/7/23   9:13:13s :: GETon /api/booking/confirm-payment?data=eyJ0cmFuc2FjdGlvbl9jb2RlIjoiMDAwRzlHUyIsInN0YXR1cyI6IkNPTVBMRVRFIiwidG90YWxfYW1vdW50IjoiMTUwLjAiLCJ0cmFuc2FjdGlvbl91dWlkIjoiNmE2MThhMDM5OGM0ZTQwYTBhNGY1YWIxLTE3ODQ3NzcyMTk0MzgtOTl1Y2t0eSIsInByb2R1Y3RfY29kZSI6IkVQQVlURVNUIiwic2lnbmVkX2ZpZWxkX25hbWVzIjoidHJhbnNhY3Rpb25fY29kZSxzdGF0dXMsdG90YWxfYW1vdW50LHRyYW5zYWN0aW9uX3V1aWQscHJvZHVjdF9jb2RlLHNpZ25lZF9maWVsZF9uYW1lcyIsInNpZ25hdHVyZSI6Iit0Wnh0a3RUTE1WdFNyRzdWdk1TbVovaTBOQ1BBeldQeGpiQ25qWVpkcDg9In0=   302  77ms
2026/7/23   9:13:14s :: GETon /api/booking/6a618a0398c4e40a0a4f5ab1/get-payment-details   200  21ms
2026/7/23   9:13:14s :: GETon /api/booking/6a618a0398c4e40a0a4f5ab1   200  33ms
2026/7/23   9:19:5s :: GETon /api/booking/6a618a0398c4e40a0a4f5ab1/get-payment-details   200  42ms
2026/7/23   9:19:5s :: GETon /api/booking/6a618a0398c4e40a0a4f5ab1   304  75ms
2026/7/23   9:20:40s :: GETon /api/booking/6a618a0398c4e40a0a4f5ab1   404  21ms
2026/7/23   9:20:40s :: GETon /api/booking/6a618a0398c4e40a0a4f5ab1/get-payment-details   404  22ms
2026/7/23   9:20:44s :: GETon /api/vehicle   304  20ms
2026/7/23   9:20:51s :: GETon /api/vehicle/69cd3d3786e74125f33da519   304  9ms
2026/7/23   9:22:8s :: POSTon /api/booking   201  31ms
2026/7/23   9:22:8s :: GETon /api/booking/6a618c6498c4e40a0a4f5ad2/get-payment-details   200  21ms
2026/7/23   9:22:8s :: GETon /api/booking/6a618c6498c4e40a0a4f5ad2   200  35ms
2026/7/23   9:23:3s :: GETon /api/booking/confirm-payment?data=eyJ0cmFuc2FjdGlvbl9jb2RlIjoiMDAwRzlHVCIsInN0YXR1cyI6IkNPTVBMRVRFIiwidG90YWxfYW1vdW50IjoiMTUwLjAiLCJ0cmFuc2FjdGlvbl91dWlkIjoiNmE2MThjNjQ5OGM0ZTQwYTBhNGY1YWQyLTE3ODQ3Nzc4Mjg2MDQtZm9lOXpzMiIsInByb2R1Y3RfY29kZSI6IkVQQVlURVNUIiwic2lnbmVkX2ZpZWxkX25hbWVzIjoidHJhbnNhY3Rpb25fY29kZSxzdGF0dXMsdG90YWxfYW1vdW50LHRyYW5zYWN0aW9uX3V1aWQscHJvZHVjdF9jb2RlLHNpZ25lZF9maWVsZF9uYW1lcyIsInNpZ25hdHVyZSI6IkRHUGpzOHFveHd1ZE5ibUFPeHdobC9EdlUxZkd0WDF5aDFENU5td2dCNW89In0=   302  44ms
2026/7/23   9:23:5s :: GETon /api/booking/6a618c6498c4e40a0a4f5ad2/get-payment-details   200  14ms
2026/7/23   9:23:5s :: GETon /api/booking/6a618c6498c4e40a0a4f5ad2   200  21ms
2026/7/23   9:30:3s :: GETon /api/booking/6a618c6498c4e40a0a4f5ad2/get-payment-details   200  27ms
2026/7/23   9:30:3s :: GETon /api/booking/6a618c6498c4e40a0a4f5ad2   304  52ms
2026/7/23   9:30:30s :: GETon /api/booking/mybooking   200  44ms
2026/7/23   9:31:5s :: GETon /api/booking/6a618c6498c4e40a0a4f5ad2   304  23ms
2026/7/23   9:33:16s :: GETon /api/booking/6a618c6498c4e40a0a4f5ad2/get-payment-details   200  22ms
2026/7/23   9:33:16s :: GETon /api/booking/6a618c6498c4e40a0a4f5ad2   304  40ms
2026/7/23   9:35:7s :: GETon /api/booking/mybooking   304  48ms
2026/7/23   14:12:48s :: GETon /api/booking/mybooking   304  112ms
2026/7/23   14:20:40s :: GETon /api/booking/6a618c6498c4e40a0a4f5ad2/get-payment-details   200  46ms
2026/7/23   14:20:40s :: GETon /api/booking/6a618c6498c4e40a0a4f5ad2   304  81ms
2026/7/23   14:20:43s :: GETon /api/vehicle   304  25ms
2026/7/23   14:22:57s :: GETon /api/vehicle   200  17ms
2026/7/23   14:23:14s :: GETon /api/vehicle/69c5ed4b192665c2c1779cad   200  12ms
2026/7/23   14:23:27s :: GETon /api/vehicle   304  23ms
2026/7/23   14:33:22s :: GETon /api/vehicle   200  83ms
2026/7/23   14:34:18s :: GETon /api/vehicle/69e71b609b85cb04b20e1ff4   200  130ms
2026/7/23   14:37:8s :: GETon /api/vehicle   200  40ms
2026/7/23   14:37:54s :: GETon /api/vehicle   200  21ms
2026/7/23   14:42:31s :: GETon /api/vehicle/69cd2728d9b9a49c395bac73   200  15ms
2026/7/23   14:42:40s :: GETon /api/vehicle   200  15ms
2026/7/23   14:43:21s :: GETon /api/vehicle   200  15ms
2026/7/23   14:44:54s :: GETon /api/vehicle   200  17ms
2026/7/23   15:0:17s :: GETon /api/vehicle   304  89ms
2026/7/23   15:36:42s :: POSTon /api/auth/logout   200  166ms
2026/7/23   15:37:4s :: POSTon /api/auth/login   400  14ms
2026/7/23   15:37:10s :: POSTon /api/auth/login   400  5ms
2026/7/23   15:37:14s :: POSTon /api/auth/login   400  6ms
2026/7/23   15:37:23s :: POSTon /api/auth/login   400  6ms
2026/7/23   15:37:35s :: POSTon /api/auth/login   400  5ms
2026/7/23   15:39:44s :: POSTon /api/auth/register   500  62ms
2026/7/23   15:40:1s :: POSTon /api/auth/register   500  29ms
2026/7/23   15:40:26s :: POSTon /api/auth/register   500  22ms
2026/7/23   15:48:7s :: POSTon /api/auth/register   500  23ms
2026/7/23   15:49:4s :: POSTon /api/auth/register   500  93ms
2026/7/23   15:50:34s :: POSTon /api/auth/register   500  46ms
2026/7/23   15:52:34s :: POSTon /api/auth/register   201  342ms
2026/7/23   15:52:34s :: GETon /api/vehicle   304  56ms
2026/7/23   15:53:19s :: GETon /api/vehicle   304  85ms
2026/7/23   15:58:9s :: GETon /api/vehicle   304  20ms
2026/7/23   15:58:25s :: GETon /api/vehicle   304  18ms
2026/7/23   15:59:6s :: GETon /api/vehicle   304  26ms
2026/7/23   15:59:12s :: POSTon /api/auth/logout   200  77ms
2026/7/23   15:59:43s :: POSTon /api/auth/login   200  412ms
2026/7/23   15:59:43s :: GETon /api/vehicle   304  25ms
2026/7/23   16:0:15s :: GETon /api/booking/mybooking   404  21ms
2026/7/23   18:3:58s :: GETon /api/booking/mybooking   404  56ms
2026/7/23   18:4:1s :: GETon /api/vehicle   304  33ms
2026/7/23   18:4:40s :: POSTon /api/auth/logout   200  15ms
2026/7/23   18:5:28s :: POSTon /api/auth/login   200  276ms
2026/7/23   18:5:28s :: GETon /api/vehicle   304  16ms
2026/7/23   18:23:47s :: GETon /api/vehicle   304  21ms
2026/7/23   18:24:1s :: POSTon /api/auth/logout   200  15ms
2026/7/23   18:24:54s :: GETon /api/vehicle   304  41ms
2026/7/23   18:29:13s :: POSTon /api/auth/login   200  195ms
2026/7/23   18:29:14s :: GETon /api/vehicle   304  26ms
2026/7/23   18:29:34s :: GETon /api/booking/mybooking   404  52ms
2026/7/23   18:30:54s :: GETon /api/vehicle   304  16ms
2026/7/23   18:32:20s :: GETon /api/booking/mybooking   404  22ms
2026/7/23   18:32:50s :: GETon /api/vehicle   304  24ms
2026/7/23   18:40:8s :: GETon /api/vehicle   304  65ms
2026/7/23   18:41:52s :: GETon /api/vehicle   304  9ms
2026/7/23   18:42:2s :: GETon /api/booking/mybooking   404  15ms
2026/7/23   18:56:22s :: GETon /api/vehicle   304  20ms
2026/7/23   18:56:32s :: POSTon /api/auth/logout   200  27ms
2026/7/23   18:56:58s :: POSTon /api/auth/login   200  192ms
2026/7/23   18:56:58s :: GETon /api/vehicle   304  17ms
2026/7/23   19:5:43s :: GETon /api/vehicle   304  33ms
2026/7/23   19:5:53s :: GETon /api/vehicle   304  40ms
2026/7/23   20:34:37s :: GETon /api/booking   200  309ms
2026/7/23   20:38:11s :: GETon /api/booking   304  62ms
2026/7/23   20:38:21s :: GETon /api/booking   304  45ms
2026/7/24   7:15:21s :: GETon /api/booking   304  6379ms
2026/7/24   7:22:44s :: GETon /api/booking   304  77ms
2026/7/24   7:23:24s :: GETon /api/vehicle   304  25ms
2026/7/24   7:23:27s :: GETon /api/booking/mybooking   404  17ms
2026/7/24   7:23:33s :: POSTon /api/auth/logout   200  10ms
2026/7/24   7:24:2s :: POSTon /api/auth/login   200  397ms
2026/7/24   7:24:2s :: GETon /api/vehicle   304  15ms
2026/7/24   7:24:9s :: GETon /api/booking/mybooking   200  52ms
2026/7/24   7:30:2s :: GETon /api/vehicle   304  16ms
2026/7/24   7:30:16s :: POSTon /api/auth/logout   200  20ms
2026/7/24   7:30:37s :: POSTon /api/auth/login   200  192ms
2026/7/24   7:30:37s :: GETon /api/vehicle   304  7ms
2026/7/24   7:32:38s :: GETon /api/booking   304  24ms
2026/7/24   7:33:50s :: GETon /api/booking   304  48ms
2026/7/24   7:36:53s :: GETon /api/booking   304  32ms
2026/7/24   7:39:13s :: GETon /api/booking   304  48ms
2026/7/24   7:39:30s :: GETon /api/booking   304  30ms
2026/7/24   7:40:55s :: GETon /api/booking   304  30ms
2026/7/24   7:44:37s :: GETon /api/vehicle   200  18ms
2026/7/24   7:54:54s :: GETon /api/booking   304  149ms
2026/7/24   7:59:50s :: GETon /api/vehicle/   200  86ms
2026/7/24   8:1:24s :: POSTon /api/auth/login   200  363ms
2026/7/24   8:1:31s :: GETon /api/vehicle/   200  16ms
2026/7/24   8:4:26s :: GETon /api/booking   304  39ms
2026/7/24   8:5:44s :: GETon /api/booking   304  21ms
2026/7/24   8:5:50s :: GETon /api/booking   304  63ms
2026/7/24   8:5:51s :: GETon /api/booking   304  56ms
2026/7/24   8:5:52s :: GETon /api/booking   304  65ms
2026/7/24   8:7:51s :: GETon /api/booking   304  71ms
2026/7/24   8:12:2s :: GETon /api/booking   304  30ms
2026/7/24   8:19:39s :: GETon /api/booking   304  94ms
2026/7/24   8:21:36s :: GETon /api/booking   304  47ms
2026/7/24   8:28:57s :: GETon /api/booking   304  105ms
2026/7/24   8:31:54s :: GETon /api/vehicle   304  48ms
2026/7/24   8:32:2s :: GETon /api/booking   304  97ms
2026/7/24   8:34:53s :: GETon /api/booking   304  112ms
2026/7/24   8:39:8s :: GETon /api/vehicle   304  107ms
2026/7/24   8:39:12s :: GETon /api/booking   304  70ms
2026/7/24   8:42:57s :: GETon /api/booking   304  53ms
2026/7/24   9:7:31s :: GETon /api/vehicle   304  119ms
2026/7/24   9:7:37s :: GETon /api/vehicle/69c5ed7b192665c2c1779cb7   200  44ms
2026/7/24   9:7:44s :: GETon /api/vehicle   304  23ms
2026/7/24   9:7:50s :: GETon /api/booking   304  65ms
2026/7/24   9:8:2s :: GETon /api/vehicle   304  18ms
2026/7/24   9:9:13s :: GETon /api/booking   304  89ms
2026/7/24   9:12:1s :: GETon /api/booking   304  32ms
2026/7/24   9:15:15s :: GETon /api/booking/mybooking   404  22ms
2026/7/24   9:15:25s :: GETon /api/vehicle   304  22ms
2026/7/24   9:15:45s :: GETon /api/nagarikta/mystatus   404  17ms
2026/7/24   20:36:46s :: GETon /api/vehicle   304  90ms
2026/7/24   20:36:54s :: GETon /api/booking   304  144ms
2026/7/24   20:36:59s :: GETon /api/vehicle   304  40ms
2026/7/24   20:37:3s :: GETon /api/booking   304  86ms
2026/7/24   20:38:24s :: GETon /api/vehicle   304  33ms
2026/7/24   20:38:29s :: GETon /api/booking   304  77ms
2026/7/24   20:41:3s :: GETon /api/vehicle   304  26ms
2026/7/24   20:41:6s :: GETon /api/vehicle   304  14ms
2026/7/24   20:41:9s :: GETon /api/booking   304  60ms
2026/7/24   20:51:36s :: GETon /api/vehicle   304  39ms
2026/7/25   10:53:40s :: GETon /api/vehicle   200  66ms
2026/7/25   10:56:13s :: GETon /api/vehicle   304  26ms
2026/7/25   11:8:56s :: GETon /api/booking   304  313ms
2026/7/25   11:11:43s :: GETon /api/booking   304  80ms
2026/7/25   11:12:22s :: GETon /api/booking   304  73ms
2026/7/25   11:19:44s :: GETon /api/booking   304  54ms
2026/7/25   11:19:45s :: GETon /api/booking   304  35ms
2026/7/25   11:19:46s :: GETon /api/booking   304  56ms
2026/7/25   11:19:48s :: GETon /api/booking   304  55ms
2026/7/25   11:19:48s :: GETon /api/booking   304  68ms
2026/7/25   11:19:48s :: GETon /api/booking   304  66ms
2026/7/25   11:19:49s :: GETon /api/booking   304  46ms
2026/7/25   11:19:51s :: GETon /api/booking   304  40ms
2026/7/25   11:19:53s :: GETon /api/booking   304  59ms
2026/7/25   11:41:45s :: GETon /api/booking   304  34ms
2026/7/25   11:42:10s :: GETon /api/booking   304  35ms
2026/7/25   11:42:13s :: GETon /api/vehicle   304  24ms
2026/7/25   11:42:16s :: GETon /api/vehicle/69c5ed7b192665c2c1779cb7   304  29ms
2026/7/25   11:44:57s :: GETon /api/nagarikta/mystatus   404  42ms
2026/7/25   11:45:42s :: POSTon /api/booking   400  31ms
2026/7/25   11:45:57s :: POSTon /api/booking   400  19ms
2026/7/25   11:49:23s :: GETon /api/booking   304  61ms
2026/7/25   11:49:43s :: POSTon /api/booking   400  19ms
2026/7/25   11:50:45s :: GETon /api/nagarikta/mystatus   404  13ms
2026/7/25   11:51:21s :: POSTon /api/uploads   200  4768ms
2026/7/25   11:51:26s :: POSTon /api/uploads   200  3224ms
2026/7/25   11:51:29s :: POSTon /api/nagarikta   409  40ms
2026/7/25   11:51:29s :: GETon /api/nagarikta/mystatus   404  13ms
2026/7/25   11:51:40s :: POSTon /api/uploads   200  5197ms
2026/7/25   11:51:45s :: POSTon /api/uploads   200  3117ms
2026/7/25   11:51:48s :: POSTon /api/nagarikta   201  155ms
2026/7/25   11:51:48s :: GETon /api/nagarikta/mystatus   200  18ms
2026/7/25   11:52:39s :: POSTon /api/uploads   200  4385ms
2026/7/25   11:52:43s :: POSTon /api/license   201  91ms
2026/7/25   11:52:51s :: POSTon /api/booking   201  95ms
2026/7/25   11:52:52s :: GETon /api/booking/6a6452b87fb36f2ac4899674/get-payment-details   200  23ms
2026/7/25   11:52:52s :: GETon /api/booking/6a6452b87fb36f2ac4899674   200  36ms
2026/7/25   11:58:5s :: GETon /api/booking   200  72ms
2026/7/25   11:59:50s :: GETon /api/booking   304  36ms
2026/7/25   12:0:3s :: GETon /api/booking/6a3a8c7d08261aafee7e0e0f   200  34ms
2026/7/25   12:0:3s :: GETon /api/booking/6a3a8c7d08261aafee7e0e0f/get-payment-details   200  23ms
2026/7/25   12:1:10s :: GETon /api/booking/6a3a8c7d08261aafee7e0e0f   304  15ms
2026/7/25   12:1:19s :: GETon /api/booking/6a3a8c7d08261aafee7e0e0f   304  13ms
2026/7/25   12:1:45s :: GETon /api/booking/6a3a8c7d08261aafee7e0e0f   304  23ms
2026/7/25   12:2:6s :: GETon /api/booking/6a3a8c7d08261aafee7e0e0f   304  17ms
2026/7/25   12:5:10s :: GETon /api/booking/6a3a8c7d08261aafee7e0e0f/get-payment-details   200  28ms
2026/7/25   12:5:10s :: GETon /api/booking/6a3a8c7d08261aafee7e0e0f   304  54ms
2026/7/25   12:6:5s :: GETon /api/booking/6a3a8c7d08261aafee7e0e0f   304  46ms
2026/7/25   12:14:41s :: GETon /api/booking/6a3a8c7d08261aafee7e0e0f   304  30ms
2026/7/25   12:16:8s :: GETon /api/booking/6a3a8c7d08261aafee7e0e0f/get-payment-details   200  20ms
2026/7/25   12:16:8s :: GETon /api/booking/6a3a8c7d08261aafee7e0e0f   304  35ms
2026/7/25   12:18:30s :: GETon /api/booking/6a3a8c7d08261aafee7e0e0f/get-payment-details   200  24ms
2026/7/25   12:18:30s :: GETon /api/booking/6a3a8c7d08261aafee7e0e0f   304  39ms
2026/7/25   12:19:55s :: GETon /api/booking/6a3a8c7d08261aafee7e0e0f   304  20ms
2026/7/25   12:19:55s :: GETon /api/booking/6a3a8c7d08261aafee7e0e0f/get-payment-details   200  15ms
2026/7/25   21:37:31s :: GETon /api/booking   304  243ms
2026/7/25   21:51:18s :: GETon /api/booking/6a3a8c7d08261aafee7e0e0f/get-payment-details   200  82ms
2026/7/25   21:51:18s :: GETon /api/booking/6a3a8c7d08261aafee7e0e0f   304  137ms
2026/7/25   21:55:7s :: GETon /api/vehicle   304  44ms
2026/7/25   21:55:13s :: POSTon /api/auth/logout   200  31ms
2026/7/25   21:55:31s :: POSTon /api/auth/login   400  20ms
2026/7/25   21:55:40s :: POSTon /api/auth/login   400  9ms
2026/7/25   21:55:41s :: POSTon /api/auth/login   400  4ms
2026/7/25   21:55:41s :: POSTon /api/auth/login   400  4ms
2026/7/25   22:3:6s :: POSTon /api/auth/login   400  18ms
2026/7/25   22:3:8s :: POSTon /api/auth/login   400  7ms
2026/7/25   22:3:29s :: POSTon /api/auth/login   400  11ms
2026/7/25   22:3:31s :: POSTon /api/auth/login   400  8ms
2026/7/25   22:3:32s :: POSTon /api/auth/login   400  10ms
2026/7/25   22:3:53s :: POSTon /api/auth/login   400  8ms
2026/7/25   22:3:56s :: POSTon /api/auth/login   400  7ms
2026/7/25   22:3:57s :: POSTon /api/auth/login   400  8ms
2026/7/25   22:3:57s :: POSTon /api/auth/login   400  8ms
2026/7/25   22:4:4s :: POSTon /api/auth/login   400  4ms
2026/7/25   22:6:32s :: POSTon /api/auth/login   400  9ms
2026/7/25   22:7:13s :: POSTon /api/auth/login   200  264ms
2026/7/25   22:7:14s :: GETon /api/vehicle   304  28ms
2026/7/25   22:7:43s :: GETon /api/vehicle/69cd3d3786e74125f33da519   200  18ms
2026/7/25   22:8:36s :: GETon /api/booking/6a3353210dc3ba292b82adf5   404  29ms
2026/7/25   22:8:36s :: GETon /api/booking/6a3353210dc3ba292b82adf5/get-payment-details   404  25ms
2026/7/25   22:8:47s :: POSTon /api/booking   201  196ms
2026/7/25   22:8:47s :: GETon /api/booking/6a64e3137d10b87ba6ff9aad/get-payment-details   200  32ms
2026/7/25   22:8:47s :: GETon /api/booking/6a64e3137d10b87ba6ff9aad   200  86ms
2026/7/25   22:13:34s :: GETon /api/booking/confirm-payment?data=eyJ0cmFuc2FjdGlvbl9jb2RlIjoiMDAwR0E4OSIsInN0YXR1cyI6IkNPTVBMRVRFIiwidG90YWxfYW1vdW50IjoiMTUwLjAiLCJ0cmFuc2FjdGlvbl91dWlkIjoiNmE2NGUzMTM3ZDEwYjg3YmE2ZmY5YWFkLTE3ODQ5OTY2Mjc1OTktamd3aXU4MCIsInByb2R1Y3RfY29kZSI6IkVQQVlURVNUIiwic2lnbmVkX2ZpZWxkX25hbWVzIjoidHJhbnNhY3Rpb25fY29kZSxzdGF0dXMsdG90YWxfYW1vdW50LHRyYW5zYWN0aW9uX3V1aWQscHJvZHVjdF9jb2RlLHNpZ25lZF9maWVsZF9uYW1lcyIsInNpZ25hdHVyZSI6Im5GbzNJODZGeXk1UEJ1eEpGS29IY29vYXdpbkQwbWVud3RVWm83VXovMjA9In0=   302  141ms
2026/7/25   22:13:35s :: GETon /api/booking/6a64e3137d10b87ba6ff9aad/get-payment-details   200  121ms
2026/7/25   22:13:35s :: GETon /api/booking/6a64e3137d10b87ba6ff9aad   200  200ms
2026/7/25   22:15:30s :: GETon /api/vehicle   200  36ms
2026/7/25   22:15:41s :: GETon /api/booking/mybooking   401  2ms
2026/7/25   22:15:49s :: POSTon /api/auth/logout   401  4ms
2026/7/25   22:16:16s :: POSTon /api/auth/login   400  223ms
2026/7/25   22:16:26s :: POSTon /api/auth/login   200  197ms
2026/7/25   22:16:26s :: GETon /api/vehicle   304  34ms
2026/7/25   22:16:32s :: GETon /api/booking   200  106ms
2026/7/25   22:16:39s :: GETon /api/booking/6a64e3137d10b87ba6ff9aad/get-payment-details   200  54ms
2026/7/25   22:16:39s :: GETon /api/booking/6a64e3137d10b87ba6ff9aad   200  89ms
2026/7/25   22:16:52s :: GETon /api/booking   304  97ms
2026/7/25   22:16:55s :: GETon /api/booking/6a3a8c7d08261aafee7e0e0f/get-payment-details   200  35ms
2026/7/25   22:16:55s :: GETon /api/booking/6a3a8c7d08261aafee7e0e0f   200  61ms
2026/7/25   22:18:25s :: GETon /api/booking   304  102ms
2026/7/25   22:18:28s :: GETon /api/booking/6a64e3137d10b87ba6ff9aad/get-payment-details   200  34ms
2026/7/25   22:18:28s :: GETon /api/booking/6a64e3137d10b87ba6ff9aad   304  62ms
2026/7/25   22:23:38s :: GETon /api/booking/6a64e3137d10b87ba6ff9aad   304  13ms
2026/7/25   22:23:38s :: GETon /api/booking/6a3a8c7d08261aafee7e0e0f   304  16ms
2026/7/26   6:52:14s :: GETon /api/booking/6a64e3137d10b87ba6ff9aad/get-payment-details   200  63ms
2026/7/26   6:52:14s :: GETon /api/booking/6a64e3137d10b87ba6ff9aad   304  95ms
2026/7/26   6:52:15s :: GETon /api/booking/6a64e3137d10b87ba6ff9aad/get-payment-details   200  22ms
2026/7/26   6:52:15s :: GETon /api/booking/6a64e3137d10b87ba6ff9aad   304  39ms
2026/7/26   6:55:0s :: GETon /api/booking/6a3a8c7d08261aafee7e0e0f/get-payment-details   200  22ms
2026/7/26   6:55:0s :: GETon /api/booking/6a3a8c7d08261aafee7e0e0f   304  33ms
2026/7/26   6:58:3s :: GETon /api/booking/6a64e3137d10b87ba6ff9aad/get-payment-details   200  402ms
2026/7/26   6:58:3s :: GETon /api/booking/6a64e3137d10b87ba6ff9aad   304  588ms
2026/7/26   6:58:3s :: GETon /api/booking/6a64e3137d10b87ba6ff9aad/get-payment-details   200  592ms
2026/7/26   6:58:3s :: GETon /api/booking/6a64e3137d10b87ba6ff9aad   304  614ms
2026/7/26   6:58:9s :: GETon /api/booking/6a64e3137d10b87ba6ff9aad/get-payment-details   200  26ms
2026/7/26   6:58:9s :: GETon /api/booking/6a64e3137d10b87ba6ff9aad   304  47ms
2026/7/26   6:58:55s :: GETon /api/booking/6a64e3137d10b87ba6ff9aad/get-payment-details   200  26ms
2026/7/26   6:58:55s :: GETon /api/booking/6a64e3137d10b87ba6ff9aad   304  44ms
2026/7/26   7:1:47s :: GETon /api/booking/6a64e3137d10b87ba6ff9aad/get-payment-details   200  36ms
2026/7/26   7:1:47s :: GETon /api/booking/6a64e3137d10b87ba6ff9aad   304  70ms
2026/7/26   7:31:32s :: GETon /api/booking/6a64e3137d10b87ba6ff9aad/get-payment-details   200  95ms
2026/7/26   7:31:32s :: GETon /api/booking/6a64e3137d10b87ba6ff9aad   304  193ms
2026/7/26   7:31:40s :: GETon /api/booking/6a64e3137d10b87ba6ff9aad/get-payment-details   200  61ms
2026/7/26   7:31:40s :: GETon /api/booking/6a64e3137d10b87ba6ff9aad   304  100ms
2026/7/26   7:38:43s :: PUTon /api/booking/6a64e3137d10b87ba6ff9aad/bookingConfirm   404  37ms
2026/7/26   7:39:3s :: PUTon /api/booking/6a64e3137d10b87ba6ff9aad/bookingConfirm   404  26ms
2026/7/26   7:46:47s :: GETon /api/booking/6a64e3137d10b87ba6ff9aad/get-payment-details   200  52ms
2026/7/26   7:46:47s :: GETon /api/booking/6a64e3137d10b87ba6ff9aad   304  72ms
2026/7/26   7:46:51s :: PUTon /api/booking/6a64e3137d10b87ba6ff9aad/bookingConfirm   404  11ms
2026/7/26   7:52:28s :: PUTon /api/booking/6a64e3137d10b87ba6ff9aad/bookingConfirm   200  169ms
2026/7/26   7:52:37s :: GETon /api/booking/6a64e3137d10b87ba6ff9aad/get-payment-details   200  56ms
2026/7/26   7:52:37s :: GETon /api/booking/6a64e3137d10b87ba6ff9aad   304  84ms
2026/7/26   7:52:52s :: PUTon /api/booking/6a64e3137d10b87ba6ff9aad/bookingConfirm   200  36ms
2026/7/26   7:53:3s :: PUTon /api/booking/6a64e3137d10b87ba6ff9aad/bookingConfirm   200  34ms
2026/7/26   7:56:4s :: PUTon /api/booking/6a64e3137d10b87ba6ff9aad/bookingConfirm   200  32ms
2026/7/26   8:8:8s :: GETon /api/booking/6a64e3137d10b87ba6ff9aad/get-payment-details   200  92ms
2026/7/26   8:8:8s :: GETon /api/booking/6a64e3137d10b87ba6ff9aad   304  176ms
2026/7/26   8:8:24s :: PUTon /api/booking/6a64e3137d10b87ba6ff9aad/bookingConfirm   200  82ms
2026/7/26   8:8:34s :: GETon /api/booking/6a64e3137d10b87ba6ff9aad/get-payment-details   200  33ms
2026/7/26   8:8:34s :: GETon /api/booking/6a64e3137d10b87ba6ff9aad   200  53ms
2026/7/26   8:9:24s :: GETon /api/booking/6a64e3137d10b87ba6ff9aad/get-payment-details   200  28ms
2026/7/26   8:9:24s :: GETon /api/booking/6a64e3137d10b87ba6ff9aad   200  46ms
2026/7/26   8:15:38s :: GETon /api/booking/6a64e3137d10b87ba6ff9aad/get-payment-details   200  53ms
2026/7/26   8:15:38s :: GETon /api/booking/6a64e3137d10b87ba6ff9aad   304  92ms
2026/7/26   8:15:46s :: PUTon /api/booking/6a64e3137d10b87ba6ff9aad/bookingConfirm   200  31ms
2026/7/26   8:15:46s :: GETon /api/booking/6a64e3137d10b87ba6ff9aad   304  43ms
2026/7/26   8:17:22s :: GETon /api/booking/6a64e3137d10b87ba6ff9aad/get-payment-details   200  177ms
2026/7/26   8:17:22s :: GETon /api/booking/6a64e3137d10b87ba6ff9aad   304  249ms
2026/7/26   8:17:36s :: GETon /api/booking/6a64e3137d10b87ba6ff9aad/get-payment-details   200  68ms
2026/7/26   8:17:36s :: GETon /api/booking/6a64e3137d10b87ba6ff9aad   304  140ms
2026/7/26   8:19:5s :: GETon /api/booking/6a64e3137d10b87ba6ff9aad/get-payment-details   200  27ms
2026/7/26   8:19:5s :: GETon /api/booking/6a64e3137d10b87ba6ff9aad   304  53ms
2026/7/26   8:19:8s :: GETon /api/vehicle   200  58ms
2026/7/26   8:19:14s :: GETon /api/vehicle/6a1973a820b8a61cf1aabacd   200  23ms
2026/7/26   8:21:54s :: POSTon /api/booking   201  115ms
2026/7/26   8:21:54s :: GETon /api/booking/6a6572c67aba18c304fe2e70/get-payment-details   200  37ms
2026/7/26   8:21:54s :: GETon /api/booking/6a6572c67aba18c304fe2e70   200  66ms
2026/7/26   8:23:1s :: GETon /api/booking/confirm-payment?data=eyJ0cmFuc2FjdGlvbl9jb2RlIjoiMDAwR0E5TSIsInN0YXR1cyI6IkNPTVBMRVRFIiwidG90YWxfYW1vdW50IjoiMTIzLjAiLCJ0cmFuc2FjdGlvbl91dWlkIjoiNmE2NTcyYzY3YWJhMThjMzA0ZmUyZTcwLTE3ODUwMzM0MTQzOTAtMnEzNTU0eCIsInByb2R1Y3RfY29kZSI6IkVQQVlURVNUIiwic2lnbmVkX2ZpZWxkX25hbWVzIjoidHJhbnNhY3Rpb25fY29kZSxzdGF0dXMsdG90YWxfYW1vdW50LHRyYW5zYWN0aW9uX3V1aWQscHJvZHVjdF9jb2RlLHNpZ25lZF9maWVsZF9uYW1lcyIsInNpZ25hdHVyZSI6Ii9iR0oxMHdFY3g2U2pBRURET2ptYzY4TGU0ZEVtZkRYSEc2dW9iNTM3VHc9In0=   302  59ms
2026/7/26   8:23:3s :: GETon /api/booking/6a6572c67aba18c304fe2e70/get-payment-details   200  46ms
2026/7/26   8:23:3s :: GETon /api/booking/6a6572c67aba18c304fe2e70   200  69ms
2026/7/26   8:23:35s :: GETon /api/booking   200  120ms
2026/7/26   8:23:39s :: GETon /api/booking/6a6572c67aba18c304fe2e70/get-payment-details   200  14ms
2026/7/26   8:23:39s :: GETon /api/booking/6a6572c67aba18c304fe2e70   200  25ms
2026/7/26   8:23:46s :: PUTon /api/booking/6a6572c67aba18c304fe2e70/bookingConfirm   200  34ms
2026/7/26   8:23:46s :: GETon /api/booking/6a6572c67aba18c304fe2e70   200  29ms
2026/7/26   8:23:52s :: PUTon /api/booking/6a6572c67aba18c304fe2e70/bookingConfirm   200  32ms
2026/7/26   8:23:52s :: GETon /api/booking/6a6572c67aba18c304fe2e70   304  36ms
2026/7/26   8:23:53s :: PUTon /api/booking/6a6572c67aba18c304fe2e70/bookingConfirm   200  32ms
2026/7/26   8:23:53s :: GETon /api/booking/6a6572c67aba18c304fe2e70   304  40ms
2026/7/26   8:23:54s :: PUTon /api/booking/6a6572c67aba18c304fe2e70/bookingConfirm   200  37ms
2026/7/26   8:23:54s :: GETon /api/booking/6a6572c67aba18c304fe2e70   304  35ms
2026/7/26   8:24:4s :: GETon /api/booking/6a6572c67aba18c304fe2e70/get-payment-details   200  21ms
2026/7/26   8:24:4s :: GETon /api/booking/6a6572c67aba18c304fe2e70   200  32ms
2026/7/26   10:17:45s :: GETon /api/booking/6a6572c67aba18c304fe2e70/get-payment-details   200  267ms
2026/7/26   10:17:45s :: GETon /api/booking/6a6572c67aba18c304fe2e70   304  528ms
2026/7/26   11:59:51s :: GETon /api/booking/6a3a8c7d08261aafee7e0e0f/get-payment-details   200  54ms
2026/7/26   11:59:50s :: GETon /api/booking/6a3a8c7d08261aafee7e0e0f   304  96ms
2026/7/26   11:59:57s :: GETon /api/booking/6a3a8c7d08261aafee7e0e0f/get-payment-details   200  19ms
2026/7/26   11:59:57s :: GETon /api/booking/6a3a8c7d08261aafee7e0e0f   304  29ms
2026/7/26   12:0:2s :: GETon /api/booking/6a6572c67aba18c304fe2e70/get-payment-details   200  13ms
2026/7/26   12:0:2s :: GETon /api/booking/6a6572c67aba18c304fe2e70   304  23ms
2026/7/26   12:0:27s :: GETon /api/vehicle   200  64ms
2026/7/26   12:3:21s :: GETon /api/vehicle   304  14ms
2026/7/26   12:15:1s :: GETon /api/vehicle   304  27ms
2026/7/26   13:49:34s :: GETon /api/booking/6a3a8c7d08261aafee7e0e0f/get-payment-details   200  72ms
2026/7/26   13:49:34s :: GETon /api/booking/6a3a8c7d08261aafee7e0e0f   304  143ms
2026/7/26   13:50:11s :: GETon /api/vehicle   304  29ms
2026/7/26   13:50:14s :: GETon /api/booking   200  118ms
2026/7/26   13:51:12s :: GETon /api/booking   304  63ms
2026/7/26   17:1:2s :: GETon /api/vehicle   304  79ms
2026/7/26   17:4:1s :: GETon /api/vehicle   304  23ms
2026/7/26   17:13:56s :: GETon /api/vehicle   304  12ms
2026/7/26   17:14:4s :: GETon /api/vehicle   304  10ms
2026/7/26   17:14:14s :: GETon /api/vehicle   304  15ms
2026/7/26   17:14:27s :: GETon /api/vehicle   304  11ms
2026/7/26   17:15:24s :: GETon /api/vehicle   304  24ms
2026/7/26   17:29:15s :: GETon /api/vehicle   304  19ms
2026/7/26   17:32:10s :: GETon /api/vehicle   304  25ms
2026/7/26   17:38:10s :: GETon /api/booking   304  225ms
2026/7/26   17:38:16s :: GETon /api/vehicle   304  53ms
2026/7/26   18:1:37s :: GETon /api/vehicle   304  29ms
2026/7/26   18:12:34s :: GETon /api/vehicle   304  33ms
2026/7/26   18:16:16s :: GETon /api/vehicle   304  8ms
2026/7/26   18:19:58s :: GETon /api/vehicle   304  12ms
2026/7/26   18:20:4s :: POSTon /api/vehicle   500  28ms
2026/7/26   18:20:4s :: GETon /api/vehicle   304  31ms
2026/7/26   18:24:7s :: POSTon /api/vehicle   500  13ms
2026/7/26   18:24:8s :: GETon /api/vehicle   304  11ms
2026/7/26   19:3:12s :: POSTon /api/vehicle   500  139ms
2026/7/26   19:3:12s :: GETon /api/vehicle   304  63ms
2026/7/26   19:24:19s :: GETon /api/vehicle/   200  237ms
2026/7/26   19:24:40s :: POSTon /api/vehicle/   400  62ms
2026/7/26   19:25:30s :: POSTon /api/vehicle/   400  32ms
2026/7/26   19:25:53s :: POSTon /api/vehicle/   400  27ms
2026/7/26   19:26:13s :: POSTon /api/vehicle/   200  88ms
2026/7/26   19:38:46s :: GETon /api/vehicle   200  32ms
2026/7/26   19:38:47s :: POSTon /api/vehicle   500  5ms
2026/7/26   19:38:48s :: GETon /api/vehicle   304  20ms
2026/7/26   19:40:13s :: POSTon /api/vehicle   500  20ms
2026/7/26   19:40:14s :: GETon /api/vehicle   304  31ms
2026/7/26   19:40:16s :: POSTon /api/vehicle   500  20ms
2026/7/26   19:40:16s :: GETon /api/vehicle   304  33ms
2026/7/26   19:40:19s :: GETon /api/vehicle   304  14ms
2026/7/26   19:40:21s :: POSTon /api/vehicle   500  16ms
2026/7/26   19:40:22s :: GETon /api/vehicle   304  15ms
2026/7/26   19:47:24s :: GETon /api/vehicle   304  23ms
2026/7/26   19:47:32s :: POSTon /api/vehicle   500  18ms
2026/7/26   19:47:32s :: GETon /api/vehicle   304  19ms
2026/7/26   19:50:1s :: GETon /api/vehicle   304  14ms
2026/7/26   19:50:2s :: POSTon /api/vehicle   500  8ms
2026/7/26   19:50:3s :: GETon /api/vehicle   304  7ms
2026/7/26   19:50:31s :: POSTon /api/vehicle   500  15ms
2026/7/26   19:50:31s :: GETon /api/vehicle   304  24ms
2026/7/26   19:56:0s :: GETon /api/vehicle   304  178ms
2026/7/26   19:56:3s :: POSTon /api/vehicle   200  144ms
2026/7/26   19:56:3s :: GETon /api/vehicle   200  43ms
2026/7/26   20:1:52s :: POSTon /api/vehicle   404  43ms
2026/7/26   20:1:52s :: GETon /api/vehicle   304  39ms
2026/7/27   8:24:17s :: GETon /api/vehicle   304  399ms
2026/7/27   8:26:38s :: GETon /api/booking/6a3a8c7d08261aafee7e0e0f/get-payment-details   200  69ms
2026/7/27   8:26:38s :: GETon /api/booking/6a3a8c7d08261aafee7e0e0f   304  124ms
2026/7/27   8:27:3s :: GETon /api/vehicle   200  81ms
2026/7/27   8:27:55s :: GETon /api/vehicle/69c5ed7b192665c2c1779cb7   304  25ms
2026/7/27   8:28:22s :: POSTon /api/booking   201  159ms
2026/7/27   8:28:23s :: GETon /api/booking/6a66c5cb4c77897568f1ca7b/get-payment-details   200  39ms
2026/7/27   8:28:23s :: GETon /api/booking/6a66c5cb4c77897568f1ca7b   200  74ms
2026/7/27   8:30:13s :: GETon /api/vehicle   304  56ms
2026/7/27   8:30:17s :: GETon /api/vehicle/69c5ed7b192665c2c1779cb7   304  24ms
2026/7/27   8:30:54s :: POSTon /api/booking   201  59ms
2026/7/27   8:30:55s :: GETon /api/booking/6a66c6624c77897568f1ca8a/get-payment-details   200  45ms
2026/7/27   8:30:55s :: GETon /api/booking/6a66c6624c77897568f1ca8a   200  79ms
2026/7/27   8:31:14s :: GETon /api/booking/6a66c6624c77897568f1ca8a/get-payment-details   200  55ms
2026/7/27   8:31:14s :: GETon /api/booking/6a66c6624c77897568f1ca8a   304  98ms
2026/7/27   8:31:56s :: GETon /api/booking/6a66c6624c77897568f1ca8a/get-payment-details   200  81ms
2026/7/27   8:31:56s :: GETon /api/booking/6a66c6624c77897568f1ca8a   304  163ms
2026/7/27   8:36:28s :: GETon /api/booking/6a66c6624c77897568f1ca8a/get-payment-details   200  30ms
2026/7/27   8:36:28s :: GETon /api/booking/6a66c6624c77897568f1ca8a   304  51ms
2026/7/27   8:37:22s :: GETon /api/booking/6a66c6624c77897568f1ca8a/get-payment-details   200  27ms
2026/7/27   8:37:22s :: GETon /api/booking/6a66c6624c77897568f1ca8a   304  42ms
2026/7/27   9:18:13s :: GETon /api/nagarikta/mystatus   304  139ms
2026/7/27   9:18:48s :: POSTon /api/uploads   200  4452ms
2026/7/27   9:18:53s :: POSTon /api/uploads   200  1575ms
2026/7/27   9:18:54s :: POSTon /api/nagarikta   409  15ms
2026/7/27   9:18:54s :: GETon /api/nagarikta/mystatus   304  16ms
2026/7/27   9:26:51s :: POSTon /api/uploads   200  11906ms
2026/7/27   9:27:3s :: POSTon /api/license   201  90ms
2026/7/27   16:55:34s :: GETon /api/booking/6a3353210dc3ba292b82adf5   404  67ms
2026/7/27   16:55:34s :: GETon /api/booking/6a3353210dc3ba292b82adf5/get-payment-details   404  51ms
2026/7/27   17:0:16s :: POSTon /api/uploads   200  69387ms
2026/7/27   17:1:26s :: POSTon /api/license   403  22ms
2026/7/27   17:1:36s :: POSTon /api/uploads   200  5003ms
2026/7/27   17:1:41s :: POSTon /api/license   403  19ms
2026/7/27   17:4:30s :: POSTon /api/uploads   200  6650ms
2026/7/27   17:4:37s :: POSTon /api/license   500  98ms
2026/7/27   17:5:38s :: POSTon /api/uploads   200  7464ms
2026/7/27   17:5:46s :: POSTon /api/license   201  105ms
2026/7/27   17:8:46s :: POSTon /api/uploads   200  2661ms
2026/7/27   17:8:49s :: POSTon /api/license   201  24ms
2026/7/27   17:32:59s :: POSTon /api/uploads   200  3847ms
2026/7/27   17:33:3s :: POSTon /api/license   400  48ms
2026/7/27   17:34:7s :: POSTon /api/uploads   200  6552ms
2026/7/27   17:34:14s :: POSTon /api/license   400  15ms
2026/7/27   17:36:3s :: POSTon /api/uploads   200  3626ms
2026/7/27   17:36:6s :: POSTon /api/license   500  126ms
2026/7/27   17:39:49s :: POSTon /api/uploads   200  29971ms
2026/7/27   17:40:19s :: POSTon /api/license   409  138ms
2026/7/27   17:47:27s :: POSTon /api/uploads   200  3445ms
2026/7/27   17:47:31s :: POSTon /api/license   400  49ms
2026/7/27   17:48:2s :: POSTon /api/uploads   200  3193ms
2026/7/27   17:48:5s :: POSTon /api/license   400  54ms
2026/7/27   17:49:6s :: POSTon /api/uploads   200  4846ms
2026/7/27   17:49:11s :: POSTon /api/license   400  69ms
2026/7/27   17:50:29s :: GETon /api/vehicle   304  73ms
2026/7/27   17:52:10s :: POSTon /api/auth/register   201  462ms
2026/7/27   17:52:11s :: GETon /api/vehicle   304  26ms
2026/7/27   17:52:25s :: GETon /api/vehicle   304  12ms
2026/7/27   17:52:35s :: GETon /api/vehicle/69cd3d3786e74125f33da519   304  22ms
2026/7/27   17:53:10s :: GETon /api/nagarikta/mystatus   404  12ms
2026/7/27   17:56:22s :: POSTon /api/uploads   200  4320ms
2026/7/27   17:56:26s :: POSTon /api/uploads   200  1931ms
2026/7/27   17:56:28s :: POSTon /api/nagarikta   201  60ms
2026/7/27   17:56:28s :: GETon /api/nagarikta/mystatus   200  12ms
2026/7/27   17:58:51s :: POSTon /api/uploads   200  2160ms
2026/7/27   17:58:53s :: POSTon /api/license   201  54ms
2026/7/27   17:59:19s :: POSTon /api/booking   201  78ms
2026/7/27   17:59:19s :: GETon /api/booking/6a674b9b52c52e1c75469497/get-payment-details   200  18ms
2026/7/27   17:59:19s :: GETon /api/booking/6a674b9b52c52e1c75469497   200  34ms
2026/7/27   17:59:35s :: GETon /api/vehicle   304  20ms
2026/7/27   18:0:0s :: GETon /api/vehicle/6a1973a820b8a61cf1aabacd   200  10ms
2026/7/27   18:0:35s :: GETon /api/nagarikta/mystatus   304  14ms
2026/7/27   18:1:24s :: POSTon /api/uploads   200  4488ms
2026/7/27   18:1:29s :: POSTon /api/license   400  25ms
2026/7/27   18:1:46s :: POSTon /api/uploads   200  3428ms
2026/7/27   18:1:49s :: POSTon /api/license   400  19ms
2026/7/27   18:2:7s :: POSTon /api/uploads   200  3015ms
2026/7/27   18:2:10s :: POSTon /api/license   409  74ms
2026/7/27   18:10:12s :: POSTon /api/uploads   200  4325ms
2026/7/27   18:10:17s :: POSTon /api/license   200  100ms
2026/7/28   9:12:52s :: POSTon /api/booking   201  220ms
2026/7/28   9:12:52s :: GETon /api/booking/6a6821b8522fad5ad6131412/get-payment-details   200  73ms
2026/7/28   9:12:52s :: GETon /api/booking/6a6821b8522fad5ad6131412   200  120ms
2026/7/28   9:13:14s :: GETon /api/vehicle   304  64ms
2026/7/28   9:13:33s :: GETon /api/booking/mybooking   200  18ms
2026/7/28   9:15:30s :: GETon /api/booking/6a674b9b52c52e1c75469497/get-payment-details   200  34ms
2026/7/28   9:15:30s :: GETon /api/booking/6a674b9b52c52e1c75469497   200  64ms
2026/7/28   9:23:1s :: GETon /api/nagarikta/mystatus   304  63ms
2026/7/28   17:41:21s :: GETon /api/nagarikta/mystatus   304  20ms
2026/7/28   17:41:27s :: GETon /api/nagarikta/mystatus   304  24ms
2026/7/28   17:41:58s :: POSTon /api/uploads   200  3808ms
2026/7/28   17:42:2s :: POSTon /api/uploads   200  1456ms
2026/7/28   17:42:3s :: POSTon /api/nagarikta   409  26ms
2026/7/28   17:42:4s :: GETon /api/nagarikta/mystatus   304  32ms
2026/7/28   17:47:4s :: POSTon /api/uploads   500  7953ms
2026/7/28   17:52:13s :: POSTon /api/uploads   200  2287ms
2026/7/28   17:52:16s :: POSTon /api/uploads   200  1216ms
2026/7/28   17:52:17s :: POSTon /api/nagarikta   409  11ms
2026/7/28   17:52:17s :: GETon /api/nagarikta/mystatus   304  16ms
2026/7/28   17:52:37s :: POSTon /api/uploads   200  2253ms
2026/7/28   17:52:40s :: POSTon /api/uploads   200  1436ms
2026/7/28   17:52:41s :: POSTon /api/nagarikta   201  116ms
2026/7/28   17:52:41s :: GETon /api/nagarikta/mystatus   304  21ms
2026/7/28   17:54:31s :: GETon /api/nagarikta/mystatus   200  11ms
2026/7/28   17:55:44s :: GETon /api/nagarikta/mystatus   304  9ms
2026/7/28   17:58:52s :: GETon /api/vehicle   304  85ms
2026/7/28   17:59:3s :: GETon /api/vehicle/6a1973a820b8a61cf1aabacd   304  55ms
2026/7/28   17:59:11s :: GETon /api/vehicle   304  60ms
2026/7/28   17:59:14s :: GETon /api/vehicle/69c5ed4b192665c2c1779cad   200  18ms
2026/7/28   17:59:47s :: GETon /api/vehicle   304  44ms
2026/7/28   17:59:59s :: GETon /api/booking/mybooking   304  64ms
2026/7/28   18:22:12s :: GETon /api/booking/mybooking   304  101ms
2026/7/28   18:22:13s :: GETon /api/nagarikta/mystatus   304  10ms
2026/7/28   18:22:27s :: GETon /api/nagarikta/mystatus   304  11ms
2026/7/28   18:30:18s :: GETon /api/nagarikta/mystatus   304  26ms
2026/7/28   18:30:18s :: GETon /api/nagarikta/mystatus   304  31ms
2026/7/28   18:31:18s :: POSTon /api/uploads   200  2389ms
2026/7/28   18:31:21s :: POSTon /api/uploads   200  1288ms
2026/7/28   18:31:22s :: POSTon /api/nagarikta   409  26ms
2026/7/28   18:31:22s :: GETon /api/nagarikta/mystatus   304  27ms
2026/7/28   18:31:33s :: POSTon /api/uploads   200  2174ms
2026/7/28   18:31:35s :: POSTon /api/uploads   200  1487ms
2026/7/28   18:31:37s :: POSTon /api/nagarikta   409  21ms
2026/7/28   18:31:37s :: GETon /api/nagarikta/mystatus   304  20ms
2026/7/28   18:33:37s :: POSTon /api/uploads   200  2335ms
2026/7/28   18:33:40s :: POSTon /api/uploads   200  1036ms
2026/7/28   18:33:41s :: POSTon /api/nagarikta   409  24ms
2026/7/28   18:33:41s :: GETon /api/nagarikta/mystatus   304  16ms
2026/7/28   18:34:49s :: POSTon /api/uploads   200  2104ms
2026/7/28   18:34:51s :: POSTon /api/uploads   200  1078ms
2026/7/28   18:34:52s :: POSTon /api/nagarikta   409  25ms
2026/7/28   18:34:52s :: GETon /api/nagarikta/mystatus   304  22ms
2026/7/28   18:35:21s :: POSTon /api/uploads   200  2285ms
2026/7/28   18:35:24s :: POSTon /api/uploads   200  1106ms
2026/7/28   18:35:25s :: POSTon /api/nagarikta   409  10ms
2026/7/28   18:35:25s :: GETon /api/nagarikta/mystatus   304  12ms
2026/7/28   18:45:23s :: POSTon /api/uploads   200  9144ms
2026/7/28   18:45:32s :: POSTon /api/uploads   200  19071ms
2026/7/28   18:45:51s :: POSTon /api/nagarikta   409  23ms
2026/7/28   18:45:52s :: GETon /api/nagarikta/mystatus   304  24ms
2026/7/28   18:46:0s :: POSTon /api/uploads   500  5042ms
2026/7/28   18:46:32s :: GETon /api/nagarikta/mystatus   304  16ms
2026/7/28   18:47:8s :: POSTon /api/uploads   200  5883ms
2026/7/28   18:47:14s :: POSTon /api/uploads   200  1500ms
2026/7/28   18:47:15s :: POSTon /api/nagarikta   409  22ms
2026/7/28   18:47:15s :: GETon /api/nagarikta/mystatus   304  25ms
2026/7/28   18:47:42s :: POSTon /api/uploads   200  3342ms
2026/7/28   18:47:45s :: POSTon /api/uploads   200  1413ms
2026/7/28   18:47:47s :: POSTon /api/nagarikta   201  81ms
2026/7/28   18:47:47s :: GETon /api/nagarikta/mystatus   304  16ms
2026/7/28   18:49:16s :: GETon /api/nagarikta/mystatus   304  17ms
2026/7/28   18:53:58s :: GETon /api/nagarikta/mystatus   304  20ms
2026/7/28   18:54:21s :: POSTon /api/uploads   200  2367ms
2026/7/28   18:54:23s :: POSTon /api/uploads   200  1024ms
2026/7/28   18:54:24s :: POSTon /api/nagarikta   409  28ms
2026/7/28   18:54:24s :: GETon /api/nagarikta/mystatus   304  20ms
2026/7/28   18:54:45s :: POSTon /api/uploads   200  2073ms
2026/7/28   18:54:47s :: POSTon /api/uploads   200  1418ms
2026/7/28   18:54:48s :: POSTon /api/nagarikta   409  24ms
2026/7/28   18:54:48s :: GETon /api/nagarikta/mystatus   304  12ms
2026/7/28   18:55:12s :: POSTon /api/uploads   200  2331ms
2026/7/28   18:55:15s :: POSTon /api/uploads   200  1285ms
2026/7/28   18:55:16s :: POSTon /api/nagarikta   201  39ms
2026/7/28   18:55:16s :: GETon /api/nagarikta/mystatus   304  12ms
2026/7/28   18:56:21s :: POSTon /api/uploads   200  2558ms
2026/7/28   18:56:24s :: POSTon /api/license   400  21ms
2026/7/28   18:57:0s :: POSTon /api/uploads   200  2163ms
2026/7/28   18:57:2s :: POSTon /api/license   400  28ms
2026/7/28   18:57:50s :: GETon /api/nagarikta/mystatus   304  13ms
2026/7/28   18:57:54s :: GETon /api/vehicle   304  22ms
2026/7/28   18:57:59s :: GETon /api/booking   200  117ms
2026/7/28   18:58:13s :: POSTon /api/vehicle   404  26ms
2026/7/28   18:58:13s :: GETon /api/vehicle   304  29ms
2026/7/28   19:7:12s :: GETon /api/vehicle   304  15ms
2026/7/28   19:10:21s :: GETon /api/vehicle   304  56ms
2026/7/28   19:16:35s :: GETon /api/vehicle   304  43ms
2026/7/28   19:29:8s :: GETon /api/nagarikta   200  81ms
2026/7/28   19:42:1s :: GETon /api/nagarikta   304  189ms
2026/7/28   19:49:34s :: GETon /api/nagarikta   304  47ms
2026/7/28   19:52:40s :: GETon /api/nagarikta   304  23ms
2026/7/28   20:8:21s :: GETon /api/booking   304  229ms
2026/7/28   20:8:30s :: GETon /api/vehicle   304  92ms
2026/7/28   20:8:39s :: GETon /api/nagarikta   304  50ms
2026/7/28   20:8:46s :: GETon /api/vehicle   304  42ms
2026/7/28   20:8:50s :: GETon /api/booking   304  100ms
2026/7/28   20:8:57s :: GETon /api/vehicle   304  57ms
2026/7/28   20:9:1s :: GETon /api/nagarikta   304  55ms
2026/7/28   20:10:12s :: GETon /api/booking   304  116ms
2026/7/28   20:10:18s :: GETon /api/booking/6a3a95b244b7b2d611cc0b25/get-payment-details   200  49ms
2026/7/28   20:10:18s :: GETon /api/booking/6a3a95b244b7b2d611cc0b25   200  110ms
2026/7/28   20:10:21s :: PUTon /api/booking/6a3a95b244b7b2d611cc0b25/bookingConfirm   200  112ms
2026/7/28   20:10:21s :: GETon /api/booking/6a3a95b244b7b2d611cc0b25   200  34ms
2026/7/28   20:10:31s :: GETon /api/booking   200  92ms
2026/7/28   20:11:44s :: GETon /api/booking/6a3fe3b2bb9b553fbff1ab27/get-payment-details   200  41ms
2026/7/28   20:11:44s :: GETon /api/booking/6a3fe3b2bb9b553fbff1ab27   200  70ms
2026/7/28   20:11:46s :: PUTon /api/booking/6a3fe3b2bb9b553fbff1ab27/bookingConfirm   200  26ms
2026/7/28   20:11:46s :: GETon /api/booking/6a3fe3b2bb9b553fbff1ab27   200  30ms
2026/7/28   20:11:55s :: GETon /api/vehicle   304  37ms
2026/7/28   20:18:12s :: GETon /api/nagarikta   304  22ms
2026/7/28   20:26:31s :: GETon /api/nagarikta   304  13ms
2026/7/28   20:26:50s :: GETon /api/nagarikta   304  17ms
2026/7/28   20:27:21s :: GETon /api/nagarikta   304  10ms
2026/7/29   7:35:13s :: GETon /api/nagarikta   304  397ms
2026/7/29   7:35:22s :: GETon /api/nagarikta   304  38ms
2026/7/29   7:37:32s :: GETon /api/vehicle   304  64ms
2026/7/29   7:37:39s :: GETon /api/booking   200  119ms
2026/7/29   7:37:53s :: GETon /api/nagarikta   304  47ms
2026/7/29   7:38:7s :: GETon /api/vehicle   304  49ms
2026/7/29   7:49:19s :: GETon /api/nagarikta/mystatus   304  101ms
2026/7/29   7:56:45s :: GETon /api/vehicle   304  67ms
2026/7/29   7:56:50s :: GETon /api/vehicle/69c5ed7b192665c2c1779cb7   304  29ms
2026/7/29   7:57:29s :: GETon /api/nagarikta/mystatus   304  14ms
2026/7/29   7:59:37s :: GETon /api/vehicle   304  32ms
2026/7/29   7:59:43s :: GETon /api/nagarikta   304  53ms
2026/7/29   8:1:12s :: GETon /api/nagarikta/mystatus   304  20ms
2026/7/29   8:2:17s :: GETon /api/nagarikta/mystatus   304  26ms
2026/7/29   8:17:2s :: GETon /api/nagarikta   304  177ms
2026/7/29   8:17:4s :: GETon /api/booking   304  151ms
2026/7/29   8:17:7s :: GETon /api/booking/6a3a8c7d08261aafee7e0e0f/get-payment-details   200  37ms
2026/7/29   8:17:7s :: GETon /api/booking/6a3a8c7d08261aafee7e0e0f   304  54ms
2026/7/29   8:17:38s :: PUTon /api/booking/6a3a8c7d08261aafee7e0e0f/bookingConfirm   200  153ms
2026/7/29   8:17:38s :: GETon /api/booking/6a3a8c7d08261aafee7e0e0f   200  43ms
2026/7/29   8:36:28s :: GETon /api/nagarikta   304  98ms
2026/7/29   11:26:8s :: GETon /api/vehicle   304  65ms
2026/7/29   11:26:18s :: GETon /api/booking/mybooking   304  59ms
2026/7/29   11:32:26s :: GETon /api/vehicle   304  25ms
2026/7/29   11:32:45s :: GETon /api/nagarikta   304  42ms
2026/7/29   11:34:28s :: GETon /api/vehicle   304  51ms
2026/7/29   11:34:32s :: GETon /api/nagarikta   304  28ms
2026/7/29   11:36:36s :: GETon /api/nagarikta   304  13ms
2026/7/29   11:38:4s :: GETon /api/vehicle   304  40ms
2026/7/29   11:38:8s :: GETon /api/nagarikta   304  48ms
2026/7/29   12:14:7s :: GETon /api/vehicle   304  56ms
2026/7/29   12:21:0s :: POSTon /api/vehicle/   401  6ms
2026/7/29   17:59:45s :: GETon /api/vehicle   304  57ms
2026/7/29   18:0:0s :: GETon /api/vehicle/69e71bd09b85cb04b20e1ffc   200  52ms
2026/7/29   18:0:56s :: POSTon /api/booking   201  192ms
2026/7/29   18:0:56s :: GETon /api/booking/6a69eefcd95db9452aa5cadd/get-payment-details   200  50ms
2026/7/29   18:0:56s :: GETon /api/booking/6a69eefcd95db9452aa5cadd   200  96ms
2026/7/29   18:1:26s :: GETon /api/vehicle   304  33ms
2026/7/29   18:1:30s :: GETon /api/vehicle/69e71bd09b85cb04b20e1ffc   304  19ms
2026/7/29   18:2:3s :: GETon /api/nagarikta/mystatus   304  20ms
2026/7/29   18:2:41s :: POSTon /api/uploads   200  3489ms
2026/7/29   18:2:45s :: POSTon /api/uploads   200  1553ms
2026/7/29   18:2:46s :: POSTon /api/nagarikta   409  13ms
2026/7/29   18:2:46s :: GETon /api/nagarikta/mystatus   304  15ms
2026/7/29   18:3:40s :: POSTon /api/uploads   200  4835ms
2026/7/29   18:3:45s :: POSTon /api/uploads   200  42747ms
2026/7/29   18:4:28s :: POSTon /api/nagarikta   409  29ms
2026/7/29   18:4:28s :: GETon /api/nagarikta/mystatus   304  26ms
2026/7/29   18:9:30s :: GETon /api/nagarikta/mystatus   304  17ms
2026/7/29   18:10:52s :: POSTon /api/uploads   200  4946ms
2026/7/29   18:10:57s :: POSTon /api/license   400  25ms
2026/7/29   18:58:27s :: GETon /api/nagarikta/mystatus   200  59ms
2026/7/29   19:2:24s :: GETon /api/nagarikta/mystatus   304  49ms
2026/7/29   19:13:48s :: POSTon /api/uploads   200  2625ms
2026/7/29   19:13:51s :: POSTon /api/uploads   200  1208ms
2026/7/29   19:13:52s :: POSTon /api/nagarikta   200  169ms
2026/7/29   19:13:52s :: GETon /api/nagarikta/mystatus   304  58ms
2026/7/29   19:14:13s :: GETon /api/nagarikta/mystatus   304  31ms
2026/7/29   19:14:43s :: POSTon /api/uploads   200  2301ms
2026/7/29   19:14:46s :: POSTon /api/uploads   200  1085ms
2026/7/29   19:14:47s :: POSTon /api/nagarikta   400  18ms
2026/7/29   19:14:47s :: GETon /api/nagarikta/mystatus   304  18ms
2026/7/29   19:16:19s :: POSTon /api/uploads   200  1998ms
2026/7/29   19:16:21s :: POSTon /api/uploads   200  1160ms
2026/7/29   19:16:22s :: POSTon /api/nagarikta   200  52ms
2026/7/29   19:16:22s :: GETon /api/nagarikta/mystatus   304  23ms
2026/7/29   19:29:33s :: GETon /api/nagarikta/mystatus   304  12ms
2026/7/29   19:31:58s :: POSTon /api/uploads   200  2348ms
2026/7/29   19:32:0s :: POSTon /api/uploads   200  1135ms
2026/7/29   19:32:1s :: POSTon /api/nagarikta   200  43ms
2026/7/29   19:32:1s :: GETon /api/nagarikta/mystatus   304  26ms
2026/7/29   19:32:32s :: GETon /api/vehicle   304  33ms
2026/7/29   19:32:36s :: GETon /api/nagarikta   200  55ms
2026/7/30   6:13:44s :: GETon /api/vehicle   304  58ms
2026/7/30   6:14:46s :: GETon /api/vehicle   304  28ms
2026/7/30   6:14:50s :: GETon /api/nagarikta   401  3ms
2026/7/30   6:15:1s :: GETon /api/booking   401  5ms
2026/7/30   6:15:7s :: GETon /api/vehicle   304  22ms
2026/7/30   6:15:17s :: GETon /api/nagarikta   401  2ms
2026/7/30   6:15:19s :: GETon /api/vehicle   304  12ms
2026/7/30   6:15:28s :: GETon /api/booking   401  3ms
2026/7/30   6:23:5s :: GETon /api/vehicle   304  29ms
2026/7/30   6:23:31s :: POSTon /api/auth/login   200  214ms
2026/7/30   6:23:32s :: GETon /api/vehicle   304  21ms
2026/7/30   6:23:45s :: GETon /api/booking   200  158ms
2026/7/30   6:23:59s :: GETon /api/nagarikta   304  48ms
2026/7/30   7:7:51s :: GETon /api/vehicle   304  78ms
2026/7/30   7:8:0s :: GETon /api/nagarikta   304  114ms
2026/7/30   7:8:24s :: GETon /api/nagarikta/search?nagariktaNumber=32-32   500  25ms
2026/7/30   7:8:46s :: GETon /api/nagarikta/search?nagariktaNumber=32-32-23-232114   500  8ms
2026/7/30   7:12:36s :: GETon /api/nagarikta   304  160ms
2026/7/30   7:12:51s :: GETon /api/nagarikta/search?nagariktaNumber=12-12-12-98763   200  23ms
2026/7/30   7:13:28s :: GETon /api/nagarikta   304  23ms
2026/7/30   7:26:14s :: GETon /api/vehicle   304  76ms
2026/7/30   7:26:21s :: GETon /api/vehicle   304  15ms
2026/7/30   7:26:23s :: GETon /api/booking   304  105ms
2026/7/30   7:26:33s :: GETon /api/nagarikta   304  48ms
2026/7/30   7:29:18s :: GETon /api/nagarikta   304  42ms
2026/7/30   7:29:20s :: GETon /api/nagarikta/6a3a8bff08261aafee7e0e03   200  30ms
2026/7/30   7:29:32s :: PUTon /api/nagarikta/6a3a8bff08261aafee7e0e03/verify   200  80ms
2026/7/30   7:29:32s :: GETon /api/nagarikta/6a3a8bff08261aafee7e0e03   200  38ms
2026/7/30   7:29:41s :: GETon /api/nagarikta   200  38ms
2026/7/30   7:29:46s :: GETon /api/nagarikta/6a3fe2f4bb9b553fbff1ab1b   200  31ms
2026/7/30   7:33:3s :: GETon /api/nagarikta   304  29ms
2026/7/30   11:6:26s :: GETon /api/vehicle   304  21ms
2026/7/30   11:6:43s :: GETon /api/vehicle   304  42ms
2026/7/30   11:6:44s :: GETon /api/nagarikta   304  53ms
2026/7/30   11:6:53s :: GETon /api/nagarikta/6a68aa387467f985b2ad5b1c   200  26ms
2026/7/30   11:7:0s :: PUTon /api/nagarikta/6a68aa387467f985b2ad5b1c/verify   200  28ms
2026/7/30   11:7:1s :: GETon /api/nagarikta/6a68aa387467f985b2ad5b1c   200  32ms
2026/7/30   11:7:8s :: GETon /api/nagarikta   200  39ms
2026/7/30   11:8:50s :: GETon /api/nagarikta/mystatus   304  10ms
2026/7/30   11:9:45s :: POSTon /api/uploads   500  375ms
2026/7/30   11:9:54s :: POSTon /api/uploads   500  72ms
2026/7/30   11:10:50s :: GETon /api/nagarikta/6a3a8bff08261aafee7e0e03   304  28ms
2026/7/30   11:11:8s :: GETon /api/nagarikta   304  41ms
2026/7/30   11:11:59s :: GETon /api/nagarikta/6a3fe2f4bb9b553fbff1ab1b   304  26ms
2026/7/30   11:18:29s :: GETon /api/nagarikta   304  33ms
2026/7/30   11:18:32s :: GETon /api/nagarikta/6a674af052c52e1c7546948a   200  31ms
2026/7/30   11:23:27s :: GETon /api/nagarikta/6a674af052c52e1c7546948a   304  13ms
2026/7/30   11:23:29s :: GETon /api/vehicle   304  31ms
2026/7/30   11:23:36s :: GETon /api/nagarikta   304  49ms
2026/7/30   11:23:55s :: GETon /api/nagarikta/6a3fe2f4bb9b553fbff1ab1b   304  25ms
2026/7/30   11:32:25s :: GETon /api/nagarikta/6a3fe2f4bb9b553fbff1ab1b   304  156ms
2026/7/30   11:34:19s :: GETon /api/nagarikta/6a3fe2f4bb9b553fbff1ab1b   304  37ms
2026/7/30   11:34:22s :: PUTon /api/nagarikta/6a3fe2f4bb9b553fbff1ab1b/verify   200  74ms
2026/7/30   11:34:22s :: GETon /api/nagarikta/6a3fe2f4bb9b553fbff1ab1b   200  44ms
2026/7/30   11:35:36s :: GETon /api/nagarikta   200  58ms
2026/7/30   11:35:39s :: GETon /api/nagarikta/6a4f8414fef5fd23f87468b6   200  32ms
2026/7/30   11:35:41s :: PUTon /api/nagarikta/6a4f8414fef5fd23f87468b6/verify   200  32ms
2026/7/30   11:35:41s :: GETon /api/nagarikta/6a4f8414fef5fd23f87468b6   200  32ms
2026/7/30   11:39:2s :: GETon /api/nagarikta   200  47ms
2026/7/30   11:40:5s :: GETon /api/nagarikta/search?nagariktaNumber=32-32-23-23214   200  12ms
2026/7/30   11:41:18s :: GETon /api/nagarikta   304  25ms
2026/7/30   11:41:24s :: GETon /api/nagarikta/search?nagariktaNumber=12   404  19ms
2026/7/30   11:41:36s :: GETon /api/nagarikta/search?nagariktaNumber=12-12-12-98765   200  22ms
2026/7/31   16:13:35s :: GETon /api/vehicle   304  107ms
2026/7/31   16:13:38s :: GETon /api/nagarikta   304  128ms
2026/7/31   16:13:44s :: GETon /api/nagarikta/6a4f8414fef5fd23f87468b6   304  37ms
2026/7/31   17:42:4s :: GETon /api/license   500  94ms
2026/7/31   17:42:22s :: GETon /api/license   500  33ms
2026/7/31   17:44:3s :: GETon /api/license   500  17ms
2026/7/31   17:44:19s :: GETon /api/license   500  12ms
2026/7/31   17:44:20s :: GETon /api/license   500  12ms
2026/7/31   17:44:33s :: GETon /api/license   500  10ms
2026/7/31   17:51:21s :: GETon /api/license   500  119ms
2026/7/31   17:51:25s :: GETon /api/license   500  17ms
2026/7/31   17:51:47s :: GETon /api/license   500  15ms
2026/7/31   17:51:50s :: GETon /api/license   500  29ms
2026/7/31   17:52:3s :: GETon /api/license   500  12ms
2026/7/31   17:52:7s :: GETon /api/license   500  15ms
2026/7/31   17:53:35s :: GETon /api/vehicle   304  59ms
2026/7/31   17:58:28s :: GETon /api/license   500  174ms
2026/7/31   17:58:57s :: GETon /api/license   500  37ms
2026/7/31   17:58:59s :: GETon /api/license   500  27ms
2026/7/31   17:59:4s :: GETon /api/license   500  18ms
2026/7/31   18:9:34s :: GETon /api/license   500  92ms
2026/7/31   18:12:5s :: GETon /api/license   500  10ms
2026/7/31   18:12:6s :: GETon /api/license   500  23ms
2026/7/31   18:12:13s :: GETon /api/license   500  14ms
2026/7/31   18:13:10s :: GETon /api/license   200  158ms
2026/7/31   18:14:28s :: GETon /api/nagarikta   304  88ms
2026/7/31   18:16:19s :: GETon /api/nagarikta   304  60ms
2026/7/31   18:16:33s :: GETon /api/license   304  28ms
2026/7/31   18:16:55s :: GETon /api/nagarikta   304  18ms
2026/7/31   18:18:53s :: GETon /api/nagarikta   304  41ms
2026/7/31   18:19:11s :: GETon /api/nagarikta   304  51ms
2026/7/31   18:29:41s :: GETon /api/nagarikta   304  41ms
2026/7/31   18:33:17s :: GETon /api/nagarikta   304  45ms
2026/7/31   18:33:19s :: GETon /api/nagarikta/6a3a8bff08261aafee7e0e03   304  27ms
2026/7/31   18:33:31s :: GETon /api/license   304  44ms
2026/7/31   18:51:37s :: GETon /api/license   304  24ms
2026/7/31   18:51:39s :: GETon /api/license/6a3a8c4108261aafee7e0e09   200  32ms
2026/7/31   18:51:51s :: PUTon /api/license/6a3a8c4108261aafee7e0e09/verify   200  88ms
2026/7/31   18:51:51s :: GETon /api/license/6a3a8c4108261aafee7e0e09   304  27ms
2026/7/31   18:51:55s :: GETon /api/license   200  40ms
2026/7/31   18:51:59s :: GETon /api/license/6a3fe3a0bb9b553fbff1ab21   200  28ms
2026/7/31   18:52:7s :: GETon /api/license/6a674b8152c52e1c75469491   200  28ms
2026/7/31   18:55:12s :: GETon /api/license   304  45ms
2026/7/31   18:55:32s :: GETon /api/license/6a6452af7fb36f2ac489966e   200  32ms
2026/7/31   18:57:44s :: GETon /api/license   304  44ms
2026/7/31   18:57:47s :: GETon /api/license/6a3a8c4108261aafee7e0e09   304  24ms
2026/7/31   18:58:5s :: GETon /api/license   304  48ms
2026/7/31   18:58:9s :: GETon /api/license/6a673f0e4ab68e655c25eb91   200  26ms
2026/7/31   18:58:30s :: GETon /api/license   304  38ms
2026/7/31   19:1:54s :: GETon /api/license/6a674b8152c52e1c75469491   304  13ms
2026/7/31   19:1:59s :: PUTon /api/license/6a674b8152c52e1c75469491/verify   200  46ms
2026/7/31   19:1:59s :: GETon /api/license/6a674b8152c52e1c75469491   304  25ms
2026/7/31   19:2:9s :: GETon /api/license   200  39ms
2026/7/31   19:4:38s :: GETon /api/license   304  20ms
2026/7/31   19:4:43s :: GETon /api/license/6a3fe3a0bb9b553fbff1ab21   304  24ms
2026/7/31   19:4:46s :: PUTon /api/license/6a3fe3a0bb9b553fbff1ab21/verify   200  33ms
2026/7/31   19:4:46s :: GETon /api/license/6a3fe3a0bb9b553fbff1ab21   304  23ms
2026/7/31   19:4:51s :: GETon /api/license/6a3fe3a0bb9b553fbff1ab21   304  18ms
2026/7/31   19:5:3s :: GETon /api/license   200  43ms
2026/7/31   19:5:20s :: PUTon /api/license/6a3fe3a0bb9b553fbff1ab21/verify   200  27ms
2026/7/31   19:5:20s :: GETon /api/license/6a3fe3a0bb9b553fbff1ab21   304  26ms
2026/7/31   19:6:21s :: GETon /api/license   200  38ms
2026/7/31   19:6:54s :: GETon /api/nagarikta   304  17ms
2026/7/31   19:7:4s :: GETon /api/vehicle   304  54ms
2026/7/31   19:7:24s :: POSTon /api/vehicle   404  32ms
2026/7/31   19:7:24s :: GETon /api/vehicle   304  30ms
2026/7/31   19:7:30s :: GETon /api/booking   304  109ms
2026/7/31   19:7:39s :: GETon /api/booking   304  65ms
2026/7/31   19:7:41s :: GETon /api/booking   304  57ms
2026/7/31   19:9:23s :: GETon /api/vehicle   304  25ms
2026/7/31   19:12:47s :: GETon /api/booking/6a3353210dc3ba292b82adf5   401  2ms
2026/7/31   19:12:47s :: GETon /api/booking/6a3353210dc3ba292b82adf5/get-payment-details   401  1ms
2026/7/31   19:12:53s :: GETon /api/vehicle   304  16ms
2026/7/31   19:13:17s :: POSTon /api/booking   401  1ms
2026/7/31   19:13:25s :: POSTon /api/auth/logout   401  4ms
2026/7/31   19:13:45s :: POSTon /api/auth/login   400  10ms
2026/7/31   19:14:27s :: POSTon /api/auth/login   400  277ms
2026/7/31   19:14:43s :: POSTon /api/auth/login   400  262ms
2026/7/31   19:16:35s :: POSTon /api/auth/register   201  172ms
2026/7/31   19:16:35s :: GETon /api/vehicle   304  62ms
2026/7/31   19:16:57s :: GETon /api/vehicle   304  25ms
2026/7/31   19:17:40s :: GETon /api/vehicle   304  17ms
2026/7/31   19:17:45s :: GETon /api/vehicle/69cd3d3786e74125f33da519   304  17ms
2026/7/31   19:17:52s :: GETon /api/vehicle/69c5ed4b192665c2c1779cad   304  14ms
2026/7/31   19:17:55s :: GETon /api/vehicle/69c5ed7b192665c2c1779cb7   304  15ms
2026/7/31   19:18:18s :: GETon /api/nagarikta/mystatus   404  14ms
2026/7/31   19:18:44s :: GETon /api/nagarikta/mystatus   404  10ms
2026/8/1   6:52:53s :: GETon /api/vehicle   304  295ms
2026/8/1   6:55:8s :: GETon /api/booking   304  114ms
2026/8/1   6:55:18s :: GETon /api/booking   304  67ms
2026/8/1   6:55:21s :: GETon /api/vehicle   304  44ms
2026/8/1   6:55:38s :: GETon /api/nagarikta   304  43ms
2026/8/1   6:55:44s :: GETon /api/license   304  40ms
2026/8/1   6:55:57s :: GETon /api/booking   304  80ms
2026/8/1   6:56:6s :: GETon /api/vehicle   304  28ms
2026/8/1   7:0:59s :: GETon /api/vehicle   304  8ms
2026/8/1   7:1:7s :: GETon /api/vehicle   304  10ms
2026/8/1   7:5:49s :: GETon /api/nagarikta/mystatus   404  8ms
2026/8/1   7:8:48s :: GETon /api/vehicle   304  8ms
2026/8/1   7:15:4s :: GETon /api/nagarikta   304  29ms
2026/8/1   7:15:9s :: GETon /api/license   304  46ms
2026/8/1   7:15:15s :: GETon /api/license/6a4f8de6cb7b366edeaa69e7   200  26ms
2026/8/1   7:25:0s :: GETon /api/license/6a4f8de6cb7b366edeaa69e7   304  10ms
2026/8/1   7:25:3s :: PUTon /api/license/6a4f8de6cb7b366edeaa69e7/verify   200  25ms
2026/8/1   7:25:3s :: GETon /api/license/6a4f8de6cb7b366edeaa69e7   304  26ms
2026/8/1   7:25:22s :: GETon /api/license   200  48ms
2026/8/1   7:25:30s :: PUTon /api/license/6a4f8de6cb7b366edeaa69e7/verify   200  26ms
2026/8/1   7:25:30s :: GETon /api/license/6a4f8de6cb7b366edeaa69e7   304  23ms
2026/8/1   7:34:7s :: GETon /api/license/6a4f8de6cb7b366edeaa69e7   304  15ms
2026/8/1   7:38:58s :: GETon /api/license/6a4f8de6cb7b366edeaa69e7   304  10ms
2026/8/1   7:39:12s :: GETon /api/license/6a4f8de6cb7b366edeaa69e7   304  9ms
2026/8/1   7:41:11s :: GETon /api/license/6a4f8de6cb7b366edeaa69e7   304  13ms
2026/8/1   7:43:33s :: GETon /api/license   200  41ms
2026/8/1   7:43:42s :: GETon /api/license/6a3a8c4108261aafee7e0e09   304  11ms
2026/8/1   7:46:39s :: GETon /api/license   304  39ms
2026/8/1   7:46:43s :: GETon /api/license/6a3a8c4108261aafee7e0e09   304  22ms
2026/8/1   7:55:48s :: GETon /api/license   304  164ms
2026/8/1   7:56:10s :: GETon /api/nagarikta   304  25ms
2026/8/1   7:56:20s :: GETon /api/booking   304  123ms
2026/8/1   7:56:34s :: GETon /api/vehicle   304  92ms
2026/8/1   7:58:54s :: GETon /api/license   304  131ms
2026/8/1   7:58:59s :: GETon /api/license/6a6452af7fb36f2ac489966e   200  38ms
2026/8/1   8:4:5s :: GETon /api/license   304  61ms
2026/8/1   8:4:31s :: GETon /api/license/6a3fe3a0bb9b553fbff1ab21   200  32ms
2026/8/1   8:5:30s :: GETon /api/vehicle   304  57ms
2026/8/1   8:9:2s :: GETon /api/vehicle   304  40ms
2026/8/1   8:20:16s :: GETon /api/vehicle   304  11ms
2026/8/1   8:23:13s :: GETon /api/vehicle   304  30ms
2026/8/1   8:23:43s :: GETon /api/vehicle   304  43ms
2026/8/1   8:28:20s :: GETon /api/vehicle   304  16ms
2026/8/1   8:29:6s :: POSTon /api/vehicle   404  22ms
2026/8/1   8:29:7s :: GETon /api/vehicle   304  29ms
2026/8/1   8:32:38s :: GETon /api/license   304  46ms
2026/8/1   8:32:42s :: GETon /api/license/6a6452af7fb36f2ac489966e   304  33ms
2026/8/1   8:34:6s :: GETon /api/vehicle   304  27ms
2026/8/1   8:34:40s :: GETon /api/vehicle   304  22ms
2026/8/1   9:46:43s :: GETon /api/vehicle   304  341ms
2026/8/1   9:47:13s :: DELETEon /api/vehicle/6a661577598c44e93a943ac5/delete   200  126ms
2026/8/1   9:47:13s :: GETon /api/vehicle   200  22ms
2026/8/1   9:47:19s :: DELETEon /api/vehicle/6a660e79eb703c4c67d412c7/delete   200  30ms
2026/8/1   9:47:20s :: GETon /api/vehicle   200  49ms
2026/8/1   11:44:24s :: GETon /api/vehicle   304  123ms
2026/8/1   12:1:36s :: GETon /api/vehicle   304  135ms
2026/8/1   12:5:3s :: GETon /api/vehicle   304  31ms
2026/8/1   12:5:26s :: POSTon /api/vehicle   200  204ms
2026/8/1   12:5:26s :: GETon /api/vehicle   200  21ms
2026/8/1   12:8:45s :: GETon /api/vehicle   304  37ms
2026/8/1   12:10:17s :: GETon /api/vehicle   304  17ms
2026/8/1   12:53:13s :: GETon /api/vehicle   304  231ms
2026/8/1   12:53:20s :: GETon /api/vehicle/undefined   500  29ms
2026/8/1   12:56:41s :: GETon /api/vehicle/undefined   500  3ms
2026/8/1   12:57:9s :: GETon /api/vehicle/undefined   500  1ms
2026/8/1   13:0:24s :: GETon /api/vehicle/undefined   500  3ms
2026/8/1   13:0:25s :: GETon /api/vehicle/undefined   500  4ms
2026/8/1   13:0:26s :: GETon /api/vehicle/undefined   500  2ms
2026/8/1   13:3:29s :: GETon /api/vehicle   304  121ms
2026/8/1   13:3:36s :: GETon /api/vehicle/undefined   500  14ms
2026/8/1   13:15:37s :: GETon /api/vehicle   304  51ms
2026/8/1   13:15:48s :: GETon /api/vehicle/undefined   500  9ms
2026/8/1   13:15:58s :: GETon /api/vehicle   304  52ms
2026/8/1   13:16:3s :: GETon /api/vehicle/undefined   500  7ms
2026/8/1   13:20:21s :: GETon /api/vehicle/undefined   500  2ms
